resource,key,text
_3S.CoDeSys.Compiler35220.Resources.CompilerStrings.zh-CHS.resources,AffectionCopied,"已复制的旧值"
_3S.CoDeSys.Compiler35220.Resources.CompilerStrings.zh-CHS.resources,AffectionInitialized,"已初始化"
_3S.CoDeSys.Compiler35220.Resources.CompilerStrings.zh-CHS.resources,AffectionInitNewVariables,"新变量初始化"
_3S.CoDeSys.Compiler35220.Resources.CompilerStrings.zh-CHS.resources,AffectionLocationChanged,"位置已更改"
_3S.CoDeSys.Compiler35220.Resources.CompilerStrings.zh-CHS.resources,AffectionVFTableInitialized,"初始化的虚函数表"
_3S.CoDeSys.Compiler35220.Resources.CompilerStrings.zh-CHS.resources,And_Text,"和"
_3S.CoDeSys.Compiler35220.Resources.CompilerStrings.zh-CHS.resources,Area_Output_Checked,"{0}所需大小：{1}字节（可用大小：{2}字节）"
_3S.CoDeSys.Compiler35220.Resources.CompilerStrings.zh-CHS.resources,Area_Output_Checked_Exceeded,"{0}的大小超过：{1}字节（可用大小：{2}字节）"
_3S.CoDeSys.Compiler35220.Resources.CompilerStrings.zh-CHS.resources,Area_Output_Info,"内存区域{0}包含{1}：大小：{2}字节，最高使用的地址：{3}，最大连续存储器间距：{4}字节（{5}％）"
_3S.CoDeSys.Compiler35220.Resources.CompilerStrings.zh-CHS.resources,Area_Output_Info_Simple,"内存区域{0}包含{1}：最大的连续存储器间距：{2}（{3}％）"
_3S.CoDeSys.Compiler35220.Resources.CompilerStrings.zh-CHS.resources,Area_Output_Info_Simple_2,"内存区域{0}包含{1}:大小:{2} bytes,最大连续内存间隙:{3}bytes ({4} %)"
_3S.CoDeSys.Compiler35220.Resources.CompilerStrings.zh-CHS.resources,AttributeHasNoEffect,"(属性没有效果)"
_3S.CoDeSys.Compiler35220.Resources.CompilerStrings.zh-CHS.resources,Build,"编译"
_3S.CoDeSys.Compiler35220.Resources.CompilerStrings.zh-CHS.resources,BuildCompleteErrors,"构建完整--{0}错误,{1}警告:不能下载"
_3S.CoDeSys.Compiler35220.Resources.CompilerStrings.zh-CHS.resources,BuildCompleteOK,"构建完整--{0}错误,{1}警告:准备下载"
_3S.CoDeSys.Compiler35220.Resources.CompilerStrings.zh-CHS.resources,BuildStarted,"------ 开始构建应用程序 {0} -------"
_3S.CoDeSys.Compiler35220.Resources.CompilerStrings.zh-CHS.resources,Code_Text,"代码"
_3S.CoDeSys.Compiler35220.Resources.CompilerStrings.zh-CHS.resources,CodeNoChange,"代码未改变。不需要在线更改。"
_3S.CoDeSys.Compiler35220.Resources.CompilerStrings.zh-CHS.resources,CodeSizeOutput,"生成代码的大小:  {0} 字节"
_3S.CoDeSys.Compiler35220.Resources.CompilerStrings.zh-CHS.resources,Constant,"常量"
_3S.CoDeSys.Compiler35220.Resources.CompilerStrings.zh-CHS.resources,Data_Text,"数据"
_3S.CoDeSys.Compiler35220.Resources.CompilerStrings.zh-CHS.resources,DataSizeOutput,"全局数据的大小: {0} 字节"
_3S.CoDeSys.Compiler35220.Resources.CompilerStrings.zh-CHS.resources,DoCodeTypification,"代码典型化"
_3S.CoDeSys.Compiler35220.Resources.CompilerStrings.zh-CHS.resources,DoLocation,"定位全局数据"
_3S.CoDeSys.Compiler35220.Resources.CompilerStrings.zh-CHS.resources,DoTypification,"典型化"
_3S.CoDeSys.Compiler35220.Resources.CompilerStrings.zh-CHS.resources,Err_NoCodegeneratorDetailed,"创建代码生成器失败： 未安装所需的附加组件""{0}""。"
_3S.CoDeSys.Compiler35220.Resources.CompilerStrings.zh-CHS.resources,Err_NoMemoryAllocationCallbackDetailed,"创建内存分配器失败： 未安装所需的附加组件""{0}""。"
_3S.CoDeSys.Compiler35220.Resources.CompilerStrings.zh-CHS.resources,ErrNoApplication,"未发现应用程序"
_3S.CoDeSys.Compiler35220.Resources.CompilerStrings.zh-CHS.resources,Error_Check_ImplicitParameter_MissingDefault,"隐式参数需要为输入指定默认值."
_3S.CoDeSys.Compiler35220.Resources.CompilerStrings.zh-CHS.resources,Error_Check_ImplicitParameter_UnknownKind,"未知类型的隐式参数'{0}',必须是{1}中的一个."
_3S.CoDeSys.Compiler35220.Resources.CompilerStrings.zh-CHS.resources,Error_Check_ImplicitParameter_WrongPouType,"隐式参数只能应用于函数和方法的输入."
_3S.CoDeSys.Compiler35220.Resources.CompilerStrings.zh-CHS.resources,Error_Check_ImplicitParameter_WrongVarKind,"隐式参数只能应用于VAR_INPUT变量."
_3S.CoDeSys.Compiler35220.Resources.CompilerStrings.zh-CHS.resources,Error_Check_ImplicitParameter_WrongVarType,"隐式参数只能应用于字符串类型或指向字符串的指针类型的变量."
_3S.CoDeSys.Compiler35220.Resources.CompilerStrings.zh-CHS.resources,ErrorLimitExceeded,"多于{0}个错误：跳过所有进一步的错误信息"
_3S.CoDeSys.Compiler35220.Resources.CompilerStrings.zh-CHS.resources,Except_Boot_Project_Error,"此状态下启动项目无法使用:应用程序内存不足.首先执行完全下载."
_3S.CoDeSys.Compiler35220.Resources.CompilerStrings.zh-CHS.resources,Except_Boot_Project_Error_Error_In_Compile,"此状态下启动项目无法使用:创建启动项目信息出错.请参阅消息窗口."
_3S.CoDeSys.Compiler35220.Resources.CompilerStrings.zh-CHS.resources,GenerateCode,"为{0}生成代码 ..."
_3S.CoDeSys.Compiler35220.Resources.CompilerStrings.zh-CHS.resources,GenerateCodeInit,"生成代码初始化..."
_3S.CoDeSys.Compiler35220.Resources.CompilerStrings.zh-CHS.resources,GenerateCodeProgress,"生成代码..."
_3S.CoDeSys.Compiler35220.Resources.CompilerStrings.zh-CHS.resources,GenerateGlobalInit,"生成全局初始化..."
_3S.CoDeSys.Compiler35220.Resources.CompilerStrings.zh-CHS.resources,GenerateRelocations,"生成重定位..."
_3S.CoDeSys.Compiler35220.Resources.CompilerStrings.zh-CHS.resources,GeneratingCode,"生成代码..."
_3S.CoDeSys.Compiler35220.Resources.CompilerStrings.zh-CHS.resources,GlobalInitErrorPrefix,"隐式初始化代码中的错误："
_3S.CoDeSys.Compiler35220.Resources.CompilerStrings.zh-CHS.resources,Input_Text,"输入"
_3S.CoDeSys.Compiler35220.Resources.CompilerStrings.zh-CHS.resources,InterfaceReferencesAffected,"重定向时下列接口引用已被测试："
_3S.CoDeSys.Compiler35220.Resources.CompilerStrings.zh-CHS.resources,InterfacesChanged,"下列POU接口已被更改："
_3S.CoDeSys.Compiler35220.Resources.CompilerStrings.zh-CHS.resources,Literal,"确切的"
_3S.CoDeSys.Compiler35220.Resources.CompilerStrings.zh-CHS.resources,Memory_Text,"内存"
_3S.CoDeSys.Compiler35220.Resources.CompilerStrings.zh-CHS.resources,NonSafety_Text,"不安全行为"
_3S.CoDeSys.Compiler35220.Resources.CompilerStrings.zh-CHS.resources,NumInterfacesChanged,"POU的{0}个接口已被更改"
_3S.CoDeSys.Compiler35220.Resources.CompilerStrings.zh-CHS.resources,NumInterfacesToTest,"重定向后{0}个接口引用已被测试"
_3S.CoDeSys.Compiler35220.Resources.CompilerStrings.zh-CHS.resources,NumPOUsDownloaded,"{0}个POU修改了代码"
_3S.CoDeSys.Compiler35220.Resources.CompilerStrings.zh-CHS.resources,NumVariablesAffected,"在线修改影响{0}个变量,{1}个修改了位置,{2}个初始化,{3}个复制,{4}个初始化了虚函数表"
_3S.CoDeSys.Compiler35220.Resources.CompilerStrings.zh-CHS.resources,Output_Text,"输出"
_3S.CoDeSys.Compiler35220.Resources.CompilerStrings.zh-CHS.resources,Persistent_Text,"持久性数据"
_3S.CoDeSys.Compiler35220.Resources.CompilerStrings.zh-CHS.resources,PersistenVariablesChanged,"永久变量被改变!是否用当前列表进行初始化?\n是:当前列表将被初始化，所有永久变量的当前值被覆盖.\n否:已存在的永久变量值将被保持并被使用.\n警告:永久变量不一定与这些值相匹配,你必须手动检查这些值!"
_3S.CoDeSys.Compiler35220.Resources.CompilerStrings.zh-CHS.resources,POUsDownloaded,"下列POU的代码将会被下载"
_3S.CoDeSys.Compiler35220.Resources.CompilerStrings.zh-CHS.resources,POUUnit,"POU"
_3S.CoDeSys.Compiler35220.Resources.CompilerStrings.zh-CHS.resources,ProjectUpToDate,"此应用程序是最新的"
_3S.CoDeSys.Compiler35220.Resources.CompilerStrings.zh-CHS.resources,Retain_Text,"保留数据"
_3S.CoDeSys.Compiler35220.Resources.CompilerStrings.zh-CHS.resources,StoppingPrecompileChecks,"停止预编译检查…"
_3S.CoDeSys.Compiler35220.Resources.CompilerStrings.zh-CHS.resources,TooLongStringLiteralHint,"...({0} 更多字符)..."
_3S.CoDeSys.Compiler35220.Resources.CompilerStrings.zh-CHS.resources,TotalMemorySizeCodeAndData,"为代码和数据分配的总内存大小: {0} 字节"
_3S.CoDeSys.Compiler35220.Resources.CompilerStrings.zh-CHS.resources,TypifyAll,"代码典型化..."
_3S.CoDeSys.Compiler35220.Resources.CompilerStrings.zh-CHS.resources,UnknownMacroText,"未知"
_3S.CoDeSys.Compiler35220.Resources.CompilerStrings.zh-CHS.resources,VariablesAffected,"在线修改会影响到下列变量："
_3S.CoDeSys.Compiler35220.Resources.CompilerStrings.zh-CHS.resources,WaitForDownloadInfoSaving,"等待编译信息文件的写入完成"
_3S.CoDeSys.Compiler35220.Resources.CompilerStrings.zh-CHS.resources,WarningLimitExceeded,"多于{0}个警告：跳过所有进一步警告信息"
_3S.CoDeSys.Compiler35220.Resources.ErrorMessages.zh-CHS.resources,Err_AbstractAndFinalNotPossible,"方法或功能块不能同时定义为ABSTRACT和FINAL"
_3S.CoDeSys.Compiler35220.Resources.ErrorMessages.zh-CHS.resources,Err_AbstractAndPrivateNotPossible,"一个 PRIVATE 属性的方法不能选择为ABSTRACT属性"
_3S.CoDeSys.Compiler35220.Resources.ErrorMessages.zh-CHS.resources,Err_AbstractFunctionBlockAssigned,"功能块{0}属性是ABSTRACT,不能用作赋值的目标"
_3S.CoDeSys.Compiler35220.Resources.ErrorMessages.zh-CHS.resources,Err_AbstractFunctionBlockInstance,"功能块{0}为ABSTRACT时，不能被实例化"
_3S.CoDeSys.Compiler35220.Resources.ErrorMessages.zh-CHS.resources,Err_AbstractMethodMustNotContainAnyStatements,"ABSTRACT方法 {0}.{1} 不能包含任何声明"
_3S.CoDeSys.Compiler35220.Resources.ErrorMessages.zh-CHS.resources,Err_AbstractMethodNotImplemented,"功能块'{1}'中定义的ABSTRACT方法'{0}'没有实现"
_3S.CoDeSys.Compiler35220.Resources.ErrorMessages.zh-CHS.resources,Err_AbstractMethodOnlyInAbstractFunctionblock,"ABSTRACT方法{0}要求功能块{1}也是ABSTRACT的"
_3S.CoDeSys.Compiler35220.Resources.ErrorMessages.zh-CHS.resources,Err_AbstractMethodStaticCall,"ABSTRACT方法'{0}'不能使用静态调用来调用"
_3S.CoDeSys.Compiler35220.Resources.ErrorMessages.zh-CHS.resources,Err_AbstractOnFunctionBlocksAndMethodsOnly,"ABSTRACT只能应用在方法和功能块上"
_3S.CoDeSys.Compiler35220.Resources.ErrorMessages.zh-CHS.resources,Err_AbstractPropertyNotImplemented,"在功能块'{2}'中定义的ABSTRACT属性'{1}'的{0}没有实现"
_3S.CoDeSys.Compiler35220.Resources.ErrorMessages.zh-CHS.resources,Err_AbstractPropertyStaticCall,"ABSTRACT属性“{0}”不能被静态访问"
_3S.CoDeSys.Compiler35220.Resources.ErrorMessages.zh-CHS.resources,Err_AbstractWrongVarInMethod,"ABSTRACT方法中只允许输入、输出和输入"
_3S.CoDeSys.Compiler35220.Resources.ErrorMessages.zh-CHS.resources,Err_AccessOutsideOfCall,"'{1}'的输入 '{0}'  不能在调用之外存取"
_3S.CoDeSys.Compiler35220.Resources.ErrorMessages.zh-CHS.resources,Err_AccessToInternalObject,"无法访问{1}库的内部对象{0}"
_3S.CoDeSys.Compiler35220.Resources.ErrorMessages.zh-CHS.resources,Err_AccessToInternalProperty,"无法访问库{1}的内部属性{0}"
_3S.CoDeSys.Compiler35220.Resources.ErrorMessages.zh-CHS.resources,Err_AccessToInternalVariable,"无法访问库{1}的内部变量{0}"
_3S.CoDeSys.Compiler35220.Resources.ErrorMessages.zh-CHS.resources,Err_AccessVarInstFromOutsideTheDeclaringMethod,"无法从声明方法外部访问变量实例'{0}'的'{1}'"
_3S.CoDeSys.Compiler35220.Resources.ErrorMessages.zh-CHS.resources,Err_AddressExpected,"""AT"" 后面应该用直接地址而不是{0}"
_3S.CoDeSys.Compiler35220.Resources.ErrorMessages.zh-CHS.resources,Err_AddressMisaligned,"对数据类型{1}来说地址 {0}未对齐"
_3S.CoDeSys.Compiler35220.Resources.ErrorMessages.zh-CHS.resources,Err_AddressOfNonInstanceVar,"在地址表达式 '{0}'中需要实例而不是类型名称"
_3S.CoDeSys.Compiler35220.Resources.ErrorMessages.zh-CHS.resources,Err_AddressOutOfRange,"地址 '{0}' 超界: 计算的偏移量:{1}字节, 分配的大小:{2}字节"
_3S.CoDeSys.Compiler35220.Resources.ErrorMessages.zh-CHS.resources,Err_AddressSourceIsAddressDest,"变量 '{0}'位于地址 '{1}'.在这个地址变量'{2}'现在被定位.在线更改不可能实现此更改."
_3S.CoDeSys.Compiler35220.Resources.ErrorMessages.zh-CHS.resources,Err_Ambiguity,"名称 '{0}'的使用不明确"
_3S.CoDeSys.Compiler35220.Resources.ErrorMessages.zh-CHS.resources,Err_AnyTypeOnlyInFunction,"变量类型为'{0}'只允许输入功能。"
_3S.CoDeSys.Compiler35220.Resources.ErrorMessages.zh-CHS.resources,Err_ApplicationConflict,"在设备'{1}'上有两个应用有相同的名称'{0}' "
_3S.CoDeSys.Compiler35220.Resources.ErrorMessages.zh-CHS.resources,Err_ArrayBorderIsNoConstant,"数组边界 '{0}' 不是常量数值"
_3S.CoDeSys.Compiler35220.Resources.ErrorMessages.zh-CHS.resources,Err_ArrayBorderNoValidSignedInteger,"数组边界{0}没有计算为有效的有符号整数常量"
_3S.CoDeSys.Compiler35220.Resources.ErrorMessages.zh-CHS.resources,Err_ArrayIndexNumWrong,"数组精确要求 {0} 个索引"
_3S.CoDeSys.Compiler35220.Resources.ErrorMessages.zh-CHS.resources,Err_ArrayInitialisationCountNoConstant,"数组初始化号码'{0}'不是恒定值"
_3S.CoDeSys.Compiler35220.Resources.ErrorMessages.zh-CHS.resources,Err_ArrayInitialisationNotPossible,"数组初始化的数字'{0}'不是常量值"
_3S.CoDeSys.Compiler35220.Resources.ErrorMessages.zh-CHS.resources,Err_ArrayInitializationExpected,"需要数组初始化"
_3S.CoDeSys.Compiler35220.Resources.ErrorMessages.zh-CHS.resources,Err_ATDeclarationNotAllowed,"AT声明只允许在VAR部分中"
_3S.CoDeSys.Compiler35220.Resources.ErrorMessages.zh-CHS.resources,Err_AtLeastOneExpected,"应输入至少一条语句"
_3S.CoDeSys.Compiler35220.Resources.ErrorMessages.zh-CHS.resources,Err_AttributeNameExpected,"应该采用单字节字符串作为属性值来取代'{0}'"
_3S.CoDeSys.Compiler35220.Resources.ErrorMessages.zh-CHS.resources,Err_AttributeNotAllowedFor,"属性 '{0}'不允许用于 '{1}'"
_3S.CoDeSys.Compiler35220.Resources.ErrorMessages.zh-CHS.resources,Err_AttributeNotValidForNonExternalPOU,"属性'{0}'对于非外部POU无效"
_3S.CoDeSys.Compiler35220.Resources.ErrorMessages.zh-CHS.resources,Err_BaseClassNotFound,"对于基类 '{0}'没有发现定义"
_3S.CoDeSys.Compiler35220.Resources.ErrorMessages.zh-CHS.resources,Err_BaseNotAllowed,"在此处上下文中，不允许表达式SUPER"
_3S.CoDeSys.Compiler35220.Resources.ErrorMessages.zh-CHS.resources,Err_Bitaccessnoconst,"位访问需要文字或符号的整数常量"
_3S.CoDeSys.Compiler35220.Resources.ErrorMessages.zh-CHS.resources,Err_BitAccessOnlyOnInt,"位访问只能在整数类型上使用"
_3S.CoDeSys.Compiler35220.Resources.ErrorMessages.zh-CHS.resources,Err_BitAdrOnOperation,"操作符'BITADR'只能在变量上，不能在操作上"
_3S.CoDeSys.Compiler35220.Resources.ErrorMessages.zh-CHS.resources,Err_BitNrOverflow,"'{0}' 是'{1}'中的无效位"
_3S.CoDeSys.Compiler35220.Resources.ErrorMessages.zh-CHS.resources,Err_BitsForStructureOnly,"只有结构和功能块才能包含BIT类型的变量。"
_3S.CoDeSys.Compiler35220.Resources.ErrorMessages.zh-CHS.resources,Err_BitsWrongScope,"类型为BIT的变量必须声明在VAR_INPUT, VAR_OUTPUT 或VAR-block之内"
_3S.CoDeSys.Compiler35220.Resources.ErrorMessages.zh-CHS.resources,Err_BlobInitError,"需要常数值替代'{0}'"
_3S.CoDeSys.Compiler35220.Resources.ErrorMessages.zh-CHS.resources,Err_CalcNeedsCall,"条件调用的第二个参数必须是有效的调用语句"
_3S.CoDeSys.Compiler35220.Resources.ErrorMessages.zh-CHS.resources,Err_CallAfterInitHasInputs,"标记为'{0}'的方法不能进行任何输入"
_3S.CoDeSys.Compiler35220.Resources.ErrorMessages.zh-CHS.resources,Err_CalleeInvalidType,"需要程序名、函数或功能块实例替代 '{0}'"
_3S.CoDeSys.Compiler35220.Resources.ErrorMessages.zh-CHS.resources,Err_CallOfPrivateMethod,"无法访问私有方法{0}.{1}"
_3S.CoDeSys.Compiler35220.Resources.ErrorMessages.zh-CHS.resources,Err_CallOfPrivateProperty,"不能访问私人属性 {0}.{1}"
_3S.CoDeSys.Compiler35220.Resources.ErrorMessages.zh-CHS.resources,Err_CallOfProtectedMethod,"无法访问受保护的方法{0}.{1}"
_3S.CoDeSys.Compiler35220.Resources.ErrorMessages.zh-CHS.resources,Err_CallOfProtectedProperty,"不能访问受保护的属性{0}.{1}"
_3S.CoDeSys.Compiler35220.Resources.ErrorMessages.zh-CHS.resources,Err_CallRecursion,"调用递归:{0}"
_3S.CoDeSys.Compiler35220.Resources.ErrorMessages.zh-CHS.resources,Err_CancelledByUser,"用户取消编译"
_3S.CoDeSys.Compiler35220.Resources.ErrorMessages.zh-CHS.resources,Err_CannotAddMultipleTime,"不能添加多个类型为'{0}'的操作数"
_3S.CoDeSys.Compiler35220.Resources.ErrorMessages.zh-CHS.resources,Err_CannotMultiplyMultipleTime,"不能对类型 '{0}'的多个操作数进行乘法运算"
_3S.CoDeSys.Compiler35220.Resources.ErrorMessages.zh-CHS.resources,Err_CantHaveBaseClass,"关键字extends并不适用于类型{0}"
_3S.CoDeSys.Compiler35220.Resources.ErrorMessages.zh-CHS.resources,Err_CaseLabelDuplicate,"重复的Case标号"
_3S.CoDeSys.Compiler35220.Resources.ErrorMessages.zh-CHS.resources,Err_CaseLabelInCaseRange,"CASE 标号 {0} 还被包括在范围{1} .. {2}之内"
_3S.CoDeSys.Compiler35220.Resources.ErrorMessages.zh-CHS.resources,Err_CaseLabelNoConstant,"CASE标号要求文字或符号整型常量"
_3S.CoDeSys.Compiler35220.Resources.ErrorMessages.zh-CHS.resources,Err_CaseLabelOutsideOfCase,"CASE标号不是case语句的组成部分"
_3S.CoDeSys.Compiler35220.Resources.ErrorMessages.zh-CHS.resources,Err_CaseRangesOverlapping,"CASE 包含交叉范围{0} .. {1}和{2} .. {3}"
_3S.CoDeSys.Compiler35220.Resources.ErrorMessages.zh-CHS.resources,Err_CheckLicenseNeedsSysTarget,"__CHECKLICENSE运算符需要SysTarget和3S许可证库"
_3S.CoDeSys.Compiler35220.Resources.ErrorMessages.zh-CHS.resources,Err_CompareNotPossible1,"不可能比较类型'{0}'的对象"
_3S.CoDeSys.Compiler35220.Resources.ErrorMessages.zh-CHS.resources,Err_CompareNotPossible2,"不可能比较类型'{0}' 或 '{1}'的对象"
_3S.CoDeSys.Compiler35220.Resources.ErrorMessages.zh-CHS.resources,Err_ComparisonOperatorExpected,"需要比较运算符而不是'{0}'"
_3S.CoDeSys.Compiler35220.Resources.ErrorMessages.zh-CHS.resources,Err_CompilerVersionError,"编译器版本{0}已撤消.请使用更高版本的编译器."
_3S.CoDeSys.Compiler35220.Resources.ErrorMessages.zh-CHS.resources,Err_CompoAccessNoStruct,"'{0}' 不是结构化变量"
_3S.CoDeSys.Compiler35220.Resources.ErrorMessages.zh-CHS.resources,Err_ConditionExpected,"应输入条件"
_3S.CoDeSys.Compiler35220.Resources.ErrorMessages.zh-CHS.resources,Err_ConstantIndexOutOfRange,"常量索引 '{0}' 不在范围'{1}' 到 '{2}'之间"
_3S.CoDeSys.Compiler35220.Resources.ErrorMessages.zh-CHS.resources,Err_ConstantOverflow,"常量 '{0}' 对于类型'{1}'太大"
_3S.CoDeSys.Compiler35220.Resources.ErrorMessages.zh-CHS.resources,Err_ContainsNoDefinition,"'{0}' 不包含'{1}'的定义"
_3S.CoDeSys.Compiler35220.Resources.ErrorMessages.zh-CHS.resources,Err_CounterStartExpected,"计数器应该初始化"
_3S.CoDeSys.Compiler35220.Resources.ErrorMessages.zh-CHS.resources,Err_DataRecursion,"数据递归: {0}"
_3S.CoDeSys.Compiler35220.Resources.ErrorMessages.zh-CHS.resources,Err_DeclarationKeywordNotAllowed,"此处不允许'{0}' "
_3S.CoDeSys.Compiler35220.Resources.ErrorMessages.zh-CHS.resources,Err_DefineValueExpected,"定义值应该取代'{0}'"
_3S.CoDeSys.Compiler35220.Resources.ErrorMessages.zh-CHS.resources,Err_DeleteNeedsPointer,"__DELETE操作数必须是指针"
_3S.CoDeSys.Compiler35220.Resources.ErrorMessages.zh-CHS.resources,Err_DerefNoPointer,"解引用需要指针"
_3S.CoDeSys.Compiler35220.Resources.ErrorMessages.zh-CHS.resources,Err_DeviceNameNoIdent,"设备名 '{0}' 无效（必须是有效的 IEC 61131-3标识符）"
_3S.CoDeSys.Compiler35220.Resources.ErrorMessages.zh-CHS.resources,Err_DeviceNotInstalled,"系统没有安装设备.不能生成代码."
_3S.CoDeSys.Compiler35220.Resources.ErrorMessages.zh-CHS.resources,Err_DivisionByZero,"除0"
_3S.CoDeSys.Compiler35220.Resources.ErrorMessages.zh-CHS.resources,Err_DuplicateElseInCaseStatement,"对CASE语句中的ELSE重定义"
_3S.CoDeSys.Compiler35220.Resources.ErrorMessages.zh-CHS.resources,Err_DuplicateLabelDefinition,"标号 '{0}' 是重复的"
_3S.CoDeSys.Compiler35220.Resources.ErrorMessages.zh-CHS.resources,Err_DuplicateVarConfig,"'{0}'重复VAR_CONFIG"
_3S.CoDeSys.Compiler35220.Resources.ErrorMessages.zh-CHS.resources,Err_DynamicMemoryNotSupported,"没有应用'{0}定义的'动态对象创建所需的内存"
_3S.CoDeSys.Compiler35220.Resources.ErrorMessages.zh-CHS.resources,Err_ExplicitTransitionAssignMissing,"转换代码包含多个语句.需要对转换输出变量进行显式赋值."
_3S.CoDeSys.Compiler35220.Resources.ErrorMessages.zh-CHS.resources,Err_ExpressionExpectedInstead,"应该用表达式代替 '{0}'"
_3S.CoDeSys.Compiler35220.Resources.ErrorMessages.zh-CHS.resources,Err_ExprNoConstantError,"需要常数值替代'{0}'"
_3S.CoDeSys.Compiler35220.Resources.ErrorMessages.zh-CHS.resources,Err_FCallExpectedPointerAsSecondArgument,"FCall的第二个参数必须是一个指向函数的指针."
_3S.CoDeSys.Compiler35220.Resources.ErrorMessages.zh-CHS.resources,Err_FCallWrongCallPatternSignature,"FCall的第一个参数必须是作为调用模式使用的签名类型."
_3S.CoDeSys.Compiler35220.Resources.ErrorMessages.zh-CHS.resources,Err_FCallWrongNumberOfArguments,"FCall需要2+{0}个参数."
_3S.CoDeSys.Compiler35220.Resources.ErrorMessages.zh-CHS.resources,Err_FeatureNotImplemented,"未实现要素'{0}'."
_3S.CoDeSys.Compiler35220.Resources.ErrorMessages.zh-CHS.resources,Err_FinalOnFunctionBlocksAndMethodsOnly,"FINAL仅适用于方法和功能块"
_3S.CoDeSys.Compiler35220.Resources.ErrorMessages.zh-CHS.resources,Err_FunctionBlockNeedsInstance,"功能块'{0}' 访问时必须被实例化"
_3S.CoDeSys.Compiler35220.Resources.ErrorMessages.zh-CHS.resources,Err_FunctionBlockNoLongerValid,"不再支持关键词 FUNCTIONBLOCK.使用 FUNCTION_BLOCK 来替换."
_3S.CoDeSys.Compiler35220.Resources.ErrorMessages.zh-CHS.resources,Err_FunctionCallMixedStyle,"在函数调用中，必须要么指明所有的参数，要么不指明参数"
_3S.CoDeSys.Compiler35220.Resources.ErrorMessages.zh-CHS.resources,Err_FunNeedsAtLeastNInputs,"函数'{0}'需要至少'{1}'和最大'{2}'输入"
_3S.CoDeSys.Compiler35220.Resources.ErrorMessages.zh-CHS.resources,Err_FunNeedsNInputs,"函数 '{0}' 需要'{1}'个输入"
_3S.CoDeSys.Compiler35220.Resources.ErrorMessages.zh-CHS.resources,Err_GeneratingVarInitializations,"变量的一个或多个初始值无效"
_3S.CoDeSys.Compiler35220.Resources.ErrorMessages.zh-CHS.resources,Err_GenericDeclarationProducesErrorInGeneratedCode,"类型声明 '{0}'会导致通用型功能块代码中的错误"
_3S.CoDeSys.Compiler35220.Resources.ErrorMessages.zh-CHS.resources,Err_GenericNoInitialValueSupported,"通用常量声明不支持初始值"
_3S.CoDeSys.Compiler35220.Resources.ErrorMessages.zh-CHS.resources,Err_GenericNoInteger,"通用型常量只允许使用整数类型"
_3S.CoDeSys.Compiler35220.Resources.ErrorMessages.zh-CHS.resources,Err_GenericNotConstant,"通用常量 '{1}' 的定义 '{0}' 不是常数值"
_3S.CoDeSys.Compiler35220.Resources.ErrorMessages.zh-CHS.resources,Err_GenericOnlyConst,"VAR_GENERIC声明中只支持CONSTANT通用型"
_3S.CoDeSys.Compiler35220.Resources.ErrorMessages.zh-CHS.resources,Err_GenericOnWrongPosition,"VAR_GENERIC声明只允许在功能块名称后面的Functionblocks中"
_3S.CoDeSys.Compiler35220.Resources.ErrorMessages.zh-CHS.resources,Err_GenericParamMissing,"泛型变量'{0}'缺少初始化"
_3S.CoDeSys.Compiler35220.Resources.ErrorMessages.zh-CHS.resources,Err_GenericParamsAllExplicitOrNone,"要么所有通用变量都需要显式赋值,要么没有"
_3S.CoDeSys.Compiler35220.Resources.ErrorMessages.zh-CHS.resources,Err_GenericParamUnknown,"'{0}'不是函数块'{1}'中声明的通用常量"
_3S.CoDeSys.Compiler35220.Resources.ErrorMessages.zh-CHS.resources,Err_GenericWrongNumberOfInitializer,"通用型功能块'{0}'期望有'{1}'个通用型常量定义"
_3S.CoDeSys.Compiler35220.Resources.ErrorMessages.zh-CHS.resources,Err_GlobalVariableListExpected,"期望VAR_GLOBAL 或VAR_CONFIG来替代{0}"
_3S.CoDeSys.Compiler35220.Resources.ErrorMessages.zh-CHS.resources,Err_IdentifierExpected,"需要标识符替代'{0}'"
_3S.CoDeSys.Compiler35220.Resources.ErrorMessages.zh-CHS.resources,Err_IdentNotDefined,"没有定义标识符'{0}' "
_3S.CoDeSys.Compiler35220.Resources.ErrorMessages.zh-CHS.resources,Err_IllegalOperator,"'{0}' 不是有效的ST-运算符"
_3S.CoDeSys.Compiler35220.Resources.ErrorMessages.zh-CHS.resources,Err_ImplicitEnumerationTypeNotExpected,"预计不会在这个地方隐含枚举类型"
_3S.CoDeSys.Compiler35220.Resources.ErrorMessages.zh-CHS.resources,Err_ImplicitMethodImplementationNotPublic,"功能块 '{0}':对方法'FB_Init'、'FB_Exit'和'FB_ReInit'的访问必须是PUBLIC"
_3S.CoDeSys.Compiler35220.Resources.ErrorMessages.zh-CHS.resources,Err_ImplicitMethodNameForVariable,"{0}是一个隐式生成的方法的名称，在功能块变量中是非法的"
_3S.CoDeSys.Compiler35220.Resources.ErrorMessages.zh-CHS.resources,Err_ImplicitReferenceTypeDeclNotAllowed,"在此位置不能声明隐式引用类型"
_3S.CoDeSys.Compiler35220.Resources.ErrorMessages.zh-CHS.resources,Err_ImplicitReferenceTypeOnlChangeError,"不能通过在线更改添加本地隐式引用类型"
_3S.CoDeSys.Compiler35220.Resources.ErrorMessages.zh-CHS.resources,Err_ImplicitRefTypeAllClassesNeedAttrib,"继承的函数块在属性'{0}'的使用上有所不同"
_3S.CoDeSys.Compiler35220.Resources.ErrorMessages.zh-CHS.resources,Err_ImplicitRefTypeDeclarationNotAllowed,"隐式引用类型'{0}'不能在此类型中声明"
_3S.CoDeSys.Compiler35220.Resources.ErrorMessages.zh-CHS.resources,Err_ImplicitRefTypeIsnotAllowedAsBase,"隐式引用类型不能是引用、指针和数组的基础类型"
_3S.CoDeSys.Compiler35220.Resources.ErrorMessages.zh-CHS.resources,Err_ImplicitRefTypeSignNotSupported,"只有功能块和结构体可以被标记为隐式引用类型"
_3S.CoDeSys.Compiler35220.Resources.ErrorMessages.zh-CHS.resources,Err_IncompletePOUDeclaration,"如果没有名称，POU声明是不完整的"
_3S.CoDeSys.Compiler35220.Resources.ErrorMessages.zh-CHS.resources,Err_InconsistentInheritanceOfCPPCompatibility,"c++兼容性的继承不一致.'{0}'缺少属性."
_3S.CoDeSys.Compiler35220.Resources.ErrorMessages.zh-CHS.resources,Err_InconsistentUseOfCPPCompatibility,"c++兼容性的使用不一致.'{0}'缺少属性."
_3S.CoDeSys.Compiler35220.Resources.ErrorMessages.zh-CHS.resources,Err_InconsistentUseOfCPPCompatibility_MissingParent,"c++兼容性使用不一致.父POU '{0}' 缺少属性."
_3S.CoDeSys.Compiler35220.Resources.ErrorMessages.zh-CHS.resources,Err_IndexingInvalid,"无法使用[]将索引应用于类型'{0}'的表达式"
_3S.CoDeSys.Compiler35220.Resources.ErrorMessages.zh-CHS.resources,Err_IndexNumWrong,"类型 '{0}'变量精确要求1索引."
_3S.CoDeSys.Compiler35220.Resources.ErrorMessages.zh-CHS.resources,Err_IndexOfNotSupported,"不支持操作符 INDEXOF .使用ADR来代替.用ADR对POU-NAME取地址获得指针的指针,指向函数代码."
_3S.CoDeSys.Compiler35220.Resources.ErrorMessages.zh-CHS.resources,Err_InheritanceError,"只允许在功能块、接口和结构中继承"
_3S.CoDeSys.Compiler35220.Resources.ErrorMessages.zh-CHS.resources,Err_IniNeedsUserdefType,"INI 操作符需要功能块实例或数据单元类型实例."
_3S.CoDeSys.Compiler35220.Resources.ErrorMessages.zh-CHS.resources,Err_InOutAccessOutside,"'{1}'不能外部访问 VAR_IN_OUT 参数 '{0}' ."
_3S.CoDeSys.Compiler35220.Resources.ErrorMessages.zh-CHS.resources,Err_InOutAssignedInActionCall,"VAR_IN_OUT {0}不能在本地动作调用'{1}'\n中指定"
_3S.CoDeSys.Compiler35220.Resources.ErrorMessages.zh-CHS.resources,Err_InOutNotAssigned,"必须在调用'{1}'时为VAR_IN_OUT'{0}'赋值"
_3S.CoDeSys.Compiler35220.Resources.ErrorMessages.zh-CHS.resources,Err_InOutParamNotEqual,"类型 '{0}' 不等于类型 VAR_IN_OUT '{2}'的'{1}' "
_3S.CoDeSys.Compiler35220.Resources.ErrorMessages.zh-CHS.resources,Err_InputMissing,"在调用'{1}'时对参数'{0}'缺少输入的赋值"
_3S.CoDeSys.Compiler35220.Resources.ErrorMessages.zh-CHS.resources,Err_InstanceNotAllowedInRetain,"保留数据中不允许'{0}'的实例"
_3S.CoDeSys.Compiler35220.Resources.ErrorMessages.zh-CHS.resources,Err_IntegerLiteralExpected,"期望是整型，而不是{0}"
_3S.CoDeSys.Compiler35220.Resources.ErrorMessages.zh-CHS.resources,Err_InterfaceChanged,"采用接口方法 '{0}' 覆盖接口'{1}',声明不匹配"
_3S.CoDeSys.Compiler35220.Resources.ErrorMessages.zh-CHS.resources,Err_InterfaceChanged_NumberOfInputsOutputsDifferent,"方法'{0}'的输入/输出数与接口'{1}'不对应."
_3S.CoDeSys.Compiler35220.Resources.ErrorMessages.zh-CHS.resources,Err_InterfaceChanged_VariableDifferent,"方法'{1}'中的变量'{0}'与接口'{2}'不对应."
_3S.CoDeSys.Compiler35220.Resources.ErrorMessages.zh-CHS.resources,Err_InterfaceChangedBase,"覆盖方法基'{1}'的 '{0}'  的接口与声明不匹配"
_3S.CoDeSys.Compiler35220.Resources.ErrorMessages.zh-CHS.resources,Err_InterfaceImplementationError,"只能采用功能块来实现接口"
_3S.CoDeSys.Compiler35220.Resources.ErrorMessages.zh-CHS.resources,Err_InterfaceMethodImplementationNotPublic,"功能块'{1}'的接口方式'{0}'的实现，必须是公开的"
_3S.CoDeSys.Compiler35220.Resources.ErrorMessages.zh-CHS.resources,Err_InterfaceNeedsInstance,"接口'{0}' 访问时必须被实例化"
_3S.CoDeSys.Compiler35220.Resources.ErrorMessages.zh-CHS.resources,Err_InterfaceNotFound,"接口 '{0}'没有定义"
_3S.CoDeSys.Compiler35220.Resources.ErrorMessages.zh-CHS.resources,Err_InternalErrorProhibitingOnlineChange,"内部错误{0}禁止在线更改！必须清理应用程序和下载."
_3S.CoDeSys.Compiler35220.Resources.ErrorMessages.zh-CHS.resources,Err_InvalidAccessPathForNamespaceAccess,"'{0}'不是有效的访问路径"
_3S.CoDeSys.Compiler35220.Resources.ErrorMessages.zh-CHS.resources,Err_InvalidBaseForGlobalScopeExpression,"全局范围操作 '.' 不允许在表达式'{0}'中进行"
_3S.CoDeSys.Compiler35220.Resources.ErrorMessages.zh-CHS.resources,Err_InvalidEnumBaseType,"只有整数类型被支持作为enum基础类型"
_3S.CoDeSys.Compiler35220.Resources.ErrorMessages.zh-CHS.resources,Err_InvalidEnumDefaultValue,"只有本地枚举成员可以用作枚举的默认初始值"
_3S.CoDeSys.Compiler35220.Resources.ErrorMessages.zh-CHS.resources,Err_InvalidInitialisationForArray,"{0}是常数{1}的无效初始化。常数的初始值必须是恒定的。"
_3S.CoDeSys.Compiler35220.Resources.ErrorMessages.zh-CHS.resources,Err_InvalidInitialisationForVarInst,"VAR_INST变量的初始值不能使用局部变量."
_3S.CoDeSys.Compiler35220.Resources.ErrorMessages.zh-CHS.resources,Err_InvalidJumpDestination,"JMP的无效目的{0} "
_3S.CoDeSys.Compiler35220.Resources.ErrorMessages.zh-CHS.resources,Err_InvalidLoopIncrement,"循环递增无效"
_3S.CoDeSys.Compiler35220.Resources.ErrorMessages.zh-CHS.resources,Err_InvalidNamespaceForNamespaceAccess,"'{0}'不是有效的命名空间访问"
_3S.CoDeSys.Compiler35220.Resources.ErrorMessages.zh-CHS.resources,Err_InvalidSignatureName,"名称 '{0}' 不是有效的标识符"
_3S.CoDeSys.Compiler35220.Resources.ErrorMessages.zh-CHS.resources,Err_IsNoInput,"'{0}' 不是'{1}'的输入"
_3S.CoDeSys.Compiler35220.Resources.ErrorMessages.zh-CHS.resources,Err_IsNoLValue,"'{0}'是无效的赋值目标"
_3S.CoDeSys.Compiler35220.Resources.ErrorMessages.zh-CHS.resources,Err_IsNoOutput,"'{0}' 不是'{1}'的输出"
_3S.CoDeSys.Compiler35220.Resources.ErrorMessages.zh-CHS.resources,Err_IsValidRefNeedsReference,"__ISVALIDREF的操作数必须为REFERENCE类型"
_3S.CoDeSys.Compiler35220.Resources.ErrorMessages.zh-CHS.resources,Err_LibNamespaceConflict,"库'{1}'的本地命名空间'{0}'隐藏库'{2}'的命名空间"
_3S.CoDeSys.Compiler35220.Resources.ErrorMessages.zh-CHS.resources,Err_LibraryConflict,"插入了两个名称{0}相同的库 '{1}"
_3S.CoDeSys.Compiler35220.Resources.ErrorMessages.zh-CHS.resources,Err_LibraryNamespaceNotValid,"库{1}的命名空间{0}不是有效标识符"
_3S.CoDeSys.Compiler35220.Resources.ErrorMessages.zh-CHS.resources,Err_LibraryWithUnicodeIdentifiers,"库'{0}'在Unicode标识符的支持下被保存，并且只能适用于项目也支持Unicode标识符的情况（请参阅编译选项）"
_3S.CoDeSys.Compiler35220.Resources.ErrorMessages.zh-CHS.resources,Err_LibSupports32BitOnly,"库'{0}'仅支持在32位应用程序中"
_3S.CoDeSys.Compiler35220.Resources.ErrorMessages.zh-CHS.resources,Err_LiteralExpected,"文字代替 '{0}'"
_3S.CoDeSys.Compiler35220.Resources.ErrorMessages.zh-CHS.resources,Err_LowerGreaterUpperBorder,"下限要比上限低"
_3S.CoDeSys.Compiler35220.Resources.ErrorMessages.zh-CHS.resources,Err_LowerUpperBoundOnVariableLengthArrayOnly,"操作符LOWER_BOUND和UPPER_BOUND只支持数组"
_3S.CoDeSys.Compiler35220.Resources.ErrorMessages.zh-CHS.resources,Err_LowerUpperBoundOperandNotExactly,"在这种情况下，{0}操作符的第二个操作数的值必须为1"
_3S.CoDeSys.Compiler35220.Resources.ErrorMessages.zh-CHS.resources,Err_LowerUpperBoundOperandNotInRange,"在这种情况下，{0}操作符的第二个操作数的值必须在1到{1}之间"
_3S.CoDeSys.Compiler35220.Resources.ErrorMessages.zh-CHS.resources,Err_LValueForAnyVar,"'{1}'的任何参数'{0}'需要以写访问作为输入的变量"
_3S.CoDeSys.Compiler35220.Resources.ErrorMessages.zh-CHS.resources,Err_LValueForReference,"引用赋值要求具有写访问的变量"
_3S.CoDeSys.Compiler35220.Resources.ErrorMessages.zh-CHS.resources,Err_LValueForVarinout,"'{1}'的VAR_IN_OUT参数'{0}'需要以写访问作为输入的变量"
_3S.CoDeSys.Compiler35220.Resources.ErrorMessages.zh-CHS.resources,Err_LValueForVarinoutStrings,"VAR_IN_OUT分别引用参数'{0}'和'{1}'需要有写权限的变量作为输入"
_3S.CoDeSys.Compiler35220.Resources.ErrorMessages.zh-CHS.resources,Err_LValueNoRefType,"只允许对引用类型变量进行引用赋值"
_3S.CoDeSys.Compiler35220.Resources.ErrorMessages.zh-CHS.resources,Err_MalformedAddress,"直接地址 '{0}' 有错"
_3S.CoDeSys.Compiler35220.Resources.ErrorMessages.zh-CHS.resources,Err_MappedVarWrittenInDiffTasks,"在地址{1}上映射的变量{0}写在不同的任务中"
_3S.CoDeSys.Compiler35220.Resources.ErrorMessages.zh-CHS.resources,Err_MaxArraySizeExceeded,"已超过最大阵列范围.请增加下边框或减少上边框."
_3S.CoDeSys.Compiler35220.Resources.ErrorMessages.zh-CHS.resources,Err_MaxNestingDepthExceeded,"最大嵌套深度已超出"
_3S.CoDeSys.Compiler35220.Resources.ErrorMessages.zh-CHS.resources,Err_MissingImplementationTerminator,"无法找到实现块的终止符'{0}'"
_3S.CoDeSys.Compiler35220.Resources.ErrorMessages.zh-CHS.resources,Err_MissingInstancePathForPersistent,"在VAR_PERSISTENT列表中没有为变量{0}找到匹配的实例路径.使用命令""添加所有实现路径""将所有实例路径添加到VAR_PERSISTENT列表中.(详见帮助)"
_3S.CoDeSys.Compiler35220.Resources.ErrorMessages.zh-CHS.resources,Err_MissingObjectForPersistent," VAR_PERSISTENT列表不是应用的一部分，输入变量{0}的实例路径"
_3S.CoDeSys.Compiler35220.Resources.ErrorMessages.zh-CHS.resources,Err_MissingParameterList,"{0} '{1}' 被引用时没有加括号'()'"
_3S.CoDeSys.Compiler35220.Resources.ErrorMessages.zh-CHS.resources,Err_ModNotReal,"MOD 不能用于 REAL 类型"
_3S.CoDeSys.Compiler35220.Resources.ErrorMessages.zh-CHS.resources,Err_Multiassigninfor,"FOR循环正需要一个计数器"
_3S.CoDeSys.Compiler35220.Resources.ErrorMessages.zh-CHS.resources,Err_MultipleAssignmentsNotAllowedForOperator,"运算符'{0}'不允许多重赋值."
_3S.CoDeSys.Compiler35220.Resources.ErrorMessages.zh-CHS.resources,Err_MultipleAssignmentsToInterfaceVariables,"不允许对接口变量进行多次赋值"
_3S.CoDeSys.Compiler35220.Resources.ErrorMessages.zh-CHS.resources,Err_MultipleAssignmentWithChangingValueTypes,"不允许使用隐式强制转换对值类型进行多次赋值"
_3S.CoDeSys.Compiler35220.Resources.ErrorMessages.zh-CHS.resources,Err_MultipleAssignmentWithProperty,"属性不能在多个赋值中间使用."
_3S.CoDeSys.Compiler35220.Resources.ErrorMessages.zh-CHS.resources,Err_MultipleAssignmentWithReferences,"不允许对功能块或数据结构进行多次引用赋值"
_3S.CoDeSys.Compiler35220.Resources.ErrorMessages.zh-CHS.resources,Err_MultipleAssignsToSameInputInCall,"参数'{0}'的多重输入赋值"
_3S.CoDeSys.Compiler35220.Resources.ErrorMessages.zh-CHS.resources,Err_NamesNotEqual,"接口中所用的名称与目标名称不一样"
_3S.CoDeSys.Compiler35220.Resources.ErrorMessages.zh-CHS.resources,Err_NewArrayOnUserdefNotAllowed,"在自定义类型里不允许用__NEW创建一个数组"
_3S.CoDeSys.Compiler35220.Resources.ErrorMessages.zh-CHS.resources,Err_NewNeedsType,"期望类型定义为 __NEW的操作数"
_3S.CoDeSys.Compiler35220.Resources.ErrorMessages.zh-CHS.resources,Err_NewOnInterfaceNotPossible,"在接口上不能使用__NEW"
_3S.CoDeSys.Compiler35220.Resources.ErrorMessages.zh-CHS.resources,Err_NewOnlyWithAttribute,"一个功能块或结构需要用__NEW创建属性 '{{属性 'enable_dynamic_creation'}}'  "
_3S.CoDeSys.Compiler35220.Resources.ErrorMessages.zh-CHS.resources,Err_NewPositionNotOK,"__NEW操作的结果必须被赋值"
_3S.CoDeSys.Compiler35220.Resources.ErrorMessages.zh-CHS.resources,Err_NoArrayOfBit,"不允许BIT作为数组的基本类型"
_3S.CoDeSys.Compiler35220.Resources.ErrorMessages.zh-CHS.resources,Err_NoAssign,"类型{0}不允许分配"
_3S.CoDeSys.Compiler35220.Resources.ErrorMessages.zh-CHS.resources,Err_NoBitAccessOnFunctionCall,"不允许函数调用中的位访问"
_3S.CoDeSys.Compiler35220.Resources.ErrorMessages.zh-CHS.resources,Err_NoBitTypeOnBitAddress,"{0}类型不可能在位地址 {1}上"
_3S.CoDeSys.Compiler35220.Resources.ErrorMessages.zh-CHS.resources,Err_NoBranchOutOfFinally,"只有在从IEC代码调用此函数时,输入才是可选的"
_3S.CoDeSys.Compiler35220.Resources.ErrorMessages.zh-CHS.resources,Err_NoBytesInRetain,"保留数据区的结构化类型可能不包括BYTE, SINT 或 USINT"
_3S.CoDeSys.Compiler35220.Resources.ErrorMessages.zh-CHS.resources,Err_NoCallInInstancePath,"不能在函数调用的结果中执行组件访问'.'，索引访问'[]',调用'（）'或解除引用 '^' .首先分配结果来帮助变量."
_3S.CoDeSys.Compiler35220.Resources.ErrorMessages.zh-CHS.resources,Err_NoCallInInterfaceComparison,"不可能比较调用返回值的接口.应该首先赋值."
_3S.CoDeSys.Compiler35220.Resources.ErrorMessages.zh-CHS.resources,Err_NoCaseLabelFound,"未找到案例标签"
_3S.CoDeSys.Compiler35220.Resources.ErrorMessages.zh-CHS.resources,Err_NoChangeOnAccessModifier,"方法{0}.{1}无法在覆盖方法{3}.{1}时更改访问修饰符'{2}'"
_3S.CoDeSys.Compiler35220.Resources.ErrorMessages.zh-CHS.resources,Err_NoCodegenerator,"创建codegenerator失败；没有安装需要的插件"
_3S.CoDeSys.Compiler35220.Resources.ErrorMessages.zh-CHS.resources,Err_NoComponentOf,"'{0}' 不是'{1}'的组件"
_3S.CoDeSys.Compiler35220.Resources.ErrorMessages.zh-CHS.resources,Err_NoConstantInitialisationForValue,"常数变量 '{0}'的初始值不是常数"
_3S.CoDeSys.Compiler35220.Resources.ErrorMessages.zh-CHS.resources,Err_NoCopyCodeAllowed,"不允许在线更改期间将此POU移动到新位置"
_3S.CoDeSys.Compiler35220.Resources.ErrorMessages.zh-CHS.resources,Err_NoCopyCodeForVariableAtDirectAddress,"在直接地址上的变量不能在在线更改期间改变其类型"
_3S.CoDeSys.Compiler35220.Resources.ErrorMessages.zh-CHS.resources,Err_NoDirectAddressInSubsequentVarDecl,"变量'{0}'的声明，其地址赋值不能用于具有属性'subsequent'的PRG或GVL中"
_3S.CoDeSys.Compiler35220.Resources.ErrorMessages.zh-CHS.resources,Err_NoEnclosingLoopExit," {0}没有闭合的循环"
_3S.CoDeSys.Compiler35220.Resources.ErrorMessages.zh-CHS.resources,Err_NoExitOrContinueOutOfCatch,"不允许从__CATCH-Block中退出或继续"
_3S.CoDeSys.Compiler35220.Resources.ErrorMessages.zh-CHS.resources,Err_NoExitOrContinueOutOfTry,"不允许从__TRY-Block中退出或继续"
_3S.CoDeSys.Compiler35220.Resources.ErrorMessages.zh-CHS.resources,Err_NoExplicitCall,"不允许显式调用'{0}'.{1}."
_3S.CoDeSys.Compiler35220.Resources.ErrorMessages.zh-CHS.resources,Err_NoFormalParamsCallsForExtensibleFunction,"对于可扩展函数{0}的调用，没有显式的输入赋值"
_3S.CoDeSys.Compiler35220.Resources.ErrorMessages.zh-CHS.resources,Err_NoGenericInstanceInVarConst,"通用型功能块的实例不能声明为常量"
_3S.CoDeSys.Compiler35220.Resources.ErrorMessages.zh-CHS.resources,Err_NoGlobalDefine,"对于'{0}'没有全局定义"
_3S.CoDeSys.Compiler35220.Resources.ErrorMessages.zh-CHS.resources,Err_NoIndirectPropertyCallOnStringWithSize,"类型{0}的属性不能间接调用，因为只支持没有明确指定长度的类型"
_3S.CoDeSys.Compiler35220.Resources.ErrorMessages.zh-CHS.resources,Err_NoInheritanceOnFinalType,"具有属性FINAL的'{0}'不能用作基础"
_3S.CoDeSys.Compiler35220.Resources.ErrorMessages.zh-CHS.resources,Err_NoInitialForExternal,"VAR_EXTERNAL {0}没有允许的初始值"
_3S.CoDeSys.Compiler35220.Resources.ErrorMessages.zh-CHS.resources,Err_NoInitialForInoutConstant,"VAR_INOUT{0}没有允许的初始值"
_3S.CoDeSys.Compiler35220.Resources.ErrorMessages.zh-CHS.resources,Err_NoInputMemory,"没有足够的内存"
_3S.CoDeSys.Compiler35220.Resources.ErrorMessages.zh-CHS.resources,Err_NoInputsWithSlotAttributes,"属性为'{1}'的签名 '{0}'不允许输入"
_3S.CoDeSys.Compiler35220.Resources.ErrorMessages.zh-CHS.resources,Err_NoInstanceObject,"'{0}' 的类型为{1} ，而且不能被实例化"
_3S.CoDeSys.Compiler35220.Resources.ErrorMessages.zh-CHS.resources,Err_NoInstancePath," VAR_CONFIG 没有用于 '{0}'"
_3S.CoDeSys.Compiler35220.Resources.ErrorMessages.zh-CHS.resources,Err_NoLocalEnum,"不支持在本地定义枚举.使用数据类型定义."
_3S.CoDeSys.Compiler35220.Resources.ErrorMessages.zh-CHS.resources,Err_NoMatchingInitMethodFound,"在{0}的实例中，没有发现匹配的'FB_Init'方法"
_3S.CoDeSys.Compiler35220.Resources.ErrorMessages.zh-CHS.resources,Err_NoMatchingOverload,"未找到方法'{0}'的匹配重载"
_3S.CoDeSys.Compiler35220.Resources.ErrorMessages.zh-CHS.resources,Err_NoMemoryAllocationCallback,"创建内存分配器失败:没有安装所需的插件"
_3S.CoDeSys.Compiler35220.Resources.ErrorMessages.zh-CHS.resources,Err_NoMemoryMemory,"没有足够的内存"
_3S.CoDeSys.Compiler35220.Resources.ErrorMessages.zh-CHS.resources,Err_NoMemoryReserveForExternal,"不支持为外部功能块使用内存预留"
_3S.CoDeSys.Compiler35220.Resources.ErrorMessages.zh-CHS.resources,Err_NoMethodImplementation,"方法 '{0}' 定义在接口'{1}'中，没有实现."
_3S.CoDeSys.Compiler35220.Resources.ErrorMessages.zh-CHS.resources,Err_NoMixExternalIECInheritance,"扩展POU必须以与其基础（外部或IEC）相同的方式实现."
_3S.CoDeSys.Compiler35220.Resources.ErrorMessages.zh-CHS.resources,Err_NoMultipleInheritance," EXTENDS-list中可能只能定义一个基本功能块."
_3S.CoDeSys.Compiler35220.Resources.ErrorMessages.zh-CHS.resources,Err_NoNamespace,"'{0}' 不是指名称空间"
_3S.CoDeSys.Compiler35220.Resources.ErrorMessages.zh-CHS.resources,Err_NoNewAssignmentInOtherExpression,"无法在另一个表达式中使用赋值表达式与_NEW运算符.请改用指针变量."
_3S.CoDeSys.Compiler35220.Resources.ErrorMessages.zh-CHS.resources,Err_NoOnlineChangeOnDynamicObjects,"无法执行更改动态创建类型大小的在线修改."
_3S.CoDeSys.Compiler35220.Resources.ErrorMessages.zh-CHS.resources,Err_NoOnlineChangeOnGenericConstantBaseType,"在声明BaseType{0}时，常量{1}的值从{2}更改为{3}:无法在线更改!"
_3S.CoDeSys.Compiler35220.Resources.ErrorMessages.zh-CHS.resources,Err_NoOnlineChangeOnGenericConstantType,"在变量{0}的声明中，常量{1}的值从{2}更改为{3}:无法在线更改!"
_3S.CoDeSys.Compiler35220.Resources.ErrorMessages.zh-CHS.resources,Err_NoOnlineChangePossible,"不能进行在线修改，执行全下载"
_3S.CoDeSys.Compiler35220.Resources.ErrorMessages.zh-CHS.resources,Err_NoOutputMemory,"没有足够的内存"
_3S.CoDeSys.Compiler35220.Resources.ErrorMessages.zh-CHS.resources,Err_NoOutsideAccessToGenericVariable,"没有外部访问功能块 '{1}'的通用常量 '{0}'"
_3S.CoDeSys.Compiler35220.Resources.ErrorMessages.zh-CHS.resources,Err_NoOverrideOnFinalMethod,"功能块'{0}':不可能覆盖具有FINAL访问说明符的方法{1}.{2} "
_3S.CoDeSys.Compiler35220.Resources.ErrorMessages.zh-CHS.resources,Err_NoOverrideOnInternalMethod,"功能块'{0}':无法覆盖库{3}中具有访问说明符INTERNAL的方法{1}.{2}"
_3S.CoDeSys.Compiler35220.Resources.ErrorMessages.zh-CHS.resources,Err_NoOverrideOnPrivateMethod,"Function block '{0}': No override possible on method {1}.{2}  with access specifier PRIVATE"
_3S.CoDeSys.Compiler35220.Resources.ErrorMessages.zh-CHS.resources,Err_NoPointerToBit,"不允许POINTER TO BIT"
_3S.CoDeSys.Compiler35220.Resources.ErrorMessages.zh-CHS.resources,Err_NoPropertiesInOutAssignment,"属性不能被赋值给一个调用的输出，请使用临时变量替代."
_3S.CoDeSys.Compiler35220.Resources.ErrorMessages.zh-CHS.resources,Err_NoPropertyForVarInout,"属性不能分配给VAR_IN_OUT."
_3S.CoDeSys.Compiler35220.Resources.ErrorMessages.zh-CHS.resources,Err_NoReadAccessToProperty,"属性 '{0}' 不能用于此内容，因为缺少取值存取器"
_3S.CoDeSys.Compiler35220.Resources.ErrorMessages.zh-CHS.resources,Err_NoReferenceToBits,"对位的引用是不可能的"
_3S.CoDeSys.Compiler35220.Resources.ErrorMessages.zh-CHS.resources,Err_NoReferenceToOutput,"输出不能是 REFERENCE TO（引用）类型"
_3S.CoDeSys.Compiler35220.Resources.ErrorMessages.zh-CHS.resources,Err_NoResolutionForLazyVariable,"无法解析惰性类型变量'{0}'的类型"
_3S.CoDeSys.Compiler35220.Resources.ErrorMessages.zh-CHS.resources,Err_NoResolutionForSomeLazyVariables,"无法推断此签名中惰性变量的类型."
_3S.CoDeSys.Compiler35220.Resources.ErrorMessages.zh-CHS.resources,Err_NoStaticVariableInitialisationForValue,"静态变量'{0}'不能使用不为常量或替换常量的初始化"
_3S.CoDeSys.Compiler35220.Resources.ErrorMessages.zh-CHS.resources,Err_NoSuchLabel,"在JMP语句的有效范围内没有标号'{0}'"
_3S.CoDeSys.Compiler35220.Resources.ErrorMessages.zh-CHS.resources,Err_NoSystemDefine," '{0}'没有系统定义"
_3S.CoDeSys.Compiler35220.Resources.ErrorMessages.zh-CHS.resources,Err_NotAllowedInContainerLib,"在容器库中不允许'{0}'"
_3S.CoDeSys.Compiler35220.Resources.ErrorMessages.zh-CHS.resources,Err_NotAllowedInInterfaceLib,"在接口库中不允许'{0}'"
_3S.CoDeSys.Compiler35220.Resources.ErrorMessages.zh-CHS.resources,Err_NotAllowedInTaskLocalVariables,"不允许任务局部变量列表'{0}': '{1}'"
_3S.CoDeSys.Compiler35220.Resources.ErrorMessages.zh-CHS.resources,Err_NotAnInstanceOf,"'{0}' 不是 '{1}'的实例"
_3S.CoDeSys.Compiler35220.Resources.ErrorMessages.zh-CHS.resources,Err_NotEnoughMemoryForCompactDownload,"第一个代码区没有足够的内存用于压缩下载.无法分配'{0}'字节"
_3S.CoDeSys.Compiler35220.Resources.ErrorMessages.zh-CHS.resources,Err_NotEnoughMemoryForVariableInit,"没有足够的内存初始化变量'{0}.需要 {1} 字节"
_3S.CoDeSys.Compiler35220.Resources.ErrorMessages.zh-CHS.resources,Err_NotSupportedInInterface,"在声明部分不支持代码"
_3S.CoDeSys.Compiler35220.Resources.ErrorMessages.zh-CHS.resources,Err_NoValidCondition,"'{0}'是无效的条件"
_3S.CoDeSys.Compiler35220.Resources.ErrorMessages.zh-CHS.resources,Err_NoValidConditionforPragma,"'{0}' 是pragma中无效的条件"
_3S.CoDeSys.Compiler35220.Resources.ErrorMessages.zh-CHS.resources,Err_NoValidEnumInit,"{0} 不是枚举的有效初始化值"
_3S.CoDeSys.Compiler35220.Resources.ErrorMessages.zh-CHS.resources,Err_NoValidInstancePath,"'{0}'不是有效实例路径"
_3S.CoDeSys.Compiler35220.Resources.ErrorMessages.zh-CHS.resources,Err_NoValidOperand,"'{0}' 是无效的操作数"
_3S.CoDeSys.Compiler35220.Resources.ErrorMessages.zh-CHS.resources,Err_NoValidOperandforPragma,"'{0}' 不是pragma的有效操作数"
_3S.CoDeSys.Compiler35220.Resources.ErrorMessages.zh-CHS.resources,Err_NoValidStatement,"'{0}' 是无效的语句"
_3S.CoDeSys.Compiler35220.Resources.ErrorMessages.zh-CHS.resources,Err_NoValuePassingForCPPExternal,"CPP兼容函数不能包含STRING、ARRAY或结构化类型的输入或输出.使用POINTER或reference来代替这种类型."
_3S.CoDeSys.Compiler35220.Resources.ErrorMessages.zh-CHS.resources,Err_NoVarConfigInMethodOrFunction,"在方法和函数中不允许不完整的地址"
_3S.CoDeSys.Compiler35220.Resources.ErrorMessages.zh-CHS.resources,Err_NoVarForExternal,"未找到VAR_EXTERNAL {0}的全局定义"
_3S.CoDeSys.Compiler35220.Resources.ErrorMessages.zh-CHS.resources,Err_NoVarInputInPropertyAccessors,"不允许在属性访问器中定义输入变量:{0} : {1}"
_3S.CoDeSys.Compiler35220.Resources.ErrorMessages.zh-CHS.resources,Err_NoVarsinInterface,"在接口中不允许声明变量"
_3S.CoDeSys.Compiler35220.Resources.ErrorMessages.zh-CHS.resources,Err_NoVarTempInSubsequentPrograms,"VAR_TEMP 在程序中不可能有 'subsequent' 属性"
_3S.CoDeSys.Compiler35220.Resources.ErrorMessages.zh-CHS.resources,Err_NumOfInitializersDoNotMatch,"'FB_Init'初始化器的数量({0})与数组元素的数量({1})不匹配"
_3S.CoDeSys.Compiler35220.Resources.ErrorMessages.zh-CHS.resources,Err_OneAccessorRequired,"属性 '{0}'至少要求一个存取器"
_3S.CoDeSys.Compiler35220.Resources.ErrorMessages.zh-CHS.resources,Err_OnlyMethodsOverride,"不能覆盖{2} 的 {0} {1} : 只允许采用方法去覆盖"
_3S.CoDeSys.Compiler35220.Resources.ErrorMessages.zh-CHS.resources,Err_OperationNotPossibleOnType,"操作 '{0}' 不允许在类型'{1}'中使用"
_3S.CoDeSys.Compiler35220.Resources.ErrorMessages.zh-CHS.resources,Err_Operator1of2Expected,"应该采用'{0}' 或 '{1}' 代替'{2}'"
_3S.CoDeSys.Compiler35220.Resources.ErrorMessages.zh-CHS.resources,Err_Operator1of3Expected,"应该采用'{0}', '{1}' 或 '{2}' 取代'{3}'"
_3S.CoDeSys.Compiler35220.Resources.ErrorMessages.zh-CHS.resources,Err_Operator1of3ExpectedInsteadofEOF,"发现不正确的文件结束标记: 应该是'{0}', '{1}' 或 '{2}' "
_3S.CoDeSys.Compiler35220.Resources.ErrorMessages.zh-CHS.resources,Err_Operator1of4Expected,"应该用'{0}', '{1}',  '{2}' 或 '{3}' 来取代'{4}'"
_3S.CoDeSys.Compiler35220.Resources.ErrorMessages.zh-CHS.resources,Err_OperatorExpected,"应该采用'{0}' 取代'{1}'"
_3S.CoDeSys.Compiler35220.Resources.ErrorMessages.zh-CHS.resources,Err_OperatorExpectedInsteadofEOF,"发现不正确的文件结束标记: 应该用'{0}'"
_3S.CoDeSys.Compiler35220.Resources.ErrorMessages.zh-CHS.resources,Err_OperatorNotAllowedAtPosition,"此语句中不允许使用运算符'{0}'"
_3S.CoDeSys.Compiler35220.Resources.ErrorMessages.zh-CHS.resources,Err_OperatorNotSupported,"不支持运算符'{0}'"
_3S.CoDeSys.Compiler35220.Resources.ErrorMessages.zh-CHS.resources,Err_OperatorNotSupportedVersion,"当前目标不支持运算符'{0}'.至少需要运行时系统版本{1}."
_3S.CoDeSys.Compiler35220.Resources.ErrorMessages.zh-CHS.resources,Err_OperatorNoValidVariableName,"运算符 '{0}'不是变量的有效名称"
_3S.CoDeSys.Compiler35220.Resources.ErrorMessages.zh-CHS.resources,Err_OpNeedsAtLeastInputs,"'{0}'至少需要'{1}' 个操作数"
_3S.CoDeSys.Compiler35220.Resources.ErrorMessages.zh-CHS.resources,Err_OpNeedsExactInputs,"'{0}' 需要'{1}' 个操作数"
_3S.CoDeSys.Compiler35220.Resources.ErrorMessages.zh-CHS.resources,Err_OpTakesAtMostInputs,"'{0}'最多使用'{1}'操作数"
_3S.CoDeSys.Compiler35220.Resources.ErrorMessages.zh-CHS.resources,Err_OutOfCodeMemory,"超出代码内存：POU '{0}', {1} 字节.(增量编译会产生内存碎片执行""编译,清除""来强制重新分配所有的数据和代码)."
_3S.CoDeSys.Compiler35220.Resources.ErrorMessages.zh-CHS.resources,Err_OutOfMemory,"超出全局数据内存：变量 '{0}',{1}字节。（增量编译会产生内存碎片，执行""编译, 清除"" 来强制重新分配所有数据和代码）"
_3S.CoDeSys.Compiler35220.Resources.ErrorMessages.zh-CHS.resources,Err_OutOfMemoryFunctionPointer,"全局数据存储器：函数'{0}'的函数指针不能被分配"
_3S.CoDeSys.Compiler35220.Resources.ErrorMessages.zh-CHS.resources,Err_OutOfMemoryWithWholeSize,"全局数据内存已满:变量'{0}',{1}字节(最大连续内存间隙){2}渐进式编译或向持久变量列表中添加变量可能会造成内存碎片化.请执行""声明、重新排序列表并清除间隙""操作以压缩持久变量列表，或执行""构建、清理""操作以强制重新分配其他数据和代码."
_3S.CoDeSys.Compiler35220.Resources.ErrorMessages.zh-CHS.resources,Err_OutOfPersistentMemoryExplicit,"已超出持久变量内存范围:变量'{0}'，{1}字节(最大连续内存间隙{2}编辑持久变量列表时可能会造成内存碎片化.请执行""声明、重新排序列表并清除间隙""操作以压缩持久变量列表.{3}"
_3S.CoDeSys.Compiler35220.Resources.ErrorMessages.zh-CHS.resources,Err_OutOfPersistentMemoryImplicit,"没有足够的persistent内存{0}"
_3S.CoDeSys.Compiler35220.Resources.ErrorMessages.zh-CHS.resources,Err_OutOfRetainMemory,"超出保持型内存: 变量'{0}', {1} bytes（增量编译会产生内存碎片。执行“编译，清除”来强制重新分配所有的数据和代码）"
_3S.CoDeSys.Compiler35220.Resources.ErrorMessages.zh-CHS.resources,Err_OutOfRetainMemoryWithWholeSize,"retain内存不足:变量'{0}',{1}字节(最大连续内存间隙{2})(增量编译可能会产生碎片内存.执行""编译,清除""强制重新分配所有数据和代码.)"
_3S.CoDeSys.Compiler35220.Resources.ErrorMessages.zh-CHS.resources,Err_OutParamNotEqual,"类型'{0}'不等于VAR_OUTPUT '{2}'的类型'{1}'"
_3S.CoDeSys.Compiler35220.Resources.ErrorMessages.zh-CHS.resources,Err_OutputByteWrittenFromDifferentTasks,"输出内存的相同字节被写入不同任务中"
_3S.CoDeSys.Compiler35220.Resources.ErrorMessages.zh-CHS.resources,Err_OverflowInAddress,"在地址 '{0}'处，常量溢出"
_3S.CoDeSys.Compiler35220.Resources.ErrorMessages.zh-CHS.resources,Err_OverloadNeedsAttribute,"存在另一个名为'{0}'的方法.如果你想定义重载方法,请便用属性{attribute'overloaded'}"
_3S.CoDeSys.Compiler35220.Resources.ErrorMessages.zh-CHS.resources,Err_OverloadWithSameInputs,"存在另一个与相同输入类型的重载函数'{0}'"
_3S.CoDeSys.Compiler35220.Resources.ErrorMessages.zh-CHS.resources,Err_ParameterlistNotConst,"参数列表必须声明为常量"
_3S.CoDeSys.Compiler35220.Resources.ErrorMessages.zh-CHS.resources,Err_ParamsNotAllowed,"PARAMS参数必须是函数或方法的最后输入参数"
_3S.CoDeSys.Compiler35220.Resources.ErrorMessages.zh-CHS.resources,Err_PartialAccess_NotAValidComponent,"'%{1}{2}' 不是'{0}'的有效部分组件"
_3S.CoDeSys.Compiler35220.Resources.ErrorMessages.zh-CHS.resources,Err_PartialAccess_OnlyOnBitTypes,"部分访问仅支持ANY_BIT类型，而不支持'{0}'"
_3S.CoDeSys.Compiler35220.Resources.ErrorMessages.zh-CHS.resources,Err_PersistentNoAddress,"直接地址-声明不能在持续列表中"
_3S.CoDeSys.Compiler35220.Resources.ErrorMessages.zh-CHS.resources,Err_PersistentVariablesChangeMessageText,"持续变量已更改！用户终止了下载"
_3S.CoDeSys.Compiler35220.Resources.ErrorMessages.zh-CHS.resources,Err_PersistentWrongVariable,"保持列表变量必须全部是VAR_GLOBAL PERSISTENT 或VAR_GLOBAL PERSISTENT RETAIN"
_3S.CoDeSys.Compiler35220.Resources.ErrorMessages.zh-CHS.resources,Err_POUCalledFromDifferentTasks,"POU {0}写输出{1}，且在多个任务中调用"
_3S.CoDeSys.Compiler35220.Resources.ErrorMessages.zh-CHS.resources,Err_PrivateOnMethodsOnly,"PRIVATE和PROTECTED 仅能应用在功能块方法"
_3S.CoDeSys.Compiler35220.Resources.ErrorMessages.zh-CHS.resources,Err_ProjectDefinedNotSupportedFor,"此语法不支持 'project_defined' 条件，因为它可能会影响 '{0}'的公共接口."
_3S.CoDeSys.Compiler35220.Resources.ErrorMessages.zh-CHS.resources,Err_QueryInterfaceErrorP1,"__QueryInterface 的第一个操作数必须是一个界面引用或者功能块实例"
_3S.CoDeSys.Compiler35220.Resources.ErrorMessages.zh-CHS.resources,Err_QueryInterfaceErrorP2,"__QueryInterface的第二个操作数必须是一个相关接口"
_3S.CoDeSys.Compiler35220.Resources.ErrorMessages.zh-CHS.resources,Err_QueryInterfaceP1NoIQuery,"接口{0}不能扩展{1}"
_3S.CoDeSys.Compiler35220.Resources.ErrorMessages.zh-CHS.resources,Err_QueryPointerErrorP1,"__QueryPointer的第一个操作数必须是接口引用或功能块的实例"
_3S.CoDeSys.Compiler35220.Resources.ErrorMessages.zh-CHS.resources,Err_QueryPointerErrorP2," __QueryInterface的第二个操作数必须是指针"
_3S.CoDeSys.Compiler35220.Resources.ErrorMessages.zh-CHS.resources,Err_RecursiveConstantInitialisation,"常数值的递归定义"
_3S.CoDeSys.Compiler35220.Resources.ErrorMessages.zh-CHS.resources,Err_RefAssignNeedsLValue,"引用分配需要一个具有写访问权的变量作为源表达式"
_3S.CoDeSys.Compiler35220.Resources.ErrorMessages.zh-CHS.resources,Err_RefAssignOnlyForReferenceTypes,"只有REFERENCE TO类型的变量才允许使用REF=进行初始化"
_3S.CoDeSys.Compiler35220.Resources.ErrorMessages.zh-CHS.resources,Err_ReferenceNotAllowed,"不允许引用类型作为数组，指针或引用的基类型"
_3S.CoDeSys.Compiler35220.Resources.ErrorMessages.zh-CHS.resources,Err_ReferenceNotAllowedForVarInOut,"引用类型不是VAR_IN_OUT允许的类型"
_3S.CoDeSys.Compiler35220.Resources.ErrorMessages.zh-CHS.resources,Err_ReferenceToInput,"对映射到输入地址的变量不能进行参考分配"
_3S.CoDeSys.Compiler35220.Resources.ErrorMessages.zh-CHS.resources,Err_RelatedPositionInterface,"相关职位:接口{1}的接口方法'{0}'."
_3S.CoDeSys.Compiler35220.Resources.ErrorMessages.zh-CHS.resources,Err_RelatedPositionTaskX,"相关位置：在任务{0}中访问"
_3S.CoDeSys.Compiler35220.Resources.ErrorMessages.zh-CHS.resources,Err_RetainNotAccessiblePOU,"POU {0}隐藏库名,不能访问库元素,不能生成保存持续变量{1}的隐性代码."
_3S.CoDeSys.Compiler35220.Resources.ErrorMessages.zh-CHS.resources,Err_RetainNotAccessibleVariable,"变量{0}隐藏库名,不能访问库元素.不会生成保存持久变量{1}的隐性代码."
_3S.CoDeSys.Compiler35220.Resources.ErrorMessages.zh-CHS.resources,Err_RetainOrPersistentNotAllowed,"'RETAIN'或  'PERSISTENT' 在此处不允许"
_3S.CoDeSys.Compiler35220.Resources.ErrorMessages.zh-CHS.resources,Err_RetainsNotSupported,"此设备不支持保持型数据"
_3S.CoDeSys.Compiler35220.Resources.ErrorMessages.zh-CHS.resources,Err_ReturnTypeForNonFunction,"返回类型只针对函数类型的POU和方法有效"
_3S.CoDeSys.Compiler35220.Resources.ErrorMessages.zh-CHS.resources,Err_RValueRequired,"赋值没有有效的源"
_3S.CoDeSys.Compiler35220.Resources.ErrorMessages.zh-CHS.resources,Err_SelfInheritance,"在接口的递归: {0}"
_3S.CoDeSys.Compiler35220.Resources.ErrorMessages.zh-CHS.resources,Err_SelfInheritanceBase,"在基功能块列表中的递归: {0}"
_3S.CoDeSys.Compiler35220.Resources.ErrorMessages.zh-CHS.resources,Err_SelMuxOnlyEqualUserDefTypes,"在SEL或MUX中使用的所有用户定义类型必须相等"
_3S.CoDeSys.Compiler35220.Resources.ErrorMessages.zh-CHS.resources,Err_SemicolonExpected,"应该用';' 替换'{0}'"
_3S.CoDeSys.Compiler35220.Resources.ErrorMessages.zh-CHS.resources,Err_SemicolonExpectedInsteadOfEnd,"应该采用';' 取代end of POU"
_3S.CoDeSys.Compiler35220.Resources.ErrorMessages.zh-CHS.resources,Err_SlotFunctionAmbiguousName,"带有分辨属性{1}的POU{0} 有模糊的名称"
_3S.CoDeSys.Compiler35220.Resources.ErrorMessages.zh-CHS.resources,Err_SlotFunctionHiddenByVariable,"带有位置属性 {1} 的POU{0} 不能调用，因为被变量 '{2}'隐藏"
_3S.CoDeSys.Compiler35220.Resources.ErrorMessages.zh-CHS.resources,Err_SomethingOverridingMethod,"{0} '{1}'覆盖接口'{2}'的方法"
_3S.CoDeSys.Compiler35220.Resources.ErrorMessages.zh-CHS.resources,Err_SomethingOverridingMethodBase,"{0} '{1}'覆盖基方法'{2}'"
_3S.CoDeSys.Compiler35220.Resources.ErrorMessages.zh-CHS.resources,Err_SpecialTypeExpected,"此处需要有类型 '{0}'的表达式"
_3S.CoDeSys.Compiler35220.Resources.ErrorMessages.zh-CHS.resources,Err_StackOverflowDetected,"在任务{0}中检测到堆栈溢出.最大堆栈大小:{1}字节.计算的堆栈大小:{2}字节.调用层次:"
_3S.CoDeSys.Compiler35220.Resources.ErrorMessages.zh-CHS.resources,Err_StaticNotAllowed,"在此处不允许声明'VAR_STAT' "
_3S.CoDeSys.Compiler35220.Resources.ErrorMessages.zh-CHS.resources,Err_StrictEnumNoArithmeticAllowed,"严格ENUM类型'{0}'上不允许使用算术"
_3S.CoDeSys.Compiler35220.Resources.ErrorMessages.zh-CHS.resources,Err_StrictEnumNotAMember,"'{0}'不是严格ENUM类型'{1}'的有效值"
_3S.CoDeSys.Compiler35220.Resources.ErrorMessages.zh-CHS.resources,Err_StringLengthIsNoConstant,"字符串长度'{0}'不是固定值"
_3S.CoDeSys.Compiler35220.Resources.ErrorMessages.zh-CHS.resources,Err_StringLiteralExpected,"期望字符串文字而不是'{0}'"
_3S.CoDeSys.Compiler35220.Resources.ErrorMessages.zh-CHS.resources,Err_StringSizeExpected,"在 ""(""之后应该有字符串的大小"
_3S.CoDeSys.Compiler35220.Resources.ErrorMessages.zh-CHS.resources,Err_StringTooShortForVarInOut,"字符串变量'{0}'对于 '{2}'的VAR_IN_OUT参数'{1}'来说太短"
_3S.CoDeSys.Compiler35220.Resources.ErrorMessages.zh-CHS.resources,Err_StructInitOnlyInput,"'{0}' 不是'{1}'的输入"
_3S.CoDeSys.Compiler35220.Resources.ErrorMessages.zh-CHS.resources,Err_StructuredValueTypeInExternalCall,"外部函数调用中不允许使用结构化类型'{0}'"
_3S.CoDeSys.Compiler35220.Resources.ErrorMessages.zh-CHS.resources,Err_StructureInitialisationNotPossible,"结构初始化不可能作为Init-function调用的参数.请改用变量."
_3S.CoDeSys.Compiler35220.Resources.ErrorMessages.zh-CHS.resources,Err_StructureInitializationExpected,"需要{0}的初始列表"
_3S.CoDeSys.Compiler35220.Resources.ErrorMessages.zh-CHS.resources,Err_StructureNotAllowed,"只有在数据单元类型（DUT）中才允许声明'STRUCT' "
_3S.CoDeSys.Compiler35220.Resources.ErrorMessages.zh-CHS.resources,Err_SummarizedLibraryErrors,"库{1}中的内部错误{0}"
_3S.CoDeSys.Compiler35220.Resources.ErrorMessages.zh-CHS.resources,Err_SystemOutOfMemory,"开发系统没有足够的内存来处理在线更改。 请在继续开发之前重新启动应用程序。"
_3S.CoDeSys.Compiler35220.Resources.ErrorMessages.zh-CHS.resources,Err_TaskLocalVariablesAccessNotAllowed,"任务局部变量列表 '{0}':只允许在任务'{1}'中进行写访问"
_3S.CoDeSys.Compiler35220.Resources.ErrorMessages.zh-CHS.resources,Err_TaskLocalVariablesNoOnlineChangePossible,"任务局部变量列表 '{0}'发生变化.不能在线更改."
_3S.CoDeSys.Compiler35220.Resources.ErrorMessages.zh-CHS.resources,Err_TaskLocalVariablesWriterTaskNotDefined,"任务局部变量列表 '{0}':未定义写入任务"
_3S.CoDeSys.Compiler35220.Resources.ErrorMessages.zh-CHS.resources,Err_ThisNotAllowed,"在此上下文中不允许使用表达式THIS"
_3S.CoDeSys.Compiler35220.Resources.ErrorMessages.zh-CHS.resources,Err_TooFewParametersForExtensibleFunction,"可扩展函数{0}的参数{2}至少需要{1}个输入"
_3S.CoDeSys.Compiler35220.Resources.ErrorMessages.zh-CHS.resources,Err_TooManyInitializer,"数组的初始化值太多"
_3S.CoDeSys.Compiler35220.Resources.ErrorMessages.zh-CHS.resources,Err_TooManyParametersForExtensibleFunction,"可扩展函数{0}对参数{2}最多接受{1}个输入"
_3S.CoDeSys.Compiler35220.Resources.ErrorMessages.zh-CHS.resources,Err_TryCatchNotSupported,"尚不支持结构化异常处理"
_3S.CoDeSys.Compiler35220.Resources.ErrorMessages.zh-CHS.resources,Err_TryCatchNotSupportedCodegenerator,"当前设备的代码生成器不支持结构化异常处理"
_3S.CoDeSys.Compiler35220.Resources.ErrorMessages.zh-CHS.resources,Err_TryCatchNotSupportedVersion,"当前目标不支持结构化异常处理。 至少需要运行时系统版本3.5.6.0。"
_3S.CoDeSys.Compiler35220.Resources.ErrorMessages.zh-CHS.resources,Err_TypeExpected,"应该采用类型定义取代'{0}'"
_3S.CoDeSys.Compiler35220.Resources.ErrorMessages.zh-CHS.resources,Err_TypeIsNotGeneric,"'{0}'不是一个通用功能块."
_3S.CoDeSys.Compiler35220.Resources.ErrorMessages.zh-CHS.resources,Err_TypeMismatch,"不能将类型 '{0}' 转换为类型'{1}'"
_3S.CoDeSys.Compiler35220.Resources.ErrorMessages.zh-CHS.resources,Err_TypesNotComparable,"不能比较类型 '{0}' 和类型'{1}'"
_3S.CoDeSys.Compiler35220.Resources.ErrorMessages.zh-CHS.resources,Err_UnexpectedArrayInitialisation,"数组初始化不正确"
_3S.CoDeSys.Compiler35220.Resources.ErrorMessages.zh-CHS.resources,Err_UnexpectedOperandForCallInitFunction,"在'{1}'中找到非预期的操作数'{0}'.必须将GVL或PRG作为参数传递."
_3S.CoDeSys.Compiler35220.Resources.ErrorMessages.zh-CHS.resources,Err_UnexpectedOperandForIndexOf,"不希望的操作数 '{0}' 在'{1}'中被发现"
_3S.CoDeSys.Compiler35220.Resources.ErrorMessages.zh-CHS.resources,Err_UnexpectedPragmaif,"不正确的Pragma指令: 发现'{0}' 不匹配'if'"
_3S.CoDeSys.Compiler35220.Resources.ErrorMessages.zh-CHS.resources,Err_UnexpectedStatement,"未预期的语句"
_3S.CoDeSys.Compiler35220.Resources.ErrorMessages.zh-CHS.resources,Err_UnexpectedStructureInitialisation,"不应该出现的结构初始化"
_3S.CoDeSys.Compiler35220.Resources.ErrorMessages.zh-CHS.resources,Err_UnexpectedTokenFound,"发现非预期的记号'{0}' "
_3S.CoDeSys.Compiler35220.Resources.ErrorMessages.zh-CHS.resources,Err_UnexpectedTypeName,"此处不应该出现类型名'{0}'"
_3S.CoDeSys.Compiler35220.Resources.ErrorMessages.zh-CHS.resources,Err_UninitialisedVariableUsedInInitialisation,"未初始化的变量{0}用于{1}的初始化.使用属性'global_init_slot'修改初始化顺序."
_3S.CoDeSys.Compiler35220.Resources.ErrorMessages.zh-CHS.resources,Err_UnionNotAllowed,"只允许在数据单元类型（DUT）中声明UNION "
_3S.CoDeSys.Compiler35220.Resources.ErrorMessages.zh-CHS.resources,Err_UnknownCompilerVersionInCompiledLib,"用于创建已编译库 ""{0}""的编译器版本""{1}""比工程的编译器版本更新或未知."
_3S.CoDeSys.Compiler35220.Resources.ErrorMessages.zh-CHS.resources,Err_UnknownEmbeddedLanguageType,"未知的嵌入式语言类型'{0}'."
_3S.CoDeSys.Compiler35220.Resources.ErrorMessages.zh-CHS.resources,Err_UnknownMaxStackSize,"要访问有关当前执行任务的信息，需要了解目标系统支持的最大堆栈大小"
_3S.CoDeSys.Compiler35220.Resources.ErrorMessages.zh-CHS.resources,Err_UnknownType,"未知的类型: '{0}'"
_3S.CoDeSys.Compiler35220.Resources.ErrorMessages.zh-CHS.resources,Err_UnsupportedFeature,"编译器功能'{0}'仅支持编译器版本{1}或更高版本"
_3S.CoDeSys.Compiler35220.Resources.ErrorMessages.zh-CHS.resources,Err_UnsupportedType,"不支持类型: '{0}'"
_3S.CoDeSys.Compiler35220.Resources.ErrorMessages.zh-CHS.resources,Err_UpperBoundExpected,"应输入FOR循环的上限"
_3S.CoDeSys.Compiler35220.Resources.ErrorMessages.zh-CHS.resources,Err_UserCheckFunctionsNotSupported,"不支持用户定义的检查功能"
_3S.CoDeSys.Compiler35220.Resources.ErrorMessages.zh-CHS.resources,Err_VarAccessNotSupported,"不支持VAR_ACCESS "
_3S.CoDeSys.Compiler35220.Resources.ErrorMessages.zh-CHS.resources,Err_VarConfigNotAllowed,"VAR_CONFIG 声明只允许出现在 VAR_CONFIG列表中"
_3S.CoDeSys.Compiler35220.Resources.ErrorMessages.zh-CHS.resources,Err_VarGlobalNotAllowed,"只允许在全局变量列表中声明'VAR_GLOBAL' 。"
_3S.CoDeSys.Compiler35220.Resources.ErrorMessages.zh-CHS.resources,Err_VariableDeclarationExpected,"应该用声明变量来取代{0}"
_3S.CoDeSys.Compiler35220.Resources.ErrorMessages.zh-CHS.resources,Err_VariableDuplicate,"局部变量 '{0}' 已经在'{1}'中定义"
_3S.CoDeSys.Compiler35220.Resources.ErrorMessages.zh-CHS.resources,Err_VariableForVarinoutConstant,"'{1}'中的VAR_IN_OUT常数参数'{0}'需要输入变量"
_3S.CoDeSys.Compiler35220.Resources.ErrorMessages.zh-CHS.resources,Err_VariableListExpected,"应该采用VAR, VAR_INPUT, VAR_OUTPUT 或 VAR_IN_OUT 取代{0}"
_3S.CoDeSys.Compiler35220.Resources.ErrorMessages.zh-CHS.resources,Err_VariableOverride,"将变量 '{0}'的定义复制到功能块'{1}' 和基'{2}'中"
_3S.CoDeSys.Compiler35220.Resources.ErrorMessages.zh-CHS.resources,Err_VarInstOnlyInMethods,"此处不允许VAR_INST声明"
_3S.CoDeSys.Compiler35220.Resources.ErrorMessages.zh-CHS.resources,Err_VarLengthArrayInOut,"变长数组只能作为功能块中的VAR_IN_OUT或方法和函数中的VAR_IN_OUT和VAR_INPUT"
_3S.CoDeSys.Compiler35220.Resources.ErrorMessages.zh-CHS.resources,Err_VarLengthArrayTopLevel,"变长数组类型必须位于类型声明的顶层位置"
_3S.CoDeSys.Compiler35220.Resources.ErrorMessages.zh-CHS.resources,Err_VarTempNotAllowed,"在此处不允许声明'VAR_TEMP' "
_3S.CoDeSys.Compiler35220.Resources.ErrorMessages.zh-CHS.resources,Err_VarTooBig,"变量 '{0}' 太大. (变量大小: {1}, 段大小: {2})"
_3S.CoDeSys.Compiler35220.Resources.ErrorMessages.zh-CHS.resources,Err_VectorBaseMustBeRealType,"vector的基类型必须是REAL或LREAL."
_3S.CoDeSys.Compiler35220.Resources.ErrorMessages.zh-CHS.resources,Err_VectorNoPersistentRetain,"vector不能被声明为persistent或retained"
_3S.CoDeSys.Compiler35220.Resources.ErrorMessages.zh-CHS.resources,Err_VectorSizeIsNoConstant,"vector的大小必须是常数"
_3S.CoDeSys.Compiler35220.Resources.ErrorMessages.zh-CHS.resources,Err_VectorSizeNotValid,"vector的大小必须是大于0小于9的整数"
_3S.CoDeSys.Compiler35220.Resources.ErrorMessages.zh-CHS.resources,Err_VectorTypeCantBePlacedInUnion,"Vector类型不能放在联合中"
_3S.CoDeSys.Compiler35220.Resources.ErrorMessages.zh-CHS.resources,Err_VectorTypesNotCompatible,"vector类型的{0}和{1}不兼容"
_3S.CoDeSys.Compiler35220.Resources.ErrorMessages.zh-CHS.resources,Err_VersionInvalidFormat,"令牌 '{0}'不是可用的版本"
_3S.CoDeSys.Compiler35220.Resources.ErrorMessages.zh-CHS.resources,Err_VersionOverflow,"版本'{0}'至少有一部分值太大"
_3S.CoDeSys.Compiler35220.Resources.ErrorMessages.zh-CHS.resources,Err_VersionPartNegative,"版本'{0}'至少有一部分为负值"
_3S.CoDeSys.Compiler35220.Resources.ErrorMessages.zh-CHS.resources,Err_WrongCallAfterGlobalInitSlotSignature,"带有'call_after_global_init_slot'属性的签名必须没有参数,或者只有一个名为'binitretain'的输入."
_3S.CoDeSys.Compiler35220.Resources.ErrorMessages.zh-CHS.resources,Err_WrongConstructor,"功能块或结构体的FB_Init方法需要两个BOOL类型的输入' binitretain '和'bInCopyCode'"
_3S.CoDeSys.Compiler35220.Resources.ErrorMessages.zh-CHS.resources,Err_WrongDestructor,"函数块或结构的FB_Exit方法必须有一个BOOL类型的输入'bInCopyCode'和BOOL类型的返回值."
_3S.CoDeSys.Compiler35220.Resources.ErrorMessages.zh-CHS.resources,Err_WrongFormalParameter,"错误的形式参数：此处应该是 '{0}'"
_3S.CoDeSys.Compiler35220.Resources.ErrorMessages.zh-CHS.resources,Err_WrongObjectType,"无法调用类型 '{0}'的对象"
_3S.CoDeSys.Compiler35220.Resources.ErrorMessages.zh-CHS.resources,Err_WrongReInit,"功能块或结构体的FB_ReInit方法必须没有输入和BOOL类型的返回值.FB_ReInit不会被自动调用!"
_3S.CoDeSys.Compiler35220.Resources.ErrorMessages.zh-CHS.resources,Err_WrongTypeForAdr,"'{0}' 不能作为ADR的操作数"
_3S.CoDeSys.Compiler35220.Resources.ErrorMessages.zh-CHS.resources,Err_WrongTypeForExternal,"对VAR_EXTERNAL {0}进行了错误的类型定义"
_3S.CoDeSys.Compiler35220.Resources.ErrorMessages.zh-CHS.resources,Err_WrongVarInInterfaceMethod,"只允许在接口方法中使用Input、Output和 Inout"
_3S.CoDeSys.Compiler35220.Resources.ErrorMessages.zh-CHS.resources,Inf_RelatedPosition,"相关位置"
_3S.CoDeSys.Compiler35220.Resources.ErrorMessages.zh-CHS.resources,Inf_RelatedPositionRecursion,"已调用 '{0}'."
_3S.CoDeSys.Compiler35220.Resources.ErrorMessages.zh-CHS.resources,Inf_RelatedPositionStackoverflow,"'{0}'使用堆栈的{1}字节."
_3S.CoDeSys.Compiler35220.Resources.ErrorMessages.zh-CHS.resources,Inf_UseXSizeOfOperator,"对于大类型使用XSIZEOF操作符"
_3S.CoDeSys.Compiler35220.Resources.ErrorMessages.zh-CHS.resources,Info_PersistentMemoryConfiguration,"您可以在persistent内存配置中编辑persistent内存的大小."
_3S.CoDeSys.Compiler35220.Resources.ErrorMessages.zh-CHS.resources,PublishSymbolsMustBeSet,"必须设置'发布所有IEC符号'"
_3S.CoDeSys.Compiler35220.Resources.ErrorMessages.zh-CHS.resources,Txt_ParentContextNotUpToDate,"目录不是最新的"
_3S.CoDeSys.Compiler35220.Resources.ErrorMessages.zh-CHS.resources,Wrn_AbstractKeywordMissing,"缺少ABSTRACT关键字"
_3S.CoDeSys.Compiler35220.Resources.ErrorMessages.zh-CHS.resources,Wrn_AccessToInternalObject,"不应该访问库{1}的内部对象{0}"
_3S.CoDeSys.Compiler35220.Resources.ErrorMessages.zh-CHS.resources,Wrn_AccessToInternalProperty,"不应该访问库{1}的内部属性{0}"
_3S.CoDeSys.Compiler35220.Resources.ErrorMessages.zh-CHS.resources,Wrn_AccessToInternalVariable,"不应该访问内部变量{0}的库{1}"
_3S.CoDeSys.Compiler35220.Resources.ErrorMessages.zh-CHS.resources,Wrn_AmbiguousCheckfunctionInLibrary,"隐式检查函数{0}被另一个隐式检查函数{1}隐藏.将不会执行检查!请解决冲突并用该检查函数."
_3S.CoDeSys.Compiler35220.Resources.ErrorMessages.zh-CHS.resources,Wrn_AtLeastOneExpected,"应输入至少一条语句"
_3S.CoDeSys.Compiler35220.Resources.ErrorMessages.zh-CHS.resources,Wrn_AttributeCheck,"属性检查失败"
_3S.CoDeSys.Compiler35220.Resources.ErrorMessages.zh-CHS.resources,Wrn_BoolNotAtBitAddress,"需要数据类型BOOL的位地址"
_3S.CoDeSys.Compiler35220.Resources.ErrorMessages.zh-CHS.resources,Wrn_CallOfPrivateProperty,"不能访问private属性{0}.{1}"
_3S.CoDeSys.Compiler35220.Resources.ErrorMessages.zh-CHS.resources,Wrn_CallOfProtectedProperty,"不能访问protected属性 {0}.{1}"
_3S.CoDeSys.Compiler35220.Resources.ErrorMessages.zh-CHS.resources,Wrn_CallRecursion,"调用递归:{0}"
_3S.CoDeSys.Compiler35220.Resources.ErrorMessages.zh-CHS.resources,Wrn_ComplexExpression,"POU包含非常复杂的表达式.考虑使用中间结果."
_3S.CoDeSys.Compiler35220.Resources.ErrorMessages.zh-CHS.resources,Wrn_ConcurrentAccessOfBitInSameByte,"位'{0}'在同一字节中的并发访问"
_3S.CoDeSys.Compiler35220.Resources.ErrorMessages.zh-CHS.resources,Wrn_ConstantInStructDeclaration,"在结构体或联合体的声明中,关键字CONSTANT被忽略"
_3S.CoDeSys.Compiler35220.Resources.ErrorMessages.zh-CHS.resources,Wrn_DefaultValueNotConstant,"默认值不是常量"
_3S.CoDeSys.Compiler35220.Resources.ErrorMessages.zh-CHS.resources,Wrn_DefaultValueTopLevel,"只有在从IEC代码调用此函数时，输入才是可选的"
_3S.CoDeSys.Compiler35220.Resources.ErrorMessages.zh-CHS.resources,Wrn_DeviceNotInstalledForSimulation,"设备未安装到系统.模拟使用默认设置."
_3S.CoDeSys.Compiler35220.Resources.ErrorMessages.zh-CHS.resources,Wrn_EnumComparison,"一个枚举类型（{0}）与另一个（{1}）的比较"
_3S.CoDeSys.Compiler35220.Resources.ErrorMessages.zh-CHS.resources,Wrn_EnumValueDuplicate,"常量{0}被赋值给不止一个枚举"
_3S.CoDeSys.Compiler35220.Resources.ErrorMessages.zh-CHS.resources,Wrn_ExitForRetainInstances,"重置时也会调用 VAR_RETAIN 中实例的 FB_EXIT，但不会调用 FB_INIT.避免使用 FB_EXIT 保留声明功能块！"
_3S.CoDeSys.Compiler35220.Resources.ErrorMessages.zh-CHS.resources,Wrn_ExtendsForInterfaces,"使用关键字EXTENDS继承接口，而不是IMPLEMENTS"
_3S.CoDeSys.Compiler35220.Resources.ErrorMessages.zh-CHS.resources,Wrn_ExternalReferenceIgnored,"外部引用只能用于功能块、方法和函数.忽略对{0} '{1}'的外部引用."
_3S.CoDeSys.Compiler35220.Resources.ErrorMessages.zh-CHS.resources,Wrn_GlobalInitSlotNotForVariables,"属性'global_init_slot'总是会影响到整个变量列表，而不应在单个变量上应用"
_3S.CoDeSys.Compiler35220.Resources.ErrorMessages.zh-CHS.resources,Wrn_GranularityMismatchForDirectVariable,"变量'{0}'的间隔为{1},但位于直接地址{2},该地址没有对齐到{1}字节"
_3S.CoDeSys.Compiler35220.Resources.ErrorMessages.zh-CHS.resources,Wrn_ImplicitCheckFunctionShadowed,"隐式检查函数'{0}'被另一个变量或函数隐藏.请解决冲突并清理编译以使隐式检查函数生效。"
_3S.CoDeSys.Compiler35220.Resources.ErrorMessages.zh-CHS.resources,Wrn_ImplicitEnumConversion,"从一个枚举类型（{0}）到另一个枚举类型（{1}）的隐式转换"
_3S.CoDeSys.Compiler35220.Resources.ErrorMessages.zh-CHS.resources,Wrn_ImplicitIntToReal,"从 '{0}' 到 '{1}'的隐含转换：可能丢失信息"
_3S.CoDeSys.Compiler35220.Resources.ErrorMessages.zh-CHS.resources,Wrn_ImplicitSignedToUnsigned,"从有符号类型 '{0}' 到无符号类型'{1}' 的隐含转换: 可能改变符号"
_3S.CoDeSys.Compiler35220.Resources.ErrorMessages.zh-CHS.resources,Wrn_ImplicitUnsignedToSigned,"从无符号类型 '{0}' 到有符号类型'{1}' 的隐含转换：可能改变符号"
_3S.CoDeSys.Compiler35220.Resources.ErrorMessages.zh-CHS.resources,Wrn_InterfaceChangedBase,"覆盖方法基'{1}'的 '{0}'  的接口与声明不匹配"
_3S.CoDeSys.Compiler35220.Resources.ErrorMessages.zh-CHS.resources,Wrn_InvalidDefaultValue,"在此上下文中，类型{0}不能有默认值"
_3S.CoDeSys.Compiler35220.Resources.ErrorMessages.zh-CHS.resources,Wrn_InvalidStringSize,"字符串的大小不能为负（'{0}'）"
_3S.CoDeSys.Compiler35220.Resources.ErrorMessages.zh-CHS.resources,Wrn_LabelNoReference,"标号 '{0}' 未被引用"
_3S.CoDeSys.Compiler35220.Resources.ErrorMessages.zh-CHS.resources,Wrn_LibraryNotInstalled,"没有安装库{0}，或者没有有效的许可证"
_3S.CoDeSys.Compiler35220.Resources.ErrorMessages.zh-CHS.resources,Wrn_LibWithStringInVarInOut,"考虑将'{1}'中的VAR_IN_OUT字符串变量'{0}'声明为VAR_IN_OUT CONSTANT，以允许调用方传递文字或常量"
_3S.CoDeSys.Compiler35220.Resources.ErrorMessages.zh-CHS.resources,Wrn_LoopExitConditionConstant,"循环退出条件 '{0} {1} {2}'是常量FALSE.可能是死循环"
_3S.CoDeSys.Compiler35220.Resources.ErrorMessages.zh-CHS.resources,Wrn_LValueForVarinoutStrings,"'{1}'的VAR_IN_OUT参数'{0}'需要以写访问作为输入的变量"
_3S.CoDeSys.Compiler35220.Resources.ErrorMessages.zh-CHS.resources,Wrn_MethodAlreadyCalledImplicitly,"方法'{0}'已隐式调用"
_3S.CoDeSys.Compiler35220.Resources.ErrorMessages.zh-CHS.resources,Wrn_MissingAttributeNoAssign,"属性'no_assign' 缺失POU '{0}'?变量'{1}'的类型带有'no_assign'属性."
_3S.CoDeSys.Compiler35220.Resources.ErrorMessages.zh-CHS.resources,Wrn_MissingInstancePathForPersistent,"在VAR_PERSISTENT列表中没有为变量{0}找到匹配的实例路径.使用命令""添加所有实现路径""将所有实例路径添加到VAR_PERSISTENT列表中.(详见帮助)"
_3S.CoDeSys.Compiler35220.Resources.ErrorMessages.zh-CHS.resources,Wrn_NoInheritanceForUnions,"数据类型:UNION"":{0}不能继承"
_3S.CoDeSys.Compiler35220.Resources.ErrorMessages.zh-CHS.resources,Wrn_NoInitialValueForConstant,"常数变量'{0}'没有初始值"
_3S.CoDeSys.Compiler35220.Resources.ErrorMessages.zh-CHS.resources,Wrn_NonAsciiStringLiteral,"字符串字面量'{0}…'包含不可表示的字符.可以使用工程选项""字符串使用UTF-8编码""."
_3S.CoDeSys.Compiler35220.Resources.ErrorMessages.zh-CHS.resources,Wrn_NonLocalAccessToVarInOut,"从外部上下文'{2}'访问在'{1}'中声明的VAR_IN_OUT'{0}'"
_3S.CoDeSys.Compiler35220.Resources.ErrorMessages.zh-CHS.resources,Wrn_NoPointerToBit,"不能引用单个位.对完整字节的引用将会被存储"
_3S.CoDeSys.Compiler35220.Resources.ErrorMessages.zh-CHS.resources,Wrn_NotAllowedInInterfaceLib,"在接口库中不允许'{0}'"
_3S.CoDeSys.Compiler35220.Resources.ErrorMessages.zh-CHS.resources,Wrn_Obsolete,"POU'{0}'已标记为已过时：{1}"
_3S.CoDeSys.Compiler35220.Resources.ErrorMessages.zh-CHS.resources,Wrn_ObsoleteOutputInAbstractMethod,"在抽象方法或接口方法中不使用VAR_OUTPUT的默认值"
_3S.CoDeSys.Compiler35220.Resources.ErrorMessages.zh-CHS.resources,Wrn_OnlyConstantInitialValueForMappedPersistentVar,"只有被替换的常量才能用作映射持久变量的初始值"
_3S.CoDeSys.Compiler35220.Resources.ErrorMessages.zh-CHS.resources,Wrn_PersistentVariableOnStack,"不支持位于堆栈上的功能块实例中的Persistent变量:{0}"
_3S.CoDeSys.Compiler35220.Resources.ErrorMessages.zh-CHS.resources,Wrn_PointerMisatch,"类型'{0}'可能不能转换为类型'{1}'"
_3S.CoDeSys.Compiler35220.Resources.ErrorMessages.zh-CHS.resources,Wrn_Pragma,"由警告pragma生成的用户定义的警告"
_3S.CoDeSys.Compiler35220.Resources.ErrorMessages.zh-CHS.resources,Wrn_ReferenceToUninitializedVariable,"未初始化变量{0}的引用被用于初始化{1}.访问未初始化的变量可能会导致意想不到的结果."
_3S.CoDeSys.Compiler35220.Resources.ErrorMessages.zh-CHS.resources,Wrn_ReservedUnusedKeyword,"名称'{0}' 是IEC61131-3标准中的保留关键字.在将来的版本中会报错误."
_3S.CoDeSys.Compiler35220.Resources.ErrorMessages.zh-CHS.resources,Wrn_ShiftExceedsTypeSize,"{1}的类型大小超过偏移{0} "
_3S.CoDeSys.Compiler35220.Resources.ErrorMessages.zh-CHS.resources,Wrn_StackCheckIncompleteDueToRecursion,"从'{0}'开始的递归调用导致堆栈使用不完整的计算:"
_3S.CoDeSys.Compiler35220.Resources.ErrorMessages.zh-CHS.resources,Wrn_StatementNoEffect,"代码'{0}'不可能执行到.这是有目的的吗？"
_3S.CoDeSys.Compiler35220.Resources.ErrorMessages.zh-CHS.resources,Wrn_StringConstantTooLong,"字符串常量'{0}'对目标类型'{1}'来说太长"
_3S.CoDeSys.Compiler35220.Resources.ErrorMessages.zh-CHS.resources,Wrn_StruturedTypePropertyNotMonitorable,"对于返回结构化类型的属性'{0}'，将忽略监视属性"
_3S.CoDeSys.Compiler35220.Resources.ErrorMessages.zh-CHS.resources,Wrn_TooManyApplications,"已经将{0} 应用定义在设备{1}上.最大数是{2}.因此不能下载全部应用."
_3S.CoDeSys.Compiler35220.Resources.ErrorMessages.zh-CHS.resources,Wrn_UninitialisedVariableUsedInInitialisation,"未初始化的变量{0}用于{1}的初始化。使用属性'global_init_slot'修改初始化顺序."
_3S.CoDeSys.Compiler35220.Resources.ErrorMessages.zh-CHS.resources,Wrn_ValueAssignViaPointerMayChangeVFTable,"{0}指向的实例在被虚函数调用时重新进行初始化.请确认{0}没有指向从{1}继承的类型"
_3S.CoDeSys.Compiler35220.Resources.ErrorMessages.zh-CHS.resources,Wrn_VarInOutUnitializedInInitialValue,"访问未初始化的VAR_IN_OUT变量"
_3S.CoDeSys.Compiler35220.Resources.ErrorMessages.zh-CHS.resources,Wrn_WrongDestructor,"函数块或结构的FB_Exit方法必须有一个BOOL类型的输入'bInCopyCode'和BOOL类型的返回值."
_3S.CoDeSys.Compiler35220.Resources.ErrorMessages.zh-CHS.resources,Wrn_WrongReInit,"功能块或结构体的FB_ReInit方法必须没有输入和BOOL类型的返回值.FB_ReInit不会被自动调用!"
_3S.CoDeSys.Compiler35220.Resources.Strings.zh-CHS.resources,AffectionCopied,"已复制的旧值"
_3S.CoDeSys.Compiler35220.Resources.Strings.zh-CHS.resources,AffectionInitialized,"已初始化"
_3S.CoDeSys.Compiler35220.Resources.Strings.zh-CHS.resources,AffectionLocationChanged,"位置已更改"
_3S.CoDeSys.Compiler35220.Resources.Strings.zh-CHS.resources,AffectionVFTableInitialized,"初始化的虚函数表"
_3S.CoDeSys.Compiler35220.Resources.Strings.zh-CHS.resources,And_Text,"和"
_3S.CoDeSys.Compiler35220.Resources.Strings.zh-CHS.resources,Area_Output_Checked,"{0}所需大小：{1}字节（可用大小：{2}字节）"
_3S.CoDeSys.Compiler35220.Resources.Strings.zh-CHS.resources,Area_Output_Checked_Exceeded,"{0}的大小超过：{1}字节（可用大小：{2}字节）"
_3S.CoDeSys.Compiler35220.Resources.Strings.zh-CHS.resources,Area_Output_Info,"内存区域{0}包含{1}：大小：{2}字节，最高使用的地址：{3}，最大连续存储器间距：{4}字节（{5}％）"
_3S.CoDeSys.Compiler35220.Resources.Strings.zh-CHS.resources,Area_Output_Info_Simple,"存储区域{0}包含{1}：最大的连续内存的差距：{2}（{3}％）"
_3S.CoDeSys.Compiler35220.Resources.Strings.zh-CHS.resources,AttributeAlreadyRegistered,"属性{0}已由另一个插件注册"
_3S.CoDeSys.Compiler35220.Resources.Strings.zh-CHS.resources,AttributeInvalidRange,"{0}不是属性 '{1}'的一个有效值.需要在范围 [{2}..{3}]中的值"
_3S.CoDeSys.Compiler35220.Resources.Strings.zh-CHS.resources,AttributeInvalidTypeInteger,"属性'{1}'的值'{0}'是无效的.需要在单引号中附上整数('42')"
_3S.CoDeSys.Compiler35220.Resources.Strings.zh-CHS.resources,AttributeMustBeEmpty,"未知值'{0}'分配给了属性'{0}' "
_3S.CoDeSys.Compiler35220.Resources.Strings.zh-CHS.resources,AttributeMustNotBeEmpty,"需要一个值分配给属性'{0}' "
_3S.CoDeSys.Compiler35220.Resources.Strings.zh-CHS.resources,AttributeNotInFunctionFBOrMethod,"属性'{0}'只会为功能，功能块或方法类型的POU进行评估"
_3S.CoDeSys.Compiler35220.Resources.Strings.zh-CHS.resources,AttributeNotInMethod,"属性'{0}'只会为方法类型的POU进行评估"
_3S.CoDeSys.Compiler35220.Resources.Strings.zh-CHS.resources,AttributeNotSupportedWithCompilerVersion,"属性'{0}'只被编译器版本{1}或更新的版本进行编译.当前的编译器版本是 {2}."
_3S.CoDeSys.Compiler35220.Resources.Strings.zh-CHS.resources,AttributeStrictDesc,"在编译时，赋予枚举类型声明以 'strict '属性只会强制有效的枚举成员的常量赋值"
_3S.CoDeSys.Compiler35220.Resources.Strings.zh-CHS.resources,AttributeStrictNoValidSignature,"属性 'strict'只会为枚举类型声明而进行评估"
_3S.CoDeSys.Compiler35220.Resources.Strings.zh-CHS.resources,AttributeToStringFunctionWrongPOUType,"属性{0}只对类型声明和功能块有效"
_3S.CoDeSys.Compiler35220.Resources.Strings.zh-CHS.resources,AttributeToStringWrongType,"属性{0}仅对枚举有效"
_3S.CoDeSys.Compiler35220.Resources.Strings.zh-CHS.resources,AttributeUnknown,"属性{0}是未知的并且将会被编译器忽略"
_3S.CoDeSys.Compiler35220.Resources.Strings.zh-CHS.resources,AttributeValueMustBeOneOf,"属性'{1}'的无效值'{0}'应该是:{2}之一"
_3S.CoDeSys.Compiler35220.Resources.Strings.zh-CHS.resources,AttributeWrongScopeSigns,"属性'{0}' 只能添加到变量声明中.此处将忽略该属性"
_3S.CoDeSys.Compiler35220.Resources.Strings.zh-CHS.resources,AttributeWrongScopeVars,"属性 '{0}' 已经被添加至一个变量中,但是只会影响POU.属性将会被忽略."
_3S.CoDeSys.Compiler35220.Resources.Strings.zh-CHS.resources,Build,"编译"
_3S.CoDeSys.Compiler35220.Resources.Strings.zh-CHS.resources,BuildCompleteErrors,"构建完整--{0}错误,{1}警告：不能下载"
_3S.CoDeSys.Compiler35220.Resources.Strings.zh-CHS.resources,BuildCompleteOK,"构建完整--{0}错误,{1}警告：准备下载"
_3S.CoDeSys.Compiler35220.Resources.Strings.zh-CHS.resources,BuildStarted,"------ 开始构建应用程序 {0} -------"
_3S.CoDeSys.Compiler35220.Resources.Strings.zh-CHS.resources,C138ErrMsgCheckSyntax,"检查语法 '{0} : {1}({2})'"
_3S.CoDeSys.Compiler35220.Resources.Strings.zh-CHS.resources,C138ErrMsgRequiresNInputs,"指定的'FB_Init'方法需要{0}个输入."
_3S.CoDeSys.Compiler35220.Resources.Strings.zh-CHS.resources,Change_AttributesChanged,"属性改变"
_3S.CoDeSys.Compiler35220.Resources.Strings.zh-CHS.resources,Change_CodeChanged,"执行已改变"
_3S.CoDeSys.Compiler35220.Resources.Strings.zh-CHS.resources,Change_DefineChanged,"定义改变"
_3S.CoDeSys.Compiler35220.Resources.Strings.zh-CHS.resources,Change_GlobalErrors,"在项目中的全局错误"
_3S.CoDeSys.Compiler35220.Resources.Strings.zh-CHS.resources,Change_InterfaceAdded,"插入"
_3S.CoDeSys.Compiler35220.Resources.Strings.zh-CHS.resources,Change_InterfaceChange_Explicitly,"更改声明，明确无效"
_3S.CoDeSys.Compiler35220.Resources.Strings.zh-CHS.resources,Change_InterfaceChanged,"更改声明"
_3S.CoDeSys.Compiler35220.Resources.Strings.zh-CHS.resources,Change_InterfaceDeleted,"删除"
_3S.CoDeSys.Compiler35220.Resources.Strings.zh-CHS.resources,Change_NumOfSubSignaturesChanged,"方法或操作数已改变"
_3S.CoDeSys.Compiler35220.Resources.Strings.zh-CHS.resources,Change_ParameterTablesChanged,"库参数表已改变"
_3S.CoDeSys.Compiler35220.Resources.Strings.zh-CHS.resources,Change_ReferencedLibrariesChanged,"引用库已改变"
_3S.CoDeSys.Compiler35220.Resources.Strings.zh-CHS.resources,Change_VariableChanged,"变更变量{0} "
_3S.CoDeSys.Compiler35220.Resources.Strings.zh-CHS.resources,Change_VariableDeleted,"删除变量{0} "
_3S.CoDeSys.Compiler35220.Resources.Strings.zh-CHS.resources,Change_VariableInserted,"插入变量{0} "
_3S.CoDeSys.Compiler35220.Resources.Strings.zh-CHS.resources,ClearDownloadContext,"清除下载语境"
_3S.CoDeSys.Compiler35220.Resources.Strings.zh-CHS.resources,Code_Text,"代码"
_3S.CoDeSys.Compiler35220.Resources.Strings.zh-CHS.resources,CodeNoChange,"代码未改变.不需要在线更改."
_3S.CoDeSys.Compiler35220.Resources.Strings.zh-CHS.resources,CompileCompleteErrors,"完整编译 -- {0} 错误, {1} 警告"
_3S.CoDeSys.Compiler35220.Resources.Strings.zh-CHS.resources,CompileCompleteOK,"完整编译 -- {0} 错误, {1} 警告"
_3S.CoDeSys.Compiler35220.Resources.Strings.zh-CHS.resources,Data_Text,"数据"
_3S.CoDeSys.Compiler35220.Resources.Strings.zh-CHS.resources,DoCodeTypification,"代码典型化"
_3S.CoDeSys.Compiler35220.Resources.Strings.zh-CHS.resources,DoLocation,"定位全局数据"
_3S.CoDeSys.Compiler35220.Resources.Strings.zh-CHS.resources,DoTypification,"检索工作集"
_3S.CoDeSys.Compiler35220.Resources.Strings.zh-CHS.resources,DownloadInfoSaveException,"下载信息文件不能保存到 {0}中.\n重下装工程后，无法登录到设备上.\n因为：\n{1}"
_3S.CoDeSys.Compiler35220.Resources.Strings.zh-CHS.resources,Err_CompilerVersionError,"编译器版本{0}已经撤回.请使用更高的编译器版本."
_3S.CoDeSys.Compiler35220.Resources.Strings.zh-CHS.resources,ErrExpressionContainsNoAppName,"表达式中不包含应用程序的名称"
_3S.CoDeSys.Compiler35220.Resources.Strings.zh-CHS.resources,ErrExpressionContainsNoResource,"表达式中不包含源名称"
_3S.CoDeSys.Compiler35220.Resources.Strings.zh-CHS.resources,ErrInvalidExpression,"无效表达式"
_3S.CoDeSys.Compiler35220.Resources.Strings.zh-CHS.resources,ErrMultipleAreasWithMappedSegmentAccess,"找到多个带有只读取已映射片段编制设定的区域"
_3S.CoDeSys.Compiler35220.Resources.Strings.zh-CHS.resources,ErrNoApplication,"未发现应用程序"
_3S.CoDeSys.Compiler35220.Resources.Strings.zh-CHS.resources,ErrNoAreaWithMappedSegmentAccess,"已找到已映射片段但无区域被标记为只读取已映射片段"
_3S.CoDeSys.Compiler35220.Resources.Strings.zh-CHS.resources,ErrorLimitExceeded,"多于{0}个错误：跳过所有进一步的错误信息"
_3S.CoDeSys.Compiler35220.Resources.Strings.zh-CHS.resources,ErrSignatureNotFound,"未找到签名"
_3S.CoDeSys.Compiler35220.Resources.Strings.zh-CHS.resources,Except_Boot_Project_Error,"此状态下启动项目无法使用：应用程序内存不足.首先执行完全下载."
_3S.CoDeSys.Compiler35220.Resources.Strings.zh-CHS.resources,Except_Boot_Project_Error_CompileContext_Not_UpToDate,"在这种状态下不能启动工程：内部错误"
_3S.CoDeSys.Compiler35220.Resources.Strings.zh-CHS.resources,Except_Boot_Project_Error_Error_In_Compile,"此状态下启动项目无法使用:创建启动项目信息出错.请参阅消息窗口."
_3S.CoDeSys.Compiler35220.Resources.Strings.zh-CHS.resources,FeatureGroup_Description,"IEC 61131-3语言的特性"
_3S.CoDeSys.Compiler35220.Resources.Strings.zh-CHS.resources,FeatureGroup_Name,"IEC 61131-3语言"
_3S.CoDeSys.Compiler35220.Resources.Strings.zh-CHS.resources,GenerateCode,"为{0}生成代码..."
_3S.CoDeSys.Compiler35220.Resources.Strings.zh-CHS.resources,GenerateCodeInit,"生成代码初始化..."
_3S.CoDeSys.Compiler35220.Resources.Strings.zh-CHS.resources,GenerateCodeProgress,"生成代码..."
_3S.CoDeSys.Compiler35220.Resources.Strings.zh-CHS.resources,GenerateGlobalInit,"生成全局初始化..."
_3S.CoDeSys.Compiler35220.Resources.Strings.zh-CHS.resources,GenerateRelocations,"生成重定位..."
_3S.CoDeSys.Compiler35220.Resources.Strings.zh-CHS.resources,GeneratingCode,"生成代码..."
_3S.CoDeSys.Compiler35220.Resources.Strings.zh-CHS.resources,Getter,"获取者"
_3S.CoDeSys.Compiler35220.Resources.Strings.zh-CHS.resources,GlobalInitErrorPrefix,"隐式初始化代码中的错误："
_3S.CoDeSys.Compiler35220.Resources.Strings.zh-CHS.resources,GVLChanged,"全局变量列表'{0}'改变"
_3S.CoDeSys.Compiler35220.Resources.Strings.zh-CHS.resources,GVLRenamedOrDeleted,"重命名或删除全局变量列表“{0}”"
_3S.CoDeSys.Compiler35220.Resources.Strings.zh-CHS.resources,HiddenPousPlaceholder,"<隐藏POU>"
_3S.CoDeSys.Compiler35220.Resources.Strings.zh-CHS.resources,Input_Text,"输入"
_3S.CoDeSys.Compiler35220.Resources.Strings.zh-CHS.resources,InterfaceChanged,"接口'{0}'改变"
_3S.CoDeSys.Compiler35220.Resources.Strings.zh-CHS.resources,InterfaceReferencesAffected,"重定向时下列接口引用已被测试："
_3S.CoDeSys.Compiler35220.Resources.Strings.zh-CHS.resources,InterfacesChanged,"下列POU接口已被更改："
_3S.CoDeSys.Compiler35220.Resources.Strings.zh-CHS.resources,InvalidBooleanValue,"无效值"
_3S.CoDeSys.Compiler35220.Resources.Strings.zh-CHS.resources,LanguageModelMngrOptionConditionalShowSymbols_Description,"用于从最终用户在库中隐藏变量"
_3S.CoDeSys.Compiler35220.Resources.Strings.zh-CHS.resources,Libraries,"库"
_3S.CoDeSys.Compiler35220.Resources.Strings.zh-CHS.resources,LibrariesChanged,"库变更"
_3S.CoDeSys.Compiler35220.Resources.Strings.zh-CHS.resources,LoadCompileContext,"加载编译信息"
_3S.CoDeSys.Compiler35220.Resources.Strings.zh-CHS.resources,LoadingLibraries,"加载库..."
_3S.CoDeSys.Compiler35220.Resources.Strings.zh-CHS.resources,Memory_Text,"内存"
_3S.CoDeSys.Compiler35220.Resources.Strings.zh-CHS.resources,MethodAdded,"方法'{0}'的{1}'{2}'已添加"
_3S.CoDeSys.Compiler35220.Resources.Strings.zh-CHS.resources,MethodChanged,"方法'{0}'的{1}'{2}'已更改"
_3S.CoDeSys.Compiler35220.Resources.Strings.zh-CHS.resources,MethodRenamedOrDeleted,"方法'{0}'的{1}'{2}'已重命名或删除"
_3S.CoDeSys.Compiler35220.Resources.Strings.zh-CHS.resources,NumInterfacesChanged,"POU的{0}个接口已被更改"
_3S.CoDeSys.Compiler35220.Resources.Strings.zh-CHS.resources,NumInterfacesToTest,"重定向后{0}个接口引用已被测试"
_3S.CoDeSys.Compiler35220.Resources.Strings.zh-CHS.resources,NumPOUsDownloaded,"{0}个POU修改了代码"
_3S.CoDeSys.Compiler35220.Resources.Strings.zh-CHS.resources,NumVariablesAffected,"在线修改影响{0}个变量，{1}个修改了位置，{2}个初始化，{3}个复制，{4}个初始化了虚函数表"
_3S.CoDeSys.Compiler35220.Resources.Strings.zh-CHS.resources,OnlineChangeRelinkCodegenProgress,"生成的代码可以重新链接接口"
_3S.CoDeSys.Compiler35220.Resources.Strings.zh-CHS.resources,OnlineChangeRelinkProgress,"检查可能的接口引用变量"
_3S.CoDeSys.Compiler35220.Resources.Strings.zh-CHS.resources,OR,"或"
_3S.CoDeSys.Compiler35220.Resources.Strings.zh-CHS.resources,Output_Text,"输出"
_3S.CoDeSys.Compiler35220.Resources.Strings.zh-CHS.resources,ParamsArray_Comment,"'arrParams'是一个基于1的阵列，保存着传递到本函数上的实际值，不得分配或初始化以及使用任何超出'nCount'的值"
_3S.CoDeSys.Compiler35220.Resources.Strings.zh-CHS.resources,ParamsCount_Comment,"对定义传递到这个函数上的形式参数的数量进行统计."
_3S.CoDeSys.Compiler35220.Resources.Strings.zh-CHS.resources,Persistent_Text,"持续型数据"
_3S.CoDeSys.Compiler35220.Resources.Strings.zh-CHS.resources,PersistenVariablesChanged,"永久变量被改变！是否用当前列表进行初始化？\n是：当前列表将被初始化，所有永久变量的当前值被覆盖。\n否：已存在的永久变量值将被保持并被使用。\n警告：永久变量不一定与这些值相匹配，你必须手动检查这些值！"
_3S.CoDeSys.Compiler35220.Resources.Strings.zh-CHS.resources,POUChanged,"{0} '{1}'改变"
_3S.CoDeSys.Compiler35220.Resources.Strings.zh-CHS.resources,POURenamedOrDeleted,"{0} '{1}'重命名或删除"
_3S.CoDeSys.Compiler35220.Resources.Strings.zh-CHS.resources,POUsDownloaded,"下列POU的代码将会被下载"
_3S.CoDeSys.Compiler35220.Resources.Strings.zh-CHS.resources,POUUnit,"POU"
_3S.CoDeSys.Compiler35220.Resources.Strings.zh-CHS.resources,Precompile,"预编译"
_3S.CoDeSys.Compiler35220.Resources.Strings.zh-CHS.resources,ProjectUpToDate,"此应用程序是最新的"
_3S.CoDeSys.Compiler35220.Resources.Strings.zh-CHS.resources,Retain_Text,"保留数据"
_3S.CoDeSys.Compiler35220.Resources.Strings.zh-CHS.resources,Scanner_Initialize_char_array_must_end_with_null_value,"字符数组必须以空值结束"
_3S.CoDeSys.Compiler35220.Resources.Strings.zh-CHS.resources,Setter,"设定者"
_3S.CoDeSys.Compiler35220.Resources.Strings.zh-CHS.resources,String1,"本项目中规定的编译器版本已被否决.尽管项目仍能被编译,但推荐将编译器版本更新至最新版本.请注意,在更新编译器版本之后,旧版本将不适用于本项目."
_3S.CoDeSys.Compiler35220.Resources.Strings.zh-CHS.resources,SupportExtendedProgrammingFeatureSettingProvider_Description,"如果扩展编程特性如面向对象编程或属性是可用的，它们会被用户接口支持。注意：这不影响包含这些元素的已有工程的打开和编译。"
_3S.CoDeSys.Compiler35220.Resources.Strings.zh-CHS.resources,SupportExtendedProgrammingFeatureSettingProvider_Name,"支持扩展编程特性"
_3S.CoDeSys.Compiler35220.Resources.Strings.zh-CHS.resources,TextContains,"包含"
_3S.CoDeSys.Compiler35220.Resources.Strings.zh-CHS.resources,TypeChanged,"类型'{0}'改变"
_3S.CoDeSys.Compiler35220.Resources.Strings.zh-CHS.resources,TypeRenamedOrDeleted,"类型'{0}'已重命名或删除"
_3S.CoDeSys.Compiler35220.Resources.Strings.zh-CHS.resources,TypifyAll,"代码典型化..."
_3S.CoDeSys.Compiler35220.Resources.Strings.zh-CHS.resources,UnexpectedExpression,"'未知表达式 {0}'"
_3S.CoDeSys.Compiler35220.Resources.Strings.zh-CHS.resources,UnresolvedVariable,"未解决的变量{0}"
_3S.CoDeSys.Compiler35220.Resources.Strings.zh-CHS.resources,UpdatingCompilerVersion,"升级编译器版本"
_3S.CoDeSys.Compiler35220.Resources.Strings.zh-CHS.resources,VariableDeclarationChanged,"变量'{0}'在'{1}'中的声明已更改"
_3S.CoDeSys.Compiler35220.Resources.Strings.zh-CHS.resources,VariableRenamedOrDeleted,"重命名或删除变量'{0}','{1}'"
_3S.CoDeSys.Compiler35220.Resources.Strings.zh-CHS.resources,VariablesAffected,"在线修改会影响到下列变量："
_3S.CoDeSys.Compiler35220.Resources.Strings.zh-CHS.resources,WarningLimitExceeded,"多于{0}个警告：跳过所有进一步警告信息"
_3S.CoDeSys.Compiler35220.Resources.Strings.zh-CHS.resources,Warnings,"警告"
_3S.CoDeSys.Compiler35220.Resources.Strings.zh-CHS.resources,WritingCompileInformationProgressText,"完成写入编译信息..."
