id,key,text,source
0,None,"Нет","authored"
1,Err_ConstantOverflow,"Константа '{0}' слишком велика для типа '{1}'","native_35220.ru"
2,Err_Operator1of2Expected,"'{0}' или '{1}' требуется вместо '{2}'","native_35220.ru"
3,Err_BitNrOverflow,"'{0}' не является корректным битовым номером для '{1}'","native_35220.ru"
4,Err_NoComponentOf,"'{0}' не является компонентом '{1}'","native_35220.ru"
5,Err_OverflowInAddress,"Постоянное переполнение по адресу '{0}'","native_35220.ru"
6,Err_OperatorExpected,"'{0}' требуется вместо '{1}'","native_35220.ru"
7,Err_ExpressionExpectedInstead,"Вместо '{0}' требуется выражение","native_35220.ru"
8,Err_Operator1of3ExpectedInsteadofEOF,"Недопустимый End-of-file: требуется '{0}', '{1}' или '{2}'","native_35220.ru"
9,Err_UnexpectedTokenFound,"Обнаружен недопустимый символ '{0}'","native_35220.ru"
10,Err_OperatorExpectedInsteadofEOF,"Недопустимый End-of-file: требуется '{0}'","native_35220.ru"
11,Err_NoCaseLabelFound,"Метка не найдена","native_35220.ru"
12,Err_NoValidCondition,"'{0}' не является корректным условием","native_35220.ru"
13,Err_AtLeastOneExpected,"Требуется не менее одного оператора","native_35220.ru"
14,Err_ConditionExpected,"Требуется условие","native_35220.ru"
15,Err_CounterStartExpected,"Требуется начальное значение счетчика","native_35220.ru"
16,Err_UpperBoundExpected,"Требуется верхняя граница для FOR-цикла","native_35220.ru"
17,Err_InvalidLoopIncrement,"Некорректный инкремент цикла","native_35220.ru"
18,Err_IsNoLValue,"'{0}' не является корректным объектом присваивания","native_35220.ru"
19,Err_RValueRequired,"Присваиваие не имеет корректного источника","native_35220.ru"
20,Err_NoValidStatement,"'{0}' не является корректным заявлением","native_35220.ru"
21,Err_NoValidOperand,"'{0}' не является корректным операндом","native_35220.ru"
22,Err_OpNeedsExactInputs,"Для '{0}' требуется ровно '{1}' операндов","native_35220.ru"
23,Err_OpNeedsAtLeastInputs,"Для '{0}' необходимо как минимум '{1}' операндов","native_35220.ru"
24,Err_IllegalOperator,"'{0}' не является корректным ST-оператором","native_35220.ru"
25,Err_Operator1of4Expected,"'{0}', '{1}',  '{2}' или '{3}' требуется вместо '{4}'","native_35220.ru"
26,Err_IdentifierExpected,"Вместо '{0}' требуется идентификатор","native_35220.ru"
27,Err_StringSizeExpected,"После ""("" требуется размер строки","native_35220.ru"
28,Err_Operator1of3Expected,"'{0}', '{1}' или '{2}' требуется вместо '{3}'","native_35220.ru"
30,Err_AddressExpected,"После ""AT"" вместо {0} требуется прямой адрес","native_35220.ru"
31,Err_TypeExpected,"Вместо '{0}' требуется определение типа","native_35220.ru"
32,Err_TypeMismatch,"Невозможно конвертировать тип '{0}' в тип '{1}'","native_35220.ru"
33,Wrn_PointerMisatch,"Тип '{0}', вероятно, не конвертируется в тип '{1}'","native_35220.ru"
34,Err_Multiassigninfor,"Для цикла требуется ровно один счетчик","native_35220.ru"
35,Err_CalleeInvalidType,"Вместо '{0}' требуется имя программы, функция или экземпляр функционального блока","native_35220.ru"
36,Err_WrongObjectType,"Невозможно вызвать объект типа '{0}'","native_35220.ru"
37,Err_IsNoInput,"'{0}'не является входом '{1}'","native_35220.ru"
38,Err_IsNoOutput,"'{0}' не является выходом '{1}'","native_35220.ru"
39,Err_InOutNotAssigned,"VAR_IN_OUT '{0}' должен присваиваться в вызове '{1}'","native_35220.ru"
40,Err_FunNeedsNInputs,"Для функции '{0}' требуется ровно '{1}' входов","native_35220.ru"
41,Err_LValueForVarinout,"VAR_IN_OUT-параметр '{0}' из '{1}' требует переменной с доступом записи в качестве входа","native_35220.ru"
42,Err_FunctionCallMixedStyle,"В вызове функции должны быть отмечены либо все, либо никакие формальные параметры","native_35220.ru"
43,Err_WrongFormalParameter,"Неверный формальный параметр: '{0}' требуется здесь","native_35220.ru"
44,Err_InputMissing,"Присваивание для входа отсутствует для параметра '{0}' в вызове '{1}'","native_35220.ru"
45,Err_ThisNotAllowed,"Выражение THIS недопустимо в этом контексте","native_35220.ru"
46,Err_IdentNotDefined,"Идентификатор '{0}' не задан","native_35220.ru"
47,Err_IndexingInvalid,"Невозможно применить индексацию с [] к выражению типа '{0}'","native_35220.ru"
48,Err_ArrayIndexNumWrong,"Для массива требуется ровно {0} индексов","native_35220.ru"
49,Err_ConstantIndexOutOfRange,"Константый индекс '{0}' находится вне диапазона от '{1}' до '{2}'","native_35220.ru"
50,Err_Bitaccessnoconst,"Для битового доступа требуется литерал или символьная целочисленная константа","native_35220.ru"
51,Err_AttributeNameExpected,"Для значения атрибута вместо '{0}' требуется однобайтовая строка","native_35220.ru"
52,Txt_ParentContextNotUpToDate,"""Контекст неактуален"".","native_35220.ru"
53,Err_CompilerVersionError,"Версия компилятора {0} отозвана. Используйте более новую версию.","native_35220.ru"
61,Err_NoBitAccessOnFunctionCall,"Битовый доступ к вызову функции невозможен","native_35220.ru"
62,Err_CompoAccessNoStruct,"'{0}' не является структурированной переменной","native_35220.ru"
63,Err_ContainsNoDefinition,"'{0}' не содержит определения для '{1}'","native_35220.ru"
64,Err_DerefNoPointer,"Для разыменования требуется указатель","native_35220.ru"
65,Err_NoGlobalDefine,"Отсутствует глобальне определение для '{0}'","native_35220.ru"
66,Err_TypesNotComparable,"Невозможно сравнить тип '{0}' с типом '{1}'","native_35220.ru"
68,Err_CompareNotPossible1,"Сравнение невозможно для объектов типа '{0}'","native_35220.ru"
69,Err_CompareNotPossible2,"Сравнение невозможно для объектов типа '{0}' или '{1}'","native_35220.ru"
70,Err_IniNeedsUserdefType,"Для оператора INI необходим экземпляр функционального блока или DUT-экземпляр","native_35220.ru"
71,Err_CannotAddMultipleTime,"Невозможно сложить несколько операндов типа '{0}'","native_35220.ru"
72,Err_OperationNotPossibleOnType,"Операция '{0}' невозможна над типом '{1}'","native_35220.ru"
73,Err_CannotMultiplyMultipleTime,"Нельзя перемножить несколько операндов типа '{0}'","native_35220.ru"
74,Err_UnexpectedArrayInitialisation,"Недопустимая инициализация массива","native_35220.ru"
75,Err_TooManyInitializer,"Слишком много инициализаторов для массива","native_35220.ru"
76,Err_UnexpectedStructureInitialisation,"Недопустимая инициализация структуры","native_35220.ru"
77,Err_UnknownType,"Неизвестный тип: '{0}'","native_35220.ru"
78,Err_UnsupportedType,"Неподдерживаемый тип: '{0}'","native_35220.ru"
80,Err_FunctionBlockNeedsInstance,"Функциональный блок '{0}' должен иметь экземпляр","native_35220.ru"
81,Err_UnexpectedPragmaif,"Недопустимая директива: '{0}' обнаружено без соответствующего 'if'","native_35220.ru"
82,Err_NoValidConditionforPragma,"'{0}' не является подходящим условием для директивы","native_35220.ru"
83,Err_UnexpectedOperandForIndexOf,"Недопустимый операнд '{0}' в '{1}'","native_35220.ru"
84,Err_NoValidOperandforPragma,"'{0}' не является подходящим операндом для директивы","native_35220.ru"
85,Err_DefineValueExpected,"Значение требуется вместо '{0}'","native_35220.ru"
86,Err_InterfaceNotFound,"Не найдено определения для интерфейса '{0}'","native_35220.ru"
87,Err_NoMethodImplementation,"Отсутствует реализация для метода '{0}', заданного в интерфейсе '{1}'","native_35220.ru"
88,Err_SomethingOverridingMethod,"{0} '{1}' перезаписывает метод интерфейса '{2}'","native_35220.ru"
89,Err_InterfaceChanged,"Интерфейс перезаписанного метода '{0}' интерфейса '{1}' не соответствует объявлению","native_35220.ru"
90,Err_BaseClassNotFound,"Для базового класса '{0}' отсутствует определение","native_35220.ru"
91,Err_SelfInheritanceBase,"Рекурсия в списке базовых функциональных блоков: {0}","native_35220.ru"
92,Err_OnlyMethodsOverride,"Невозможно заменить {0} {1} из {2}: только методы допустимы для перезаписи","native_35220.ru"
93,Err_SomethingOverridingMethodBase,"{0} '{1}' заменяет метод базового '{2}'","harvest:Compiler35170 / Compiler35170.plugin.resources.dll / _3S.CoDeSys.Compiler35170.Resources.ErrorMessages.ru.resources"
94,Err_InterfaceChangedBase,"Интерфейс перезаписанного метода '{0}' основы '{1}' не соответствует объявлению","native_35220.ru"
95,Err_SelfInheritance,"Рекурсия в интерфейсах: {0}","native_35220.ru"
96,Err_NoMultipleInheritance,"В списке EXTENDS (расширение) можно задать только один функциональный блок","native_35220.ru"
97,Err_VariableOverride,"Повторяющееся определение переменной '{0}' в функциональном блоке '{1}' и в основе '{2}'","native_35220.ru"
98,Err_FunctionBlockNoLongerValid,"Ключевое слово FUNCTIONBLOCK больше не поддерживается. Используйте FUNCTION_BLOCK","native_35220.ru"
99,Err_NoLocalEnum,"Локально заданное перечисление больше не поддерживается. Вместо этого используйте определение типа данных.","native_35220.ru"
100,Wrn_LibraryNotInstalled,"Библиотека {0} не добавлена в Менеджер библиотек, либо не найдено корректной лицензии","native_35220.ru"
101,Err_DataRecursion,"Рекурсия данных: {0}","native_35220.ru"
102,Err_OutOfRetainMemory,"Недостаточно энергонезависимой памяти: Переменная '{0}', {1} байт (Инкрементная компиляция может привести к фрагментации памяти. Выполните команду ""Компиляция, очистка"" для принудительного распределения всех данных и кода.)","native_35220.ru"
103,Err_OutOfRetainMemoryWithWholeSize,"Недостаточно энергонезависимой памяти: Переменная '{0}', {1} байт (Наибольший промежуток в памяти - {2})  (Инкрементная компиляция может привести к фрагментации памяти. Выполните команду ""Компилировать, Очистить"" для принудительного перераспределения данных и кода.)","native_35220.ru"
104,Err_OutOfMemory,"Недостаточно памяти глобольных данных: Переменная '{0}', {1} байт. (Инкрементная компиляция может привести к фрагментации памяти. Выполните команду ""Компилировать, Очистить"" для принудительного перераспределения данных и кода.)","native_35220.ru"
105,Err_OutOfMemoryFunctionPointer,"Недостаточно памяти глобальных данных: указатель функции для '{0}' не может быть выделен","native_35220.ru"
106,Err_OutOfMemoryWithWholeSize,"Недостаточно памяти глобальных данных: переменная '{0}', {1} байт (Наибольший промежуток в памяти - {2})  (Инкрементная компиляция или добавление переменных в persistent-список может привести к фрагментации памяти. Выполните команду ""Объявления, переупорядочить список и очистить промежутки"" или ""Компилировать, Очистить"" для принудительного перераспределения прочих данных и кода.)","native_35220.ru"
107,Err_VarTooBig,"Переменная '{0}' слишком велика. (Размер переменной: {1}, Размер сегмента: {2})","native_35220.ru"
108,Err_NoInputMemory,"Нет зарезервированной входной памяти","native_35220.ru"
109,Err_NoOutputMemory,"Выходной памяти не зарезервировано","native_35220.ru"
110,Err_NoMemoryMemory,"Нет зарезервированной памяти","native_35220.ru"
111,Err_AddressOutOfRange,"Адрес '{0}' вне диапазона: Pассчитанный сдвиг: {1}, выделенный размер: {2}","native_35220.ru"
112,Err_AddressMisaligned,"Адрес {0} некорректен для типа данных {1}","native_35220.ru"
113,Err_NoBitTypeOnBitAddress,"Тип {0} недопустим для битового адреса {1}","native_35220.ru"
114,Err_InvalidJumpDestination,"Некорректная цель {0} для JMP","native_35220.ru"
115,Err_CalcNeedsCall,"Второй параметр условного вызова должен соответствующим оператором вызова","native_35220.ru"
116,Err_DuplicateLabelDefinition,"Метка '{0}' не уникальна","native_35220.ru"
117,Err_NoSuchLabel,"Отсутствует метка '{0}' в области выражения JMP.","native_35220.ru"
118,Wrn_LabelNoReference,"Метка '{0}' не используется","native_35220.ru"
119,Err_WrongConstructor,"Для метода FB_Init функционального блока или структуры требуется два входа 'bInitRetains' и 'bInCopyCode' типа BOOL","harvest:Compiler35170 / Compiler35170.plugin.resources.dll / _3S.CoDeSys.Compiler35170.Resources.ErrorMessages.ru.resources"
120,Err_WrongDestructor,"Метод FB_Exit функционального блока или структуры должен иметь один вход 'bInCopyCode' типа BOOL и возвращаемое значение типа BOOL.","harvest:Compiler35170 / Compiler35170.plugin.resources.dll / _3S.CoDeSys.Compiler35170.Resources.ErrorMessages.ru.resources"
122,Err_BaseNotAllowed,"Выражение SUPER недопустимо в данном контексте","native_35220.ru"
124,Err_NoValidEnumInit,"{0} не является подходящим значением для перечисления","native_35220.ru"
125,Wrn_EnumValueDuplicate,"Константа {0} присвоена нескольким перечислениям","native_35220.ru"
126,Err_IndexNumWrong,"Переменная '{0}' требует хотя бы 1 индекса","native_35220.ru"
127,Err_OutOfCodeMemory,"Недостаточно кодовой памяти: POU '{0}', {1} байт. (Инкрементная компиляция может привести к фрагментации памяти. Выполните команду ""Компилировать, Очистить"" для принудительного перераспределения данных и кода.)","native_35220.ru"
128,Err_NoInstancePath,"Отсутствует VAR_CONFIG для '{0}'","native_35220.ru"
129,Err_NoValidInstancePath,"'{0}' не является корректным путем экземпляра","native_35220.ru"
130,Err_MissingParameterList,"{0} '{1}' указано без круглых скобок '()'","native_35220.ru"
131,Err_WrongTypeForAdr,"'{0}' недопустим в качестве операнда для ADR","native_35220.ru"
132,Err_NoEnclosingLoopExit,"Отсутствует замкнутый цикл, на который можно применить {0}","native_35220.ru"
135,Err_NotSupportedInInterface,"Такой код недопутим в разделе объявления","native_35220.ru"
136,Err_Ambiguity,"неоднозначное использование имени '{0}' ","native_35220.ru"
138,Err_NoMatchingInitMethodFound,"Для создания экземпляра {0} не найдено подходящего метода 'FB_Init'","native_35220.ru"
139,Wrn_StatementNoEffect,"Код '{0}' не имеет действия. Это сделано намеренно?","native_35220.ru"
140,Err_LValueNoRefType,"Присвоение ссылки возможно только для переменных типа Reference ","native_35220.ru"
141,Err_LValueForReference,"Требуется переменная с доступом для записи","native_35220.ru"
142,Err_VariableDuplicate,"Локальная переменная с именем '{0}' уже задана в '{1}'","native_35220.ru"
143,Err_NoReadAccessToProperty,"Свойство '{0}' не может использоваться в этом контексте, поскольку отсутствует средство доступа get","native_35220.ru"
144,Err_InheritanceError,"Наследование возможно только в функциональных блоках, интерфейсах и структурах","native_35220.ru"
145,Err_InterfaceImplementationError,"Интерфейсы могут реализовываться только функциональными блоками","native_35220.ru"
146,Err_ParamsNotAllowed,"Параметр PARAMS должен быть последним входным параметром функции или метода","native_35220.ru"
149,Err_NoVarsinInterface,"Объявления переменных недопустимы в интерфейсах","native_35220.ru"
150,Err_OneAccessorRequired,"Для свойства '{0}' требуется хотя бы одно средство доступа","native_35220.ru"
161,Err_ArrayBorderIsNoConstant,"Граница '{0}' массива не является постоянным значением","native_35220.ru"
162,Err_ArrayInitialisationCountNoConstant,"Число '{0}' инициализаций массива не является постоянным значением","native_35220.ru"
163,Err_LowerGreaterUpperBorder,"Нижняя граница должна быть ниже верхней границы","native_35220.ru"
164,Err_POUCalledFromDifferentTasks,"POU {0} выполняет запись в выход {1} и вызывается в нескольких задачах","native_35220.ru"
165,Err_OutputByteWrittenFromDifferentTasks,"В нескольких задачах записывается один и тот же байт выходной памяти","native_35220.ru"
167,Err_VarAccessNotSupported,"VAR_ACCESS не поддерживается","native_35220.ru"
168,Err_VarConfigNotAllowed,"Объявление VAR_CONFIG допустимо только в списке VAR_CONFIG","native_35220.ru"
169,Err_VarGlobalNotAllowed,"Объявление в 'VAR_GLOBAL' допустимо только в списке глобальных переменных","native_35220.ru"
170,Err_StructureNotAllowed,"Объявление 'STRUCT' допустимо только в DUT","native_35220.ru"
171,Err_UnionNotAllowed,"Объявление UNION допустимо только в DUT","native_35220.ru"
172,Err_StaticNotAllowed,"Объявление 'VAR_STAT' здесь недопустимо","native_35220.ru"
173,Err_DeclarationKeywordNotAllowed,"'{0}' здесь недопустимо","native_35220.ru"
174,Err_VarTempNotAllowed,"Объявление 'VAR_TEMP' здесь недопустимо","native_35220.ru"
175,Err_RetainOrPersistentNotAllowed,"'RETAIN' и 'PERSISTENT' здесь недопустимо","native_35220.ru"
176,Err_WrongVarInInterfaceMethod,"В методах интрефейсов допустимы только входы, выходы и Inout-объекты","native_35220.ru"
177,Err_NoInstanceObject,"'{0}' имеет тип {1} и не может иметь экземпляры","native_35220.ru"
178,Err_InOutAccessOutside,"Невозможен внешний доступ к параметру VAR_IN_OUT '{0}' из '{1}'.""","native_35220.ru"
179,Err_StructInitOnlyInput,"'{0}'не является входом '{1}'","native_35220.ru"
180,Err_LibraryConflict,"Неоднозначное пространство имен '{0}' задано библиотекой '{1}'","native_35220.ru"
181,Inf_RelatedPosition,"Относительная позиция","native_35220.ru"
182,Err_ReturnTypeForNonFunction,"Возвращаемый тип допустим только для POU типа FUNCTION и METHOD","native_35220.ru"
183,Err_InvalidBaseForGlobalScopeExpression,"Операция глобальной области '.' некорректна над выражением '{0}'","native_35220.ru"
184,Err_NoOnlineChangePossible,"Онлайн-замена невозможна, выполните полную загрузку","native_35220.ru"
185,Err_NoCallInInstancePath,"Невозможно применить компонентный доступ '.', индексный доступ '[]', или вызов '()' к результату вызова функции. Сначала присвойте результат help-переменной.","native_35220.ru"
186,Err_NoCallInInterfaceComparison,"Невозможно выполнить сравнение интерфейса, который является возвращаемым значением вызова. Сначала выполните присвоение переменнной","native_35220.ru"
187,Wrn_ExternalReferenceIgnored,"Внешние ссылки допустимы только для функциональных блоков, методов и функций. Внешняя ссылка для {0} '{1}' проигнорирована.","native_35220.ru"
188,Err_DeviceNotInstalled,"Устройство не установлено в систему. Генерация кода невозможна.","native_35220.ru"
189,Err_SemicolonExpected,"';' требуется вместо '{0}'","native_35220.ru"
190,Err_SemicolonExpectedInsteadOfEnd,"Вместо конца POU требуется ';'","native_35220.ru"
191,Err_IndexOfNotSupported,"Оператор INDEXOF больше не поддерживается. Используйте вместо него ADR.","native_35220.ru"
192,Err_AccessOutsideOfCall,"К выходу '{0}' из '{1}' нельзя обратиться из-за пределов вызова","native_35220.ru"
193,Err_InvalidSignatureName,"Имя '{0}' не является корректным идентификатором","native_35220.ru"
194,Err_CaseLabelOutsideOfCase,"Метка case не является частью выражения case","native_35220.ru"
195,Wrn_ImplicitSignedToUnsigned,"Неявная конверсия типа со знаком '{0}' в тип без знака '{1}': возможно изменение знака","native_35220.ru"
196,Wrn_ImplicitUnsignedToSigned,"Неявная конверсия из типа без знака '{0}' в тип со знаком '{1}': возможно изменение знака","native_35220.ru"
197,Wrn_ImplicitIntToReal,"Неявная конверсия из '{0}' в '{1}': возможна потеря информации","native_35220.ru"
198,Wrn_StringConstantTooLong,"Строковая константа '{0}' слишком велика для типа цели '{1}'","native_35220.ru"
199,Err_InterfaceNeedsInstance,"Для доступа к интерфейсу '{0}' требуется его экземпляр","native_35220.ru"
200,Wrn_PlaceholderNotResolved,"Отсутствует разрешение для заполнителя {0}","harvest:Compiler35200 / Compiler35200.plugin.resources.dll / _3S.CoDeSys.Compiler35200.Resources.ErrorMessages.ru.resources"
201,Err_InOutParamNotEqual,"Тип '{0}' не совпадает с типом '{1}' VAR_IN_OUT '{2}'","native_35220.ru"
202,Err_ApplicationConflict,"Существуют два приложения с одинаковым именем '{0}' на устройстве '{1}'","native_35220.ru"
203,Err_BitsForStructureOnly,"Только структуры и функциональные блоки могу содержать переменные типа BIT.","native_35220.ru"
204,Err_BitsWrongScope,"Переменные типа BIT должны объявляться в разделе VAR_INPUT, VAR_OUTPUT или VAR-block","native_35220.ru"
205,Err_NoPointerToBit,"POINTER TO BIT недопустим","native_35220.ru"
206,Err_NoArrayOfBit,"BIT недопустим в качестве базового типа массива","native_35220.ru"
207,Err_NoSystemDefine,"Отсутствует системное определение для '{0}'","native_35220.ru"
208,Err_ModNotReal,"MOD не задан для REAL ","native_35220.ru"
209,Wrn_TooManyApplications,"Вы задали {0} приложений дя устройства {1}. Максимальное количество - {2}. Вы не сможете загрузить все приложения.","native_35220.ru"
210,Wrn_InsertSpecialPersistent,"Ключевое слово PERSISTENT допустимо только в Persistent-объектах.","harvest:Compiler35200 / Compiler35200.plugin.resources.dll / _3S.CoDeSys.Compiler35200.Resources.ErrorMessages.ru.resources"
211,Err_VariableDeclarationExpected,"Вместо {0} требуется объявление переменной","native_35220.ru"
212,Err_VariableListExpected,"VAR, VAR_INPUT, VAR_OUTPUT или VAR_INOUT требуется вместо {0}","native_35220.ru"
213,Err_GlobalVariableListExpected,"VAR_GLOBAL или VAR_CONFIG требуется вместо {0}","native_35220.ru"
214,Err_PersistentWrongVariable,"Переменные в списке Persistent должны быть либо VAR_GLOBAL PERSISTENT, либо VAR_GLOBAL PERSISTENT RETAIN","native_35220.ru"
215,Err_PersistentNoAddress,"Прямое объявление адреса невозможно в Persistent-списке","native_35220.ru"
216,Err_CaseLabelDuplicate,"Повторяющаяся метка case","native_35220.ru"
217,Err_CaseLabelInCaseRange,"Метка Case {0} также содержится в диапазоне {1} .. {2}","native_35220.ru"
218,Err_CaseLabelNoConstant,"Для метки сase требуется литерал или символьная целочисленная константа","native_35220.ru"
219,Err_CaseRangesOverlapping,"Блок содержит пересекающиеся диапазоны {0} .. {1} и {2} .. {3}","native_35220.ru"
220,Wrn_DeviceNotInstalledForSimulation,"Устройство не устанолвено в систему. При эмуляции будут использованы настройки по умолчанию.","native_35220.ru"
221,Err_MalformedAddress,"Прямой адрес '{0}' поврежден","native_35220.ru"
222,Err_NoReferenceToOutput,"Выходы не могут быть типа REFERENCE TO","native_35220.ru"
223,Wrn_CompoRefAssignCompatibilityWarning,"Предупреждение совместимости: С компилятором версии < 3.2.0.0 значение будет присвоено не указанной переменной, а самой ссылке. Проверьте необходимость изменения кода","harvest:Compiler35200 / Compiler35200.plugin.resources.dll / _3S.CoDeSys.Compiler35200.Resources.ErrorMessages.ru.resources"
224,Err_CallRecursion,"Рекурсия вызова: {0}","native_35220.ru"
225,Err_NotAnInstanceOf,"'{0}' не является экземпляром '{1}'","native_35220.ru"
226,Err_NotEnoughMemoryForVariableInit,"Недостаточно памяти для инициализации переменной '{0}'. Требуется {1} байт","native_35220.ru"
227,Err_NoConstantInitialisationForValue,"Начальное значение константной переменной '{0}' не является константой","native_35220.ru"
228,Wrn_NoInitialValueForConstant,"Отсутствует начальное значение для константной переменной '{0}'","native_35220.ru"
229,Err_BlobInitError,"Вместо '{0}' требуется константное значение","native_35220.ru"
230,Err_UnexpectedTypeName,"Имя типа '{0}' здесь неуместно","native_35220.ru"
231,Err_SpecialTypeExpected,"Здесь требуется выражение типа '{0}'","native_35220.ru"
232,Err_ArrayInitializationExpected,"Требуется инициализация массива","native_35220.ru"
233,Err_StructureInitializationExpected,"Для {0} требуется список инициализации","native_35220.ru"
234,Err_QueryInterfaceErrorP1,"Первый операнд __QueryInterface должен быть указателем интерфейса или экземпляром функционального блока","native_35220.ru"
235,Err_QueryInterfaceErrorP2,"Второй операнд __QueryInterface должен быть указателем интерфейса","native_35220.ru"
236,Err_WrongTypeForExternal,"Неверное определение типа для VAR_EXTERNAL {0}","native_35220.ru"
237,Err_NoVarForExternal,"Не найдено глобального определения для VAR_EXTERNAL {0}","native_35220.ru"
238,Err_NoInitialForExternal,"Для VAR_EXTERNAL {0} начальное значение недопустимо","native_35220.ru"
239,Err_QueryInterfaceP1NoIQuery,"Интерфейс {0} не является расширением для {1}","native_35220.ru"
240,Err_QueryPointerErrorP1,"Первый операнд __QueryPointer должен быть ссылкой интерфейса или экземпляром функционального блока","native_35220.ru"
241,Err_QueryPointerErrorP2,"Второй операнд __QueryInterface должен быть указателем","native_35220.ru"
242,Err_DeleteNeedsPointer,"Операнд __DELETE должен быть указателем","native_35220.ru"
243,Err_NamesNotEqual,"Имя, используемое в интерфейсе, не совпадает с именем объекта","native_35220.ru"
244,Err_MissingInstancePathForPersistent,"Не найден подходящий путь в VAR_PERSISTENT-списке для переменной {0}. Используйте команду ""Добавить все пути экземпляров"", чтобы добавить все пути экземпляров в список VAR_PERSISTENT. (См. Справку)","harvest:Compiler35170 / Compiler35170.plugin.resources.dll / _3S.CoDeSys.Compiler35170.Resources.ErrorMessages.ru.resources"
245,Wrn_MissingObjectForPersistent,"Объект для persistent-переменной «{0}» не найден","authored"
246,Err_NoBytesInRetain,"Структурированный тип, расположенный в энергонезависимых данных, не может содержать BYTE, SINT или USINT","native_35220.ru"
247,Err_NoPropertiesInOutAssignment,"Свойство не может быть задано в выходном присваивании вызова. Используйте временную переменную.","native_35220.ru"
248,Err_NewNeedsType,"Определение типа требуется в качестве операнда для __NEW","native_35220.ru"
249,Err_NewArrayOnUserdefNotAllowed,"Создание массива с помощью __NEW невозможно для пользовательских типов","native_35220.ru"
250,Err_NewPositionNotOK,"Должен быть присвоен результат __NEW","native_35220.ru"
261,Err_ReferenceNotAllowed,"Ссылочный тип недопустим в качестве базового типа массива, указателя или ссылки","native_35220.ru"
262,Err_ReferenceNotAllowedForVarInOut,"Тип ссылки является недопустим как тип VAR_IN_OUT","native_35220.ru"
263,Err_NewOnlyWithAttribute,"Для функционального блока или структуры требуется атрибут '{{attribute 'enable_dynamic_creation'}}' для создания с помощью __NEW","native_35220.ru"
264,Err_NoOnlineChangeOnDynamicObjects,"Динамически создаваемые типы недопустимы для онлайн-замен","native_35220.ru"
265,Err_DynamicMemoryNotSupported,"Для приложения '{0}' не задано памяти для создания динамического объекта","native_35220.ru"
266,Wrn_LoopExitConditionConstant,"Условие выхода цикла '{0} {1} {2}' является константой FALSE. Возможен бесконечный цикл.","native_35220.ru"
268,Err_UninitialisedVariableUsedInInitialisation,"Неинициализированная переменная {0} используется для инициализации {1}. Чтобы изменить порядок инициализации, используйте атрибут 'global_init_slot'.","native_35220.ru"
269,Wrn_ValueAssignViaPointerMayChangeVFTable,"Для экземпляра, на который указывает {0}, будет выполнена переинициализация для виртуальных вызовов функции. Убедитесь, что {0} не указывает на тип, полученный из {1}","native_35220.ru"
270,Err_RetainsNotSupported,"Использование энергонезависимых данных невозможно на этом устройстве","native_35220.ru"
272,Err_NoReferenceToBits,"Ссылки на биты недопустимы","native_35220.ru"
273,Err_ImplicitMethodNameForVariable,"{0} - это имя неявно сгенерированного метода, и оно не подходит для переменных в функциональном блоке","native_35220.ru"
274,Err_DeviceNameNoIdent,"Имя устройства '{0}' некорректно. Требуется корректный МЭК-идентификатор","native_35220.ru"
275,Err_NoVarTempInSubsequentPrograms,"Раздел VAR_TEMP недопустим в программах с атрибутом 'subsequent'","native_35220.ru"
276,Err_RetainNotAccessibleVariable,"Переменная {0} скрывает имя библиотеки. Доступ к библиотечному элементу невозможен. Код для сохранения энергонезависимой переменной {1} сгенерирован не будет.","native_35220.ru"
277,Err_RetainNotAccessiblePOU,"POU {0} скрывает имя библиотеки, доступ к элементам библиотеки невозможен. Неявного кода для сохранения энергонезависимой переменной {1} сгенерировано не будет.","native_35220.ru"
278,Err_InvalidInitialisationForArray,"{0} не является корректной инициализацией для константы {1}. Начальное значение константы должно быть постоянным.","native_35220.ru"
279,Err_SummarizedLibraryErrors,"{0} внутренних ошибок в библиотеке {1}","native_35220.ru"
280,Err_FinalOnFunctionBlocksAndMethodsOnly,"FINAL можно применять только к методам и функциональным блокам","native_35220.ru"
281,Err_PrivateOnMethodsOnly,"PRIVATE и PROTECTED можно применять только к методам и функциональным блокам","native_35220.ru"
282,Err_NoInheritanceOnFinalType,"'{0}' с атрибутом FINAL не может использоваться в качестве основы","native_35220.ru"
283,Err_NoOverrideOnFinalMethod,"Функциональный блок '{0}': замена невозможна для Метода {1}.{2} со спецификатором доступа FINAL","harvest:Compiler35170 / Compiler35170.plugin.resources.dll / _3S.CoDeSys.Compiler35170.Resources.ErrorMessages.ru.resources"
284,Err_NoOverrideOnPrivateMethod,"Функциональный блок '{0}': Замена невозможна для метода {1}.{2} со спецификатором доступа PRIVATE","harvest:Compiler35170 / Compiler35170.plugin.resources.dll / _3S.CoDeSys.Compiler35170.Resources.ErrorMessages.ru.resources"
285,Err_NoOverrideOnInternalMethod,"Функциональный блок '{0}': Замена невозможна для Метода {1}.{2} в библиотеке {3} со спецификатором доступа INTERNAL","harvest:Compiler35170 / Compiler35170.plugin.resources.dll / _3S.CoDeSys.Compiler35170.Resources.ErrorMessages.ru.resources"
286,Err_NoChangeOnAccessModifier,"Метод {0}.{1} не может изменять модификатор доступа ""{2}"" при перезаписи метода {3}.{1}","native_35220.ru"
287,Err_CallOfProtectedMethod,"Невозможно получить доступ к методу {0}.{1}","native_35220.ru"
288,Err_CallOfPrivateMethod,"Не удается получить доступ к частному методу {0}.{1}","native_35220.ru"
289,Err_CallOfProtectedProperty,"Невозможно обратиться к защищенному свойству {0}.{1}","native_35220.ru"
290,Err_CallOfPrivateProperty,"Обращение к частному свойству {0}.{1} невозможно","native_35220.ru"
291,Err_AccessToInternalVariable,"Невозможно получить доступ к внутренней переменной {0} библиотеки {1}","native_35220.ru"
292,Err_AccessToInternalObject,"Не удается получить доступ к внутреннему объекту {0} библиотеки {1}","native_35220.ru"
293,Err_AccessToInternalProperty,"Обращение к внутреннему свойству {0} библиотеки {1} невозможно","native_35220.ru"
294,Err_InOutAssignedInActionCall,"VAR_IN_OUT {0} нельзя присваивать в локальном вызове действия '{1}'","native_35220.ru"
295,Err_SlotFunctionHiddenByVariable,"POU {0} с атрибутом слота {1} не может быть вызван, поскольку он скрыт переменной '{2}'","native_35220.ru"
296,Err_SlotFunctionAmbiguousName,"POU {0} с атрибутом слота {1} имеет неоднозначное имя","native_35220.ru"
297,Err_StackOverflowDetected,"Переполнение стека в {0}. Максимальный размер стека: {1}. Расчитанный размер стека: {2}. Иерархия вызова:","harvest:Compiler35170 / Compiler35170.plugin.resources.dll / _3S.CoDeSys.Compiler35170.Resources.ErrorMessages.ru.resources"
298,Wrn_StackCheckIncompleteDueToRecursion,"Вычисление использования стека не завершено из-за рекурсивных вызовов, начиная с '{0}':","harvest:Compiler35170 / Compiler35170.plugin.resources.dll / _3S.CoDeSys.Compiler35170.Resources.ErrorMessages.ru.resources"
299,Err_NoCodegenerator,"Не удалось создать генератор кода: нужный плагин не установлен","native_35220.ru"
300,Err_RelatedPositionTaskX,"Связанная позиция: обращение в задаче {0}","harvest:Compiler35170 / Compiler35170.plugin.resources.dll / _3S.CoDeSys.Compiler35170.Resources.ErrorMessages.ru.resources"
301,Err_PersistentVariablesChangeMessageText,"Persistent-переменные изменились. Загрузка отменена пользователем.","native_35220.ru"
302,Err_CancelledByUser,"Компиляция отменена пользователем","native_35220.ru"
303,Err_StructureInitialisationNotPossible,"Инициализация структуры недопустима в качестве параметра вызова Init-функции. Используйте переменную.","native_35220.ru"
304,Err_ArrayInitialisationNotPossible,"Инициализация массива недопустима в качестве параметра вызова Init-функции. Используйте переменную","native_35220.ru"
306,Err_StructuredValueTypeInExternalCall,"Структурированный тип '{0}' недопустим во внешнем вызове функции","native_35220.ru"
307,Err_RecursiveConstantInitialisation,"Рекурсивное определение константного значения.","native_35220.ru"
308,Wrn_ShiftExceedsTypeSize,"Сдвиг на {0} превышает размер типа {1}","native_35220.ru"
309,Err_OperatorNotSupported,"Оператор '{0}' не поддерживается","native_35220.ru"
310,Err_LValueForAnyVar,"Параметр ANY '{0}' из '{1}' требует переменную с доступом записи в качестве входа","native_35220.ru"
311,Err_AnyTypeOnlyInFunction,"Переменные типа '{0}' допустимы только в качестве входов функции.","native_35220.ru"
312,Wrn_ConcurrentAccessOfBitInSameByte,"Одновременный доступ к биту '{0}' в одном и том же байте","native_35220.ru"
313,Err_NoInitialForInoutConstant,"Для VAR_INOUT CONSTANT {0} начальное значение недопустимо","native_35220.ru"
314,Err_VariableForVarinoutConstant,"Параметр VAR_IN_OUT CONSTANT '{0}' из '{1}' требует переменной в качестве входа","native_35220.ru"
315,Wrn_StringTooShortForVarInOut,"Строковая переменная '{0}' слишком коротка для VAR_IN_OUT-параметра '{1}' из '{2}'","harvest:Compiler35200 / Compiler35200.plugin.resources.dll / _3S.CoDeSys.Compiler35200.Resources.ErrorMessages.ru.resources"
316,Wrn_MethodAlreadyCalledImplicitly,"Метод '{0}' уже вызван неявно","native_35220.ru"
317,Err_LiteralExpected,"Вместо '{0}' требуется литерал","native_35220.ru"
318,Err_ExprNoConstantError,"Вместо '{0}' требуется константное значение","native_35220.ru"
319,Err_NotAllowedInInterfaceLib,"'{0}' недопустим в интерфейсной библиотеке","native_35220.ru"
320,Err_NotAllowedInContainerLib,"'{0}' недопустимо в контейнерной библиотеке","native_35220.ru"
321,Err_InterfaceMethodImplementationNotPublic,"Реализация интерфейсного метода '{0}' функционального блока '{1}' должна быть PUBLIC","native_35220.ru"
322,Err_NoVarConfigInMethodOrFunction,"Неполные адреса недопустимы в методах и функциях","native_35220.ru"
323,Err_CantHaveBaseClass,"Ключевое слово EXTENDS не применимо к типу {0}","native_35220.ru"
324,Err_NoIndirectPropertyCallOnStringWithSize,"Косвенный вызов свойства с типом {0} невозможен, поскольку поддержваются только типы без явно заданной длины","native_35220.ru"
325,Wrn_GlobalInitSlotNotForVariables,"Атрибут 'global_init_slot' всегда относится ко всему списку переменных и не должен применяться к отдельным переменным.","native_35220.ru"
326,Err_LibraryWithUnicodeIdentifiers,"Библиотека '{0}' была сохранена с поддержкой идентификаторов unicode и может быть, таким образом, использована только при поддержке идентификаторов unicode (см. опции компиляции).","native_35220.ru"
327,Wrn_ImplicitEnumConversion,"Неявная конверсия из одного типа перечисления ({0}) в другой ({1})","native_35220.ru"
328,Err_NoAssign,"Присваивание недоступно для типа {0}","native_35220.ru"
329,Err_DuplicateVarConfig,"Копировать VAR_CONFIG для '{0}'","native_35220.ru"
330,Err_TryCatchNotSupportedVersion,"Структурная обработка исключений не поддерживается вашим текущим таргетом. Требуется система исполнения версии не ниже 3.5.6.0.","native_35220.ru"
331,Err_TryCatchNotSupportedCodegenerator,"Генератор кода для текущего устройства не поддерживает структурную обработку исключений","native_35220.ru"
332,Err_MappedVarWrittenInDiffTasks,"Переменная {0}, соотнесенная с адресом {1}, записывается в разных задачах","native_35220.ru"
333,Err_OpTakesAtMostInputs,"Для '{0}' требуется не более '{1}' операндов","native_35220.ru"
334,Err_LibNamespaceConflict,"Локальное пространство имен '{0}' библиотеки '{1}' скрывает пространство имен библиотеки '{2}'","native_35220.ru"
335,Wrn_ComplexExpression,"POU содержит очень сложное выражение. Попробуйте использовать промежуточные результаты.","native_35220.ru"
336,Err_BitAccessOnlyOnInt,"Битовый доступ возможен только для целочисленных типов.","native_35220.ru"
337,Err_VarInstOnlyInMethods,"Объявление 'VAR_INST' недопустимо в этом месте","native_35220.ru"
338,Err_LibSupports32BitOnly,"Библиотека '{0}' поддерживается только 32-битными приложениями","native_35220.ru"
339,Wrn_BoolNotAtBitAddress,"Для типа данных BOOL требуется битовый адрес","native_35220.ru"
340,Err_CheckLicenseNeedsSysTarget,"Для оператора __CHECKLICENSE требуются библиотеки SysTarget и 3S License","native_35220.ru"
341,Err_OperatorNotAllowedAtPosition,"Использование оператора '{0}' недопустимо в данном выражении","native_35220.ru"
342,Err_InstanceNotAllowedInRetain,"Экземпляры '{0}' недопустимы в энергонезависимых данных","native_35220.ru"
343,Err_ReferenceToInput,"Присваивание ссылки невозможно для переменной, соотнесенной с входным адресом.","native_35220.ru"
344,Wrn_StruturedTypePropertyNotMonitorable,"Атрибут monitoring игнорируется для свойства '{0}', возвращающего структурированный тип","native_35220.ru"
345,Err_TryCatchNotSupported,"Структурная обработка исключений пока не поддерживается","native_35220.ru"
346,Err_NoDirectAddressInSubsequentVarDecl,"Объявление переменной '{0}' с присваиванием адреса не может быть использовано в PRG или GVL с атрибутом 'subsequent'","native_35220.ru"
347,Err_UnexpectedOperandForCallInitFunction,"Неуместный операнд '{0}' в '{1}'. GVL или PRG должны передаваться как параметр.","native_35220.ru"
348,Err_BitAdrOnOperation,"Оператор 'BITADR' возможен только для переменных (не для oперация)","native_35220.ru"
349,Wrn_InterfaceInVarInOut,"Не рекомендуется использовать интерфейсы в VAR_IN_OUT, поскольку это создает дополнительную косвенность и может привести к непредвиденному поведению системы","harvest:Compiler35200 / Compiler35200.plugin.resources.dll / _3S.CoDeSys.Compiler35200.Resources.ErrorMessages.ru.resources"
350,Wrn_ReferenceToInterface,"Не рекомендуется использовать ссылки на интерфейсы, поскольку это создает дополнительную косвенность и может привести к непредвиденному поведению системы","harvest:Compiler35200 / Compiler35200.plugin.resources.dll / _3S.CoDeSys.Compiler35200.Resources.ErrorMessages.ru.resources"
351,Wrn_AttributeCheck,"Неизвестный атрибут или некорректное значение","native_35220.ru"
352,Err_MaxArraySizeExceeded,"Достигнут максимальный размер массива. Либо увеличьте нижнюю границу, либо уменьшите верхнюю.","native_35220.ru"
353,Err_RefAssignNeedsLValue,"Для присваивания ссылки в качестве исходного выражения требуется переменная с доступом для записи","native_35220.ru"
354,Wrn_EnumComparison,"Сравнение одного типа перечисления ({0}) с другим ({1})","native_35220.ru"
355,Wrn_NoPointerToBit,"Ссылка на один бит невозможна. Будет сохранена ссылка на весь байт.","native_35220.ru"
356,Err_AttributeNotValidForNonExternalPOU,"Атрибут '{0}' не подходит для невнешнего POU","native_35220.ru"
357,Wrn_Obsolete,"POU '{0}' отмечен как устаревший: {1}","native_35220.ru"
358,Err_StrictEnumNotAMember,"'{0}' - неподходящее значение для типа ENUM '{1}'","native_35220.ru"
359,Err_StrictEnumNoArithmeticAllowed,"Арифметические действия недопустимы для строгих перечислений '{0}'","native_35220.ru"
360,Err_ParameterlistNotConst,"Список параметров должен быть задан как константа","native_35220.ru"
361,Err_NoMixExternalIECInheritance,"Расширяющий POU должен быть реализован так же, как и базовый (внешне или в МЭК)","harvest:Compiler35170 / Compiler35170.plugin.resources.dll / _3S.CoDeSys.Compiler35170.Resources.ErrorMessages.ru.resources"
362,Err_InvalidStringSize,"Недопустимый размер строки «{0}»","authored"
363,Err_UserCheckFunctionsNotSupported,"Функции, заданные пользователем, не поддерживаются","native_35220.ru"
364,Err_CallAfterInitHasInputs,"Метод с отметкой '{0}' не может иметь входы.","native_35220.ru"
365,Err_GeneratingVarInitializations,"Некорректные нач. значения переменных","native_35220.ru"
366,Err_ImplicitEnumerationTypeNotExpected,"Здесь требуется неявное перечисление","native_35220.ru"
367,Err_InternalErrorProhibitingOnlineChange,"Внутренняя ошибка {0}, исключающая онлайн-замену! Требуется очистка приложения и загрузка.","native_35220.ru"
368,Err_InvalidEnumDefaultValue,"Только локальные члены перечисления могут использоваться в качестве начальных значений для перечисления","harvest:Compiler35170 / Compiler35170.plugin.resources.dll / _3S.CoDeSys.Compiler35170.Resources.ErrorMessages.ru.resources"
369,Err_FeatureNotImplemented,"Функция '{0}' не реализована.","native_35220.ru"
370,Wrn_InstanceCalledMoreThenOnce,"Экземпляр '{0}' вызывается несколько раз.","harvest:Compiler35200 / Compiler35200.plugin.resources.dll / _3S.CoDeSys.Compiler35200.Resources.ErrorMessages.ru.resources"
371,Wrn_NonLocalAccessToVarInOut,"Обращение к VAR_IN_OUT '{0}', объявленной в '{1}', из внешнего контекста '{2}'.","native_35220.ru"
372,Err_DuplicateElseInCaseStatement,"Повторное определение блока CASE","native_35220.ru"
373,Wrn_Pragma,"Пользовательское предупреждение, сгенерированное прагмой","native_35220.ru"
374,Err_DivisionByZero,"Деление на ноль","harvest:Compiler35170 / Compiler35170.plugin.resources.dll / _3S.CoDeSys.Compiler35170.Resources.ErrorMessages.ru.resources"
375,Err_InvalidEnumBaseType,"В качестве базового типа перечисления допустимы только целочисленные типы","harvest:Compiler35170 / Compiler35170.plugin.resources.dll / _3S.CoDeSys.Compiler35170.Resources.ErrorMessages.ru.resources"
376,Err_TooFewParametersForExtensibleFunction,"Для расширяемой функции {0} требуется не менее {1} входов для параметра {2}","harvest:Compiler35170 / Compiler35170.plugin.resources.dll / _3S.CoDeSys.Compiler35170.Resources.ErrorMessages.ru.resources"
377,Err_TooManyParametersForExtensibleFunction,"Расширяемая функция {0} принимает не более {1} входов для параметра {2}","harvest:Compiler35170 / Compiler35170.plugin.resources.dll / _3S.CoDeSys.Compiler35170.Resources.ErrorMessages.ru.resources"
378,Err_NoFormalParamsCallsForExtensibleFunction,"Явные входные присваивания невозможны для вызова раширяемой функции {0}","harvest:Compiler35170 / Compiler35170.plugin.resources.dll / _3S.CoDeSys.Compiler35170.Resources.ErrorMessages.ru.resources"
379,Err_IntegerLiteralExpected,"Целочисленный литерал требуется вместо {0}","harvest:Compiler35170 / Compiler35170.plugin.resources.dll / _3S.CoDeSys.Compiler35170.Resources.ErrorMessages.ru.resources"
380,Err_LowerUpperBoundOnVariableLengthArrayOnly,"Операторы LOWER_BOUND и UPPER_BOUND поддерживаются только для массивов","harvest:Compiler35170 / Compiler35170.plugin.resources.dll / _3S.CoDeSys.Compiler35170.Resources.ErrorMessages.ru.resources"
381,Err_OperatorNoValidVariableName,"Оператор '{0}' не является корректным именем для переменной","harvest:Compiler35170 / Compiler35170.plugin.resources.dll / _3S.CoDeSys.Compiler35170.Resources.ErrorMessages.ru.resources"
382,Err_InconsistentInheritanceOfCPPCompatibility,"Противоречивое наследование C++-совместимости. Отсутствует атрибут для '{0}'.","harvest:Compiler35170 / Compiler35170.plugin.resources.dll / _3S.CoDeSys.Compiler35170.Resources.ErrorMessages.ru.resources"
383,Err_IncompletePOUDeclaration,"Объявление POU не завершено без имени","harvest:Compiler35170 / Compiler35170.plugin.resources.dll / _3S.CoDeSys.Compiler35170.Resources.ErrorMessages.ru.resources"
384,Err_SelMuxOnlyEqualUserDefTypes,"Все пользовательские типы, используемые в SEL или MUX, должны быть одинаковы","harvest:Compiler35170 / Compiler35170.plugin.resources.dll / _3S.CoDeSys.Compiler35170.Resources.ErrorMessages.ru.resources"
385,Err_VarLengthArrayInOut,"Массивы переменной длины возможны только как VAR_IN_OUT функциональных блоков или VAR_IN_OUT и VAR_INPUT методов и функций","harvest:Compiler35170 / Compiler35170.plugin.resources.dll / _3S.CoDeSys.Compiler35170.Resources.ErrorMessages.ru.resources"
386,Err_VarLengthArrayTopLevel,"Тип массива переменной длины должен быть на верхней позиции в объявлении типа","harvest:Compiler35170 / Compiler35170.plugin.resources.dll / _3S.CoDeSys.Compiler35170.Resources.ErrorMessages.ru.resources"
387,Err_OutParamNotEqual,"Тип '{0}' не идентичен типу '{1}' из VAR_OUTPUT '{2}'","harvest:Compiler35170 / Compiler35170.plugin.resources.dll / _3S.CoDeSys.Compiler35170.Resources.ErrorMessages.ru.resources"
388,Wrn_LibWithStringInVarInOut,"Возможно, стоит объявить строковую VAR_IN_OUT-переменную '{0}' в '{1}' как VAR_IN_OUT CONSTANT, чтобы вызывающие компоненты могли передавать литералы или константы.","harvest:Compiler35170 / Compiler35170.plugin.resources.dll / _3S.CoDeSys.Compiler35170.Resources.ErrorMessages.ru.resources"
389,Wrn_LValueForVarinoutStrings,"Для параметра VAR_IN_OUT '{0}' из '{1}' в качестве входа требуется переменная с доступом записи. В последующих версиях это будет ошибкой компиляции!","native_35220.ru"
390,Err_AddressSourceIsAddressDest,"Переменная '{0}' была расположена по адресу '{1}'. Теперь по этому адресу расположена переменная '{2}'. Это изменение невозможно посредством онлайн-замены.","harvest:Compiler35170 / Compiler35170.plugin.resources.dll / _3S.CoDeSys.Compiler35170.Resources.ErrorMessages.ru.resources"
391,Err_NoCopyCodeAllowed,"Перемещение этого POU при онлайн-замене невозможно","native_35220.ru"
392,Err_ATDeclarationNotAllowed,"AT-объявление допустимо только в области VAR","harvest:Compiler35170 / Compiler35170.plugin.resources.dll / _3S.CoDeSys.Compiler35170.Resources.ErrorMessages.ru.resources"
393,Err_ArrayBorderNoValidSignedInteger,"Граница массива {0} не является корректной целочисленной константой со знаком","harvest:Compiler35170 / Compiler35170.plugin.resources.dll / _3S.CoDeSys.Compiler35170.Resources.ErrorMessages.ru.resources"
394,Wrn_FBExitCalledForStackInstance,"Предупреждение совместимости: FB_Exit вызывается в {{0}} для экземпляра ФБ {{1}}, который расположен на стеке. Это недопустимо для кода, который был скомпилирован компилятором версии < {0}.","harvest:Compiler35200 / Compiler35200.plugin.resources.dll / _3S.CoDeSys.Compiler35200.Resources.ErrorMessages.ru.resources"
395,Err_NumOfInitializersDoNotMatch,"Количество инициализаторов 'FB_Init' ({0}) не соответствует количеству элементов массива ({1})","harvest:Compiler35170 / Compiler35170.plugin.resources.dll / _3S.CoDeSys.Compiler35170.Resources.ErrorMessages.ru.resources"
396,Err_IsValidRefNeedsReference,"Операнд для __ISVALIDREF должен быть типа REFERENCE","harvest:Compiler35170 / Compiler35170.plugin.resources.dll / _3S.CoDeSys.Compiler35170.Resources.ErrorMessages.ru.resources"
397,Err_ImplicitMethodImplementationNotPublic,"Функциональный блок '{0}': Доступ к методам 'FB_Init', 'FB_Exit' и 'FB_ReInit' должен быть PUBLIC","harvest:Compiler35170 / Compiler35170.plugin.resources.dll / _3S.CoDeSys.Compiler35170.Resources.ErrorMessages.ru.resources"
398,Err_SystemOutOfMemory,"Система разработки не располагает достаточной памятью для онлайн-замены. Перезапустите приложение.","native_35220.ru"
399,Err_ImplicitReferenceTypeDeclNotAllowed,"Объявление неявной ссылки здесь невозможно","harvest:Compiler35170 / Compiler35170.plugin.resources.dll / _3S.CoDeSys.Compiler35170.Resources.ErrorMessages.ru.resources"
400,Err_ImplicitRefTypeIsnotAllowedAsBase,"Тип неявной ссылки не может быть базовым типом ссылок, указателей и массивов","harvest:Compiler35170 / Compiler35170.plugin.resources.dll / _3S.CoDeSys.Compiler35170.Resources.ErrorMessages.ru.resources"
401,Err_ImplicitRefTypeAllClassesNeedAttrib,"Наследующий функциональный блок отличается в использовании атрибута '{0}'","harvest:Compiler35170 / Compiler35170.plugin.resources.dll / _3S.CoDeSys.Compiler35170.Resources.ErrorMessages.ru.resources"
402,Err_ImplicitRefTypeDeclarationNotAllowed,"Неявная ссылка '{0}' не может быть объявлена в этом типе","harvest:Compiler35170 / Compiler35170.plugin.resources.dll / _3S.CoDeSys.Compiler35170.Resources.ErrorMessages.ru.resources"
403,Err_ImplicitRefTypeSignNotSupported,"Только функциональные блоки и структуры могут быть отмечены как тип неявной ссылки","harvest:Compiler35170 / Compiler35170.plugin.resources.dll / _3S.CoDeSys.Compiler35170.Resources.ErrorMessages.ru.resources"
404,Wrn_CompilerVersionDeprecated,"Использование текущей версии компилятора не рекомендуется. Обновите версию в установках проекта.","harvest:Compiler35200 / Compiler35200.plugin.resources.dll / _3S.CoDeSys.Compiler35200.Resources.ErrorMessages.ru.resources"
405,Err_MultipleAssignmentsToInterfaceVariables,"Множественные присваивания интерфейсным переменным не допускаются.","harvest:Compiler35170 / Compiler35170.plugin.resources.dll / _3S.CoDeSys.Compiler35170.Resources.ErrorMessages.ru.resources"
406,Wrn_ImplicitCheckFunctionShadowed,"Функция неявных проверок '{0}' скрыта другой переменной или функцией. Проверки не будут выполнены, пока конфликт не будет разрешен.","harvest:Compiler35170 / Compiler35170.plugin.resources.dll / _3S.CoDeSys.Compiler35170.Resources.ErrorMessages.ru.resources"
407,Err_AddressOfNonInstanceVar,"Вместо имени типа в address-of-выражении '{0}' требуется экземпляр","harvest:Compiler35170 / Compiler35170.plugin.resources.dll / _3S.CoDeSys.Compiler35170.Resources.ErrorMessages.ru.resources"
408,Err_ImplicitReferenceTypeOnlChangeError,"Невозможно добавить локальную неявную ссылку путем онлайн-замены","harvest:Compiler35170 / Compiler35170.plugin.resources.dll / _3S.CoDeSys.Compiler35170.Resources.ErrorMessages.ru.resources"
409,Err_NoResolutionForLazyVariable,"Тип lazy переменной '{0}' не может быть разрешен","harvest:Compiler35170 / Compiler35170.plugin.resources.dll / _3S.CoDeSys.Compiler35170.Resources.ErrorMessages.ru.resources"
410,Wrn_CompatibilityProblemForRefProperty,"COMPATIBILITY WARNING: A write Access to a Property of type REFERENCE calls the SET-Accessor for versions < {0} and writes the reference, but calls the GET-Accessor for versions >= {0} and writes the value! Use the operator REF= if you want to assign the reference.","harvest:Compiler35200 / Compiler35200.plugin.resources.dll / _3S.CoDeSys.Compiler35200.Resources.ErrorMessages.ru.resources"
411,Err_NoVarInputInPropertyAccessors,"Не допускается задавать входные переменные в аксессорах свойств: {0} : {1}","harvest:Compiler35170 / Compiler35170.plugin.resources.dll / _3S.CoDeSys.Compiler35170.Resources.ErrorMessages.ru.resources"
412,Err_MultipleAssignsToSameInputInCall,"Несколько входных присваиваний для параметра '{0}'","harvest:Compiler35170 / Compiler35170.plugin.resources.dll / _3S.CoDeSys.Compiler35170.Resources.ErrorMessages.ru.resources"
413,Err_RefAssignOnlyForReferenceTypes,"Инциализация через REF= допустима только для переменных типа REFERENCE TO","harvest:Compiler35170 / Compiler35170.plugin.resources.dll / _3S.CoDeSys.Compiler35170.Resources.ErrorMessages.ru.resources"
414,Err_OutOfPersistentMemoryImplicit,"Недостаточно перманентной памяти {0}","harvest:Compiler35170 / Compiler35170.plugin.resources.dll / _3S.CoDeSys.Compiler35170.Resources.ErrorMessages.ru.resources"
415,Err_OutOfPersistentMemoryExplicit,"Недостаточно перманентной памяти: Переменная '{0}', {1} байт (Наибольший непрерывный промежуток памяти {2}). Редактирование списка перманентных переменных может привести к фрагментации памяти. Выполните команду ""Объявления, переупорядочить список и очистить промежутки"", чтобы упорядочить списки перманентных переменных. {3}","harvest:Compiler35170 / Compiler35170.plugin.resources.dll / _3S.CoDeSys.Compiler35170.Resources.ErrorMessages.ru.resources"
416,Err_LibraryNamespaceNotValid,"Доп. имя {0} библиотеки {1} не является корректным идентификатором","harvest:Compiler35170 / Compiler35170.plugin.resources.dll / _3S.CoDeSys.Compiler35170.Resources.ErrorMessages.ru.resources"
417,Err_LValueForVarinoutStrings,"VAR_IN_OUT-параметр '{0}' из '{1}' требует переменной с доступом записи в качестве входа","native_35220.ru"
418,Err_StringTooShortForVarInOut,"Строковая переменная '{0}' слишком коротка для VAR_IN_OUT-параметра '{1}' из '{2}'","native_35220.ru"
419,Err_NoInputsWithSlotAttributes,"Входы недопустимы в подписи '{0}' с атрибутом '{1}'","harvest:Compiler35170 / Compiler35170.plugin.resources.dll / _3S.CoDeSys.Compiler35170.Resources.ErrorMessages.ru.resources"
420,Err_NotEnoughMemoryForCompactDownload,"Недостаточно памяти для компактной загрузки в первой области кода. '{0}'  байт удалось выделить","harvest:Compiler35170 / Compiler35170.plugin.resources.dll / _3S.CoDeSys.Compiler35170.Resources.ErrorMessages.ru.resources"
421,Wrn_ExtendsForInterfaces,"Для наследования интерфейсов используйте ключевое слово EXTENDS вместо IMPLEMENTS","harvest:Compiler35170 / Compiler35170.plugin.resources.dll / _3S.CoDeSys.Compiler35170.Resources.ErrorMessages.ru.resources"
422,Wrn_GranularityMismatchForDirectVariable,"Переменная '{0}' имеет гранулярность {1}, но расположена по прямому адресу {2}, которому выделено не {1} байт","harvest:Compiler35170 / Compiler35170.plugin.resources.dll / _3S.CoDeSys.Compiler35170.Resources.ErrorMessages.ru.resources"
423,Err_MultipleAssignmentWithReferences,"Множественные присваивания ссылок на функциональные блоки или структуры данных недопустимы","harvest:Compiler35170 / Compiler35170.plugin.resources.dll / _3S.CoDeSys.Compiler35170.Resources.ErrorMessages.ru.resources"
424,Err_MultipleAssignmentWithChangingValueTypes,"Множественные присваивания типов значений с неявным приведением типов недопустимы","harvest:Compiler35170 / Compiler35170.plugin.resources.dll / _3S.CoDeSys.Compiler35170.Resources.ErrorMessages.ru.resources"
425,Err_NoMemoryReserveForExternal,"Использование резерва памяти для внешних функциональных блоков не поддерживается","harvest:Compiler35170 / Compiler35170.plugin.resources.dll / _3S.CoDeSys.Compiler35170.Resources.ErrorMessages.ru.resources"
426,Wrn_AtLeastOneExpected,"Требуется не менее одного оператора","native_35220.ru"
427,Err_UnknownMaxStackSize,"Для доступа к информации о текущей выполняемой задаче необходимо знать максимальный размер стека для целевой системы","harvest:Compiler35170 / Compiler35170.plugin.resources.dll / _3S.CoDeSys.Compiler35170.Resources.ErrorMessages.ru.resources"
428,Err_AbstractOnFunctionBlocksAndMethodsOnly,"ABSTRACT может применяться только к методам и функциональным блокам","harvest:Compiler35170 / Compiler35170.plugin.resources.dll / _3S.CoDeSys.Compiler35170.Resources.ErrorMessages.ru.resources"
429,Err_AbstractAndFinalNotPossible,"Метод функционального блока не может быть ABSTRACT или FINAL","harvest:Compiler35170 / Compiler35170.plugin.resources.dll / _3S.CoDeSys.Compiler35170.Resources.ErrorMessages.ru.resources"
430,Err_AbstractAndPrivateNotPossible,"PRIVATE-метод не может быть ABSTRACT","harvest:Compiler35170 / Compiler35170.plugin.resources.dll / _3S.CoDeSys.Compiler35170.Resources.ErrorMessages.ru.resources"
431,Err_AbstractMethodNotImplemented,"Для ABSTRACT-метода '{0}' в функциональном блоке'{1}' не задано реализации","harvest:Compiler35170 / Compiler35170.plugin.resources.dll / _3S.CoDeSys.Compiler35170.Resources.ErrorMessages.ru.resources"
432,Err_AbstractMethodOnlyInAbstractFunctionblock,"Для ABSTRACT-метода {0} необходимо, чтобы функциональный блок {1} также был ABSTRACT","harvest:Compiler35170 / Compiler35170.plugin.resources.dll / _3S.CoDeSys.Compiler35170.Resources.ErrorMessages.ru.resources"
433,Err_AbstractMethodMustNotContainAnyStatements,"ABSTRACT-метод {0}.{1} не может содержать никаких выражений","harvest:Compiler35170 / Compiler35170.plugin.resources.dll / _3S.CoDeSys.Compiler35170.Resources.ErrorMessages.ru.resources"
434,Err_AbstractFunctionBlockInstance,"Функциональный блок {0} имеет тип ABSTRACT и не может получить экземпляр","harvest:Compiler35170 / Compiler35170.plugin.resources.dll / _3S.CoDeSys.Compiler35170.Resources.ErrorMessages.ru.resources"
435,Err_AbstractPropertyNotImplemented,"Для {0} ABSTRACT-свойства '{1}' не задано реализации в функциональном блоке '{2}'","harvest:Compiler35170 / Compiler35170.plugin.resources.dll / _3S.CoDeSys.Compiler35170.Resources.ErrorMessages.ru.resources"
436,Err_StringLengthIsNoConstant,"Длина строки '{0}' не является константным значением","harvest:Compiler35170 / Compiler35170.plugin.resources.dll / _3S.CoDeSys.Compiler35170.Resources.ErrorMessages.ru.resources"
437,Err_NotAllowedInTaskLocalVariables,"Список переменных локальной задачи '{0}': '{1}' недопустим","harvest:Compiler35170 / Compiler35170.plugin.resources.dll / _3S.CoDeSys.Compiler35170.Resources.ErrorMessages.ru.resources"
438,Err_TaskLocalVariablesWriterTaskNotDefined,"Список переменных локальной задачи '{0}': задача записи не задана","harvest:Compiler35170 / Compiler35170.plugin.resources.dll / _3S.CoDeSys.Compiler35170.Resources.ErrorMessages.ru.resources"
439,Err_TaskLocalVariablesAccessNotAllowed,"Список переменных локальной задачи '{0}': доступ по записи допустим только в задаче '{1}'","harvest:Compiler35170 / Compiler35170.plugin.resources.dll / _3S.CoDeSys.Compiler35170.Resources.ErrorMessages.ru.resources"
440,Err_TaskLocalVariablesNoOnlineChangePossible,"Список переменных локальной задачи '{0}' изменился. Онлайн-замена невозможна.","harvest:Compiler35170 / Compiler35170.plugin.resources.dll / _3S.CoDeSys.Compiler35170.Resources.ErrorMessages.ru.resources"
441,Wrn_VarInOutUnitializedInInitialValue,"Обращение к не инициализированной VAR_IN_OUT-переменной","harvest:Compiler35170 / Compiler35170.plugin.resources.dll / _3S.CoDeSys.Compiler35170.Resources.ErrorMessages.ru.resources"
442,Err_AbstractMethodStaticCall,"ABSTRACT-метод '{0}' не может вызываться статическим вызовом","harvest:Compiler35170 / Compiler35170.plugin.resources.dll / _3S.CoDeSys.Compiler35170.Resources.ErrorMessages.ru.resources"
443,Err_AbstractPropertyStaticCall,"К ABSTRACT-свойству '{0}' нельзя обращаться статически","harvest:Compiler35170 / Compiler35170.plugin.resources.dll / _3S.CoDeSys.Compiler35170.Resources.ErrorMessages.ru.resources"
444,Err_InconsistentUseOfCPPCompatibility,"Противоречивое использование C++-совместимости. Отсутствует атрибут для '{0}'.","harvest:Compiler35170 / Compiler35170.plugin.resources.dll / _3S.CoDeSys.Compiler35170.Resources.ErrorMessages.ru.resources"
445,Err_AbstractWrongVarInMethod,"В ABSTRACT-методах допустимы только входы, выходы и inout","harvest:Compiler35170 / Compiler35170.plugin.resources.dll / _3S.CoDeSys.Compiler35170.Resources.ErrorMessages.ru.resources"
446,Err_NoValuePassingForCPPExternal,"CPP-совместимые функции не могут содержать входы или выходы типа STRING, ARRAY или структурных типов. Вместо этого используйте POINTER или REFEFRENCE на этот тип.","harvest:Compiler35170 / Compiler35170.plugin.resources.dll / _3S.CoDeSys.Compiler35170.Resources.ErrorMessages.ru.resources"
447,Wrn_OnlyConstantInitialValueForMappedPersistentVar,"Только константные выражения могут применяться в качестве начального значения для соотнесенной перманентной переменной","harvest:Compiler35170 / Compiler35170.plugin.resources.dll / _3S.CoDeSys.Compiler35170.Resources.ErrorMessages.ru.resources"
448,Err_OperatorNotSupportedVersion,"Оператор '{0}' не поддерживается вашим текущим таргетом. Требуется система исполнения версии не ниже {1}.","harvest:Compiler35170 / Compiler35170.plugin.resources.dll / _3S.CoDeSys.Compiler35170.Resources.ErrorMessages.ru.resources"
449,Err_ComparisonOperatorExpected,"Оператор сравнения требуется вместо '{0}'","harvest:Compiler35170 / Compiler35170.plugin.resources.dll / _3S.CoDeSys.Compiler35170.Resources.ErrorMessages.ru.resources"
450,Err_StringLiteralExpected,"Строковый литерал требуется вместо '{0}'","harvest:Compiler35170 / Compiler35170.plugin.resources.dll / _3S.CoDeSys.Compiler35170.Resources.ErrorMessages.ru.resources"
451,Err_VersionOverflow,"По крайней мере одна часть версии '{0}' имеет слишком большое значение","harvest:Compiler35170 / Compiler35170.plugin.resources.dll / _3S.CoDeSys.Compiler35170.Resources.ErrorMessages.ru.resources"
452,Err_VersionPartNegative,"По крайней мере одна часть версии '{0}' имеет отрицательное значение","harvest:Compiler35170 / Compiler35170.plugin.resources.dll / _3S.CoDeSys.Compiler35170.Resources.ErrorMessages.ru.resources"
453,Err_VersionInvalidFormat,"Символ '{0}' имеет некорректную версию","harvest:Compiler35170 / Compiler35170.plugin.resources.dll / _3S.CoDeSys.Compiler35170.Resources.ErrorMessages.ru.resources"
454,Err_NoNewAssignmentInOtherExpression,"Недопустимо использовать выражение присваивания с оператором __NEW внутри другого выражения. Используйте вместо этого переменную-указатель.","authored"
455,Err_ExplicitTransitionAssignMissing,"Код перехода содержит несколько операторов. Требуется явное присваивание выходной переменной перехода.","authored"
456,Wrn_AmbiguousCheckfunctionInLibrary,"Неявная проверочная функция {0} скрыта другой неявной проверочной функцией {1}. Проверки выполняться не будут! Устраните конфликт и очистите приложение, чтобы использовать проверочную функцию.","authored"
500,Err_VectorSizeNotValid,"Размер вектора должен быть целым числом больше 0 и меньше 9","harvest:Compiler35170 / Compiler35170.plugin.resources.dll / _3S.CoDeSys.Compiler35170.Resources.ErrorMessages.ru.resources"
501,Err_VectorSizeIsNoConstant,"Размер вектора должен быть постоянным","harvest:Compiler35170 / Compiler35170.plugin.resources.dll / _3S.CoDeSys.Compiler35170.Resources.ErrorMessages.ru.resources"
502,Err_VectorNoPersistentRetain,"Вектор не может быть объявлен как persistent или retained","harvest:Compiler35170 / Compiler35170.plugin.resources.dll / _3S.CoDeSys.Compiler35170.Resources.ErrorMessages.ru.resources"
503,Err_VectorBaseMustBeRealType,"Базовый тип вектора должен быть REAL или LREAL.","harvest:Compiler35170 / Compiler35170.plugin.resources.dll / _3S.CoDeSys.Compiler35170.Resources.ErrorMessages.ru.resources"
504,Err_VectorTypesNotCompatible,"Типы вектора {0} и {1} несовместимы","harvest:Compiler35170 / Compiler35170.plugin.resources.dll / _3S.CoDeSys.Compiler35170.Resources.ErrorMessages.ru.resources"
505,Err_VectorTypeCantBePlacedInUnion,"Тип вектора не может быть помещен в объединение","harvest:Compiler35170 / Compiler35170.plugin.resources.dll / _3S.CoDeSys.Compiler35170.Resources.ErrorMessages.ru.resources"
506,Err_LowerUpperBoundOperandNotInRange,"2-й операнд оператора {0} должен иметь значение между 1 и {1} в этом случае","harvest:Compiler35170 / Compiler35170.plugin.resources.dll / _3S.CoDeSys.Compiler35170.Resources.ErrorMessages.ru.resources"
507,Err_LowerUpperBoundOperandNotExactly,"2-й операнд оператора {0} должен иметь значение 1 в этом случае","harvest:Compiler35170 / Compiler35170.plugin.resources.dll / _3S.CoDeSys.Compiler35170.Resources.ErrorMessages.ru.resources"
508,Wrn_Ambiguity,"Неоднозначное использование имени «{0}»","authored"
509,Err_MultipleAssignmentsNotAllowedForOperator,"Множественные присваивания недопустимы для оператора '{0}'.","harvest:Compiler35170 / Compiler35170.plugin.resources.dll / _3S.CoDeSys.Compiler35170.Resources.ErrorMessages.ru.resources"
510,Err_ConfiguredCompilerVersionNotAvailable,"Настроенная версия компилятора «{0}» недоступна","authored"
511,Err_AbstractFunctionBlockAssigned,"Функциональный блок {0} имеет тип ABSTRACT и не может использоваться как целевой объект присваивания","harvest:Compiler35170 / Compiler35170.plugin.resources.dll / _3S.CoDeSys.Compiler35170.Resources.ErrorMessages.ru.resources"
513,Wrn_CallOfPrivateProperty,"Не следует обращаться к частному свойству {0}.{1}","harvest:Compiler35170 / Compiler35170.plugin.resources.dll / _3S.CoDeSys.Compiler35170.Resources.ErrorMessages.ru.resources"
514,Wrn_AccessToInternalProperty,"Не следует обращаться к внутреннему свойству {0} библиотеки {1}","harvest:Compiler35170 / Compiler35170.plugin.resources.dll / _3S.CoDeSys.Compiler35170.Resources.ErrorMessages.ru.resources"
515,Wrn_CallOfProtectedProperty,"Не следует обращаться к защищенному свойству {0}.{1}","harvest:Compiler35170 / Compiler35170.plugin.resources.dll / _3S.CoDeSys.Compiler35170.Resources.ErrorMessages.ru.resources"
516,Wrn_AccessToInternalVariable,"Не следует обращаться к внутренней переменной {0} библиотеки {1}","harvest:Compiler35170 / Compiler35170.plugin.resources.dll / _3S.CoDeSys.Compiler35170.Resources.ErrorMessages.ru.resources"
517,Wrn_AccessToInternalObject,"Не следует обращаться к внутреннему объекту {0} библиотеки {1}","harvest:Compiler35170 / Compiler35170.plugin.resources.dll / _3S.CoDeSys.Compiler35170.Resources.ErrorMessages.ru.resources"
518,Err_NoNamespace,"'{0}' не относится к доп. имени","harvest:Compiler35170 / Compiler35170.plugin.resources.dll / _3S.CoDeSys.Compiler35170.Resources.ErrorMessages.ru.resources"
519,Err_InvalidAccessPathForNamespaceAccess,"'{0}' не является корректным путем доступа","harvest:Compiler35170 / Compiler35170.plugin.resources.dll / _3S.CoDeSys.Compiler35170.Resources.ErrorMessages.ru.resources"
520,Err_InvalidNamespaceForNamespaceAccess,"'{0}' не является обращением к доп. имени","harvest:Compiler35170 / Compiler35170.plugin.resources.dll / _3S.CoDeSys.Compiler35170.Resources.ErrorMessages.ru.resources"
521,Err_UnknownCompilerVersionInCompiledLib,"Библиотека ""{0}"" была создана с неизвестной версией компилятора ""{1}"".","harvest:Compiler35170 / Compiler35170.plugin.resources.dll / _3S.CoDeSys.Compiler35170.Resources.ErrorMessages.ru.resources"
522,Wrn_PersistentVariableOnStack,"Перманентные переменные в экземплярах функционального блока, расположенных на стеке, не поддерживаются: {0}","harvest:Compiler35170 / Compiler35170.plugin.resources.dll / _3S.CoDeSys.Compiler35170.Resources.ErrorMessages.ru.resources"
523,Err_InconsistentUseOfCPPCompatibilityMissingParent,"Непоследовательное использование совместимости с C++. Отсутствует атрибут для родительского POU «{0}».","authored"
524,Err_WrongReInit,"Метод FB_ReInit функционального блока или структуры не должен иметь входов, а возвращаемое значение должно быть типа BOOL. FB_ReInit не будет вызываться автоматически!","harvest:Compiler35170 / Compiler35170.plugin.resources.dll / _3S.CoDeSys.Compiler35170.Resources.ErrorMessages.ru.resources"
525,Wrn_InvalidDefaultValue,"Тип {0} не может иметь значение по умолчанию в этом контексте","harvest:Compiler35170 / Compiler35170.plugin.resources.dll / _3S.CoDeSys.Compiler35170.Resources.ErrorMessages.ru.resources"
526,Wrn_DefaultValueNotConstant,"Значение по умолчанию не является константой","harvest:Compiler35170 / Compiler35170.plugin.resources.dll / _3S.CoDeSys.Compiler35170.Resources.ErrorMessages.ru.resources"
527,Wrn_DefaultValueTopLevel,"Вход является необязательным, только когда эта функция вызывается из МЭК-кода","harvest:Compiler35170 / Compiler35170.plugin.resources.dll / _3S.CoDeSys.Compiler35170.Resources.ErrorMessages.ru.resources"
528,Err_NoBranchOutOfFinally,"Ответвление из __FINALLY-Block недопустимо","harvest:Compiler35170 / Compiler35170.plugin.resources.dll / _3S.CoDeSys.Compiler35170.Resources.ErrorMessages.ru.resources"
529,Err_NoExitOrContinueOutOfTry,"Exit или Continue из __TRY-Block недопустимо","harvest:Compiler35170 / Compiler35170.plugin.resources.dll / _3S.CoDeSys.Compiler35170.Resources.ErrorMessages.ru.resources"
530,Err_NoExitOrContinueOutOfCatch,"Exit или Continue из __CATCH-Block недопустимо","harvest:Compiler35170 / Compiler35170.plugin.resources.dll / _3S.CoDeSys.Compiler35170.Resources.ErrorMessages.ru.resources"
531,Err_MultipleAssignmentWithProperty,"Свойства не могут использоваться в середине множественных присваиваний.","harvest:Compiler35170 / Compiler35170.plugin.resources.dll / _3S.CoDeSys.Compiler35170.Resources.ErrorMessages.ru.resources"
532,Err_FunNeedsAtLeastNInputs,"Для функции '{0}' необходимо не менее '{1}' и не более '{2}' входов","harvest:Compiler35170 / Compiler35170.plugin.resources.dll / _3S.CoDeSys.Compiler35170.Resources.ErrorMessages.ru.resources"
533,Wrn_ObsoleteOutputInAbstractMethod,"Значение по умолчанию для VAR_OUPUT не используется в абстрактных и интерфейсных методах","harvest:Compiler35170 / Compiler35170.plugin.resources.dll / _3S.CoDeSys.Compiler35170.Resources.ErrorMessages.ru.resources"
534,Err_WrongCallAfterGlobalInitSlotSignature,"Подпись с атрибутом 'call_after_global_init_slot' не может иметь аргументов, а только один вход с именем 'bInitRetains'.","harvest:Compiler35170 / Compiler35170.plugin.resources.dll / _3S.CoDeSys.Compiler35170.Resources.ErrorMessages.ru.resources"
535,Inf_UseXSizeOfOperator,"Во избежание этой ошибки используйте оператор XSIZEOF","harvest:Compiler35170 / Compiler35170.plugin.resources.dll / _3S.CoDeSys.Compiler35170.Resources.ErrorMessages.ru.resources"
536,Err_InvalidInitialisationForVarInst,"Начальное значение для VAR_INST-переменной не может использовать локальные переменные.","harvest:Compiler35170 / Compiler35170.plugin.resources.dll / _3S.CoDeSys.Compiler35170.Resources.ErrorMessages.ru.resources"
537,Err_NoPropertyForVarInout,"Свойства не могут назначаться для VAR_IN_OUT.","harvest:Compiler35170 / Compiler35170.plugin.resources.dll / _3S.CoDeSys.Compiler35170.Resources.ErrorMessages.ru.resources"
538,Err_InterfaceChanged_NumberOfInputsOutputsDifferent,"Количество входов/выходов метода '{0}' не соответствует интерфейсу '{1}'.","harvest:Compiler35170 / Compiler35170.plugin.resources.dll / _3S.CoDeSys.Compiler35170.Resources.ErrorMessages.ru.resources"
539,Err_InterfaceChanged_VariableDifferent,"Переменная '{0}' метода '{1}' не соответствует интерфейсу '{2}'.","harvest:Compiler35170 / Compiler35170.plugin.resources.dll / _3S.CoDeSys.Compiler35170.Resources.ErrorMessages.ru.resources"
540,Wrn_MissingAttributeNoAssign,"Атрибут 'no_assign' отсутствует для POU '{0}'? Типу переменной '{1}' добавлен атрибут 'no_assign'.","harvest:Compiler35170 / Compiler35170.plugin.resources.dll / _3S.CoDeSys.Compiler35170.Resources.ErrorMessages.ru.resources"
541,Err_NoMemoryAllocationCallback,"Не удалось создать распределитель памяти: Нужный плагин не установлен","harvest:Compiler35170 / Compiler35170.plugin.resources.dll / _3S.CoDeSys.Compiler35170.Resources.ErrorMessages.ru.resources"
542,Wrn_NoInheritanceForUnions,"Наследование не предназначено для типа данных ""UNION"": {0}","harvest:Compiler35170 / Compiler35170.plugin.resources.dll / _3S.CoDeSys.Compiler35170.Resources.ErrorMessages.ru.resources"
543,Wrn_ReservedUnusedKeyword,"Имя '{0}' является зарезервированным ключевым словом в стандарте МЭК 61131-3. В будущих версиях будет выдаваться ошибка.","harvest:Compiler35170 / Compiler35170.plugin.resources.dll / _3S.CoDeSys.Compiler35170.Resources.ErrorMessages.ru.resources"
544,Err_GenericOnWrongPosition,"Объявление VAR_GENERIC допустимо в функциональных блоках только после имени функционального блока","authored"
545,Err_GenericOnlyConst,"В объявлении VAR_GENERIC поддерживаются только константы (CONSTANT)","authored"
546,Err_TypeIsNotGeneric,"«{0}» не является обобщённым функциональным блоком.","authored"
547,Err_GenericWrongNumberOfInitializer,"Обобщённый функциональный блок «{0}» ожидает ровно «{1}» определений обобщённых констант","authored"
548,Err_GenericNotConstant,"Определение «{0}» для обобщённой константы «{1}» не является константным значением","authored"
549,Err_NoStaticVariableInitialisationForValue,"Инициализация статической переменной «{0}» не является константой либо замена констант отключена","authored"
550,Err_AttributeNotAllowedFor,"Атрибут «{0}» недопустим для «{1}»","authored"
551,Err_GenericNoInteger,"Для обобщённых констант допускаются только целочисленные типы","authored"
552,Err_NoOutsideAccessToGenericVariable,"Внешний доступ к обобщённой константе «{0}» функционального блока «{1}» невозможен","authored"
553,Err_GenericDeclarationProducesErrorInGeneratedCode,"Объявление типа «{0}» приводит к ошибкам в коде обобщённого функционального блока","authored"
554,Err_NoExplicitCall,"Явные вызовы для «{0}» недопустимы. {1}.","authored"
555,Wrn_NonAsciiStringLiteral,"Строковый литерал «{0}...» содержит непредставимые символы. Можно использовать опцию проекта «Кодировка UTF-8 для STRING».","authored"
556,Err_NoGenericInstanceInVarConst,"Экземпляры обобщённого функционального блока нельзя объявлять как константы","authored"
557,Err_FCallWrongNumberOfArguments,"FCall ожидает ровно 2+{0} аргументов.","authored"
558,Err_FCallWrongCallPatternSignature,"Первый аргумент FCall должен быть сигнатурным типом, используемым в качестве шаблона вызова.","authored"
559,Err_FCallExpectedPointerAsSecondArgument,"Второй аргумент FCall должен быть указателем на функцию.","authored"
560,Err_NewOnInterfaceNotPossible,"__NEW недопустим для интерфейсов","authored"
561,Wrn_CallRecursion,"Рекурсия вызова: {0}","authored"
562,Err_PartialAccess_OnlyOnBitTypes,"Частичный доступ поддерживается только для типов ANY_BIT, но не для «{0}»","authored"
563,Err_PartialAccess_NotAValidComponent,"«%{1}{2}» не является допустимым частичным компонентом «{0}»","authored"
564,Wrn_ReferenceToUninitializedVariable,"Ссылка на неинициализированную переменную {0} используется для инициализации {1}. Обращение к неинициализированной переменной может привести к непредсказуемому поведению.","authored"
565,Wrn_WrongDestructor,"Метод FB_Exit функционального блока или структуры должен иметь единственный вход «bInCopyCode» типа BOOL и возвращаемое значение типа BOOL.","authored"
566,Wrn_WrongReInit,"Метод FB_ReInit функционального блока или структуры не должен иметь входов и должен возвращать значение типа BOOL. FB_ReInit не будет вызываться автоматически!","authored"
567,Wrn_NotAllowedInInterfaceLib,"«{0}» недопустимо в интерфейсной библиотеке","authored"
568,Wrn_InterfaceChangedBase,"Интерфейс перезаписанного метода «{0}» основы «{1}» не соответствует объявлению","authored"
569,Wrn_MissingInstancePathForPersistent,"Для переменной {0} не найден подходящий путь экземпляра в списке VAR_PERSISTENT. Используйте команду «Добавить все пути экземпляров», чтобы добавить все пути экземпляров в список VAR_PERSISTENT. (Подробнее см. справку)","authored"
570,Err_ProjectDefinedNotSupportedFor,"Условие «project_defined» не поддерживается для данного синтаксиса, поскольку может повлиять на открытый интерфейс «{0}».","authored"
571,Wrn_ExitForRetainInstances,"FB_EXIT экземпляров в VAR_RETAIN вызывается также при тёплом сбросе (Reset warm), а FB_INIT — нет. Избегайте объявления энергонезависимыми функциональных блоков с FB_EXIT!","authored"
572,Wrn_UninitialisedVariableUsedInInitialisation,"Неинициализированная переменная {0} используется для инициализации {1}. Чтобы изменить порядок инициализации, используйте атрибут «global_init_slot».","authored"
573,Wrn_AbstractKeywordMissing,"Отсутствует ключевое слово ABSTRACT","authored"
574,Err_NoOnlineChangeOnGenericConstantType,"В объявлении переменной {0} значение константы {1} изменилось с {2} на {3}: онлайн-замена невозможна!","authored"
575,Err_NoOnlineChangeOnGenericConstantBaseType,"В объявлении базового типа {0} значение константы {1} изменилось с {2} на {3}: онлайн-замена невозможна!","authored"
576,Err_AccessVarInstFromOutsideTheDeclaringMethod,"Невозможно обратиться к VAR_INST «{0}» из «{1}» извне объявляющего метода","authored"
577,Err_NoCopyCodeForVariableAtDirectAddress,"переменная с прямым адресом не может изменить свой тип при онлайн-замене","authored"
578,Err_UnexpectedStatement,"Неожиданный оператор","authored"
579,Err_UnsupportedFeature,"Компиляторная функция «{0}» поддерживается только начиная с версии компилятора {1}","authored"
580,Wrn_ConstantInStructDeclaration,"Ключевое слово CONSTANT игнорируется в объявлении структуры или объединения","authored"
581,Err_NoMatchingOverload,"Для метода «{0}» не найдено подходящей перегрузки","authored"
582,Err_OverloadNeedsAttribute,"Существует другой метод с именем «{0}». Используйте атрибут {{attribute 'overloaded'}}, если хотите определить перегруженные методы.","authored"
583,Err_OverloadWithSameInputs,"Существует другая перегрузка для «{0}» с теми же типами входов.","authored"
584,Err_MaxNestingDepthExceeded,"Превышена максимальная глубина вложенности.","authored"
585,Err_GenericParamsAllExplicitOrNone,"Либо все обобщённые переменные должны быть заданы явно, либо ни одна","authored"
586,Err_GenericParamMissing,"Отсутствует инициализация обобщённой переменной «{0}»","authored"
587,Err_GenericParamUnknown,"«{0}» не является объявленной обобщённой константой функционального блока «{1}»","authored"
588,Err_MissingImplementationTerminator,"Не удалось найти терминатор «{0}» для блока реализации.","authored"
589,Err_UnknownEmbeddedLanguageType,"Неизвестный тип встраиваемого языка «{0}».","authored"
590,Err_NoResolutionForSomeLazyVariables,"Не удалось вывести тип ленивых переменных в этой сигнатуре.","authored"
591,Wrn_ChangeOfAccessModifier,"Метод {0}.{1} изменяет модификатор доступа «{2}» при перезаписи метода {3}.{1}","authored"
