id,key,text
429,Err_AbstractAndFinalNotPossible,"Eine Methode oder ein Funktionsbaustein kann nicht ABSTRCT und FINAL sein."
430,Err_AbstractAndPrivateNotPossible,"Eine PRIVATE Methode kann nicht ABSTRACT sein."
511,Err_AbstractFunctionBlockAssigned,"Der Funktionsbaustein {0} ist ABSTRACT und er kann nicht als Ziel für eine Zuweisung verwendet werden"
434,Err_AbstractFunctionBlockInstance,"Funktionsbaustein '{0}' ist ABSTRACT und kann nicht instanziert werden"
433,Err_AbstractMethodMustNotContainAnyStatements,"Die ABSTRACT Methode {0}.{1} darf keine Anweisungen enthalten"
431,Err_AbstractMethodNotImplemented,"Es gibt keine Implementierung für die ABSTRACT Methode '{0}', die im Funktionsbaustein '{1}' implementiert ist."
432,Err_AbstractMethodOnlyInAbstractFunctionblock,"Die ABSTRACT Methode {0} erfordert, dass der Funktionsbaustein {1} ebenfalls ABSTRACT ist."
442,Err_AbstractMethodStaticCall,"Die ABSTRACT Methode '{0}' kann nicht von einem statischen Aufruf aufgerufen werden"
428,Err_AbstractOnFunctionBlocksAndMethodsOnly,"ABSTRACT darf nur auf Methoden und Funktionsbausteine angewendet werden."
435,Err_AbstractPropertyNotImplemented,"Es gibt keine Implementierung für {0} des ABSTRACT Propertys '{1}', definiert in Funktionsbaustein '{2}'"
443,Err_AbstractPropertyStaticCall,"Auf die ABSTRACT Eigenschaft '{0}' kann nicht statisch zugegriffen werden."
445,Err_AbstractWrongVarInMethod,"In ABSTRACT-Methoden sind nur VAR_INPUT, VAR_OUTPUT und VAR_IN_OUT erlaubt"
192,Err_AccessOutsideOfCall,"Auf Eingang '{0}' von '{1}' kann nicht außerhalb des Aufrufs zugegriffen werden"
292,Err_AccessToInternalObject,"Kein Zugriff auf internes Objekt {0} der Bibliothek {1}"
293,Err_AccessToInternalProperty,"Kein Zugriff auf interne Eigenschaft {0} der Bibliothek {1}"
291,Err_AccessToInternalVariable,"Kein Zugriff auf interne Variable {0} der Bibliothek {1}"
576,Err_AccessVarInstFromOutsideTheDeclaringMethod,"Kein Zugriff auf VAR_INST '{0}' von '{1}' von außerhalb der deklarierenden Methode"
30,Err_AddressExpected,"Direkte Adresse nach 'AT' an Stelle von '{0}' erwartet"
112,Err_AddressMisaligned,"Addresse {0} falsch ausgerichtet für Datentyp {1}"
407,Err_AddressOfNonInstanceVar,"Instanz anstelle des Typnamens in der Adresse von Ausdruck'{0}' erforderlich"
111,Err_AddressOutOfRange,"Adresse '{0}' außerhalb des gültigen Bereichs: Berechneter Offset: {1} Bytes, allozierte Größe: {2} Bytes"
390,Err_AddressSourceIsAddressDest,"Variable '{0}' lag auf Adresse '{1}'. Auf dieser Adresse liegt nun Variable '{2}'. Dieser Wechsel ist nicht über einen Online-Change möglich."
136,Err_Ambiguity,"Nicht eindeutige Verwendung des Namens '{0}'"
311,Err_AnyTypeOnlyInFunction,"Variablen vom Typ '{0}' sind nur als Eingang von Funktionen erlaubt"
202,Err_ApplicationConflict,"Es gibt zwei Applikationen mit dem gleichen Namen '{0}' auf dem Gerät '{1}'"
161,Err_ArrayBorderIsNoConstant,"Datenfeldbereichsgrenze '{0}' ist kein konstanter Wert"
393,Err_ArrayBorderNoValidSignedInteger,"Die Auswertung der Arraygrenze {0} ergibt keine gültige vorzeichenbehaftete Integer-Konstante"
48,Err_ArrayIndexNumWrong,"Datenfeld benötigt genau {0} Indizes"
162,Err_ArrayInitialisationCountNoConstant,"Nummer '{0}' der Arrayinitialisierung ist kein konstanter Wert"
304,Err_ArrayInitialisationNotPossible,"Eine Arrayinitialisierung ist als Parameter eines Initialen Funktionsaufrufs nicht möglich. Verwenden Sie stattdessen eine Variable"
232,Err_ArrayInitializationExpected,"Arrayinitialisierung erwartet"
392,Err_ATDeclarationNotAllowed,"Eine AT-Deklaration ist innerhalb eines VAR-Abschnitts nicht erlaubt"
13,Err_AtLeastOneExpected,"Es wird wenigstens eine Anweisung erwartet"
51,Err_AttributeNameExpected,"Für einen Attributwert wird eine Single-Byte-Zeichenkette anstelle von {0} erwartet"
550,Err_AttributeNotAllowedFor,"Attribut '{0}' für '{1}' nicht erlaubt"
356,Err_AttributeNotValidForNonExternalPOU,"Das Attribut '{0}' ist für nicht-externe POUs nicht zulässig"
90,Err_BaseClassNotFound,"Keine Definition für Basis '{0}' gefunden"
122,Err_BaseNotAllowed,"Ausdruck SUPER ist in diesem Kontext nicht zulässig"
50,Err_Bitaccessnoconst,"Bitzugriff benötigt ein Literal oder eine symbolische ganzzahlige Konstante"
336,Err_BitAccessOnlyOnInt,"Bitzugriff ist nur auf ganzzahlige Typen möglich."
348,Err_BitAdrOnOperation,"Operator BITADR ist nur für Variablen erlaubt, nicht für Operationen"
3,Err_BitNrOverflow,"'{0}' ist keine gültige Bit-Nummer für '{1}'"
203,Err_BitsForStructureOnly,"Nur Strukturen und Funktionsbausteine können Variablen vom Typ BIT beinhalten."
204,Err_BitsWrongScope,"Variablen vom Typ BIT müssen innerhalb eines VAR_INPUT-, VAR_OUTPUT oder VAR-Abschnitts definiert werden"
229,Err_BlobInitError,"Konstanter Wert an Stelle von '{0}' erwartet"
115,Err_CalcNeedsCall,"Der zweite Parameter eines bedingten Aufrufs muss eine gültige Aufrufanweisung sein"
364,Err_CallAfterInitHasInputs,"Eine mit '{0}' markierte Methode kann keine Eingänge haben."
35,Err_CalleeInvalidType,"Programmname, Funktion oder Funktionsbausteinstanz an Stelle von '{0}' erwartet"
288,Err_CallOfPrivateMethod,"Kein Zugriff auf private Methode {0}.{1}"
290,Err_CallOfPrivateProperty,"Kein Zugriff auf private Eigenschaft {0}.{1}"
287,Err_CallOfProtectedMethod,"Kein Zugriff auf geschützte Methode {0}.{1}"
289,Err_CallOfProtectedProperty,"Kein Zugriff auf geschützte Eigenschaft {0}.{1}"
224,Err_CallRecursion,"Aufrufrekursion: {0}"
302,Err_CancelledByUser,"Übersetzung vom Anwender abgebrochen"
71,Err_CannotAddMultipleTime,"Mehrere Operanden vom Typ '{0}' können nicht addiert werden"
73,Err_CannotMultiplyMultipleTime,"Mehrere Operanden vom Typ '{0}' können nicht multipliziert werden"
323,Err_CantHaveBaseClass,"Schlüsselwort EXTENDS kann bei Typ {0} nicht verwendet werden"
216,Err_CaseLabelDuplicate,"CASE-Marke doppelt vorhanden"
217,Err_CaseLabelInCaseRange,"Die CASE-Marke {0} ist auch im Bereich {1} .. {2} enthalten"
218,Err_CaseLabelNoConstant,"CASE-Marke erfordert ein Literal oder eine symbolische Ganzzahlkonstante"
194,Err_CaseLabelOutsideOfCase,"CASE-Marke außerhalb von CASE-Anweisung"
219,Err_CaseRangesOverlapping,"CASE enthält überlappende Bereiche {0} .. {1} und {2} .. {3}"
340,Err_CheckLicenseNeedsSysTarget,"Die Bibliothek 3S License wird für den Operator __CHECKLICENSE benötigt"
68,Err_CompareNotPossible1,"Vergleich für Objekte vom Typ '{0}' nicht möglich"
69,Err_CompareNotPossible2,"Vergleich für Objekte vom Typ '{0}' oder '{1}' nicht möglich"
449,Err_ComparisonOperatorExpected,"Vergleichsoperator anstelle von '{0}' erwartet"
53,Err_CompilerVersionError,"Compilerversion {0} wurde zurückgezogen. Bitte verwenden Sie statt dessen eine höhere Compilerversion."
62,Err_CompoAccessNoStruct,"'{0}' ist keine Strukturvariable"
14,Err_ConditionExpected,"Bedingung erwartet"
49,Err_ConstantIndexOutOfRange,"Der konstante Index '{0}' liegt außerhalb des Bereichs von '{1}' bis '{2}'"
1,Err_ConstantOverflow,"Konstante '{0}' ist zu groß für Typ '{1}'"
63,Err_ContainsNoDefinition,"'{0}' enthält keine Definition für '{1}'"
15,Err_CounterStartExpected,"Zählvariableninitialisierung erwartet"
101,Err_DataRecursion,"Datenrekursion: {0}"
173,Err_DeclarationKeywordNotAllowed,"'{0}' ist an dieser Stelle nicht erlaubt"
85,Err_DefineValueExpected,"Define-Wert anstelle von '{0}' erwartet"
242,Err_DeleteNeedsPointer,"Operand von __DELETE muss ein Pointer sein."
64,Err_DerefNoPointer,"Derefernzierung benötigt einen Pointer"
274,Err_DeviceNameNoIdent,"Gerätename '{0}' nicht zulässig. Muss ein gültiger IEC 61131-3-Bezeichner sein"
188,Err_DeviceNotInstalled,"Das Gerät ist in der Installation nicht verfügbar. Keine Codeerzeugung möglich."
374,Err_DivisionByZero,"Division durch Null"
372,Err_DuplicateElseInCaseStatement,"Doppelte ELSE-Definition in CASE-Anweisung"
116,Err_DuplicateLabelDefinition,"Marke '{0}' mehrfach definiert"
329,Err_DuplicateVarConfig,"VAR_CONFIG für '{0}' duplizieren"
265,Err_DynamicMemoryNotSupported,"Kein Speicher für dynamische Objekterzeugung für Apllikation '{0}' definiert."
455,Err_ExplicitTransitionAssignMissing,"Der Code der Transition enthält mehrere Anweisungen. Die explizite Zweisung zur Transitionsausgangsvariable ist erforderlich."
7,Err_ExpressionExpectedInstead,"Ausdruck an Stelle von '{0}' erwartet"
318,Err_ExprNoConstantError,"Konstanter Wert an Stelle von '{0}' erwartet"
559,Err_FCallExpectedPointerAsSecondArgument,"Das zweite Argument von FCall muss ein Pointer auf eine Funktion sein."
558,Err_FCallWrongCallPatternSignature,"Das erste Argument von FCall muss ein Signaturtyp sein, der als Muster für den Aufruf verwendet wird."
557,Err_FCallWrongNumberOfArguments,"FCall erwartet genau  2+{0} Argumente."
369,Err_FeatureNotImplemented,"Das Feature '{0}' ist nicht implementiert."
280,Err_FinalOnFunctionBlocksAndMethodsOnly,"FINAL kann nur auf Methoden und Funktionsbausteine angewendet werden"
80,Err_FunctionBlockNeedsInstance,"Funktionsbaustein '{0}' muss für den Zugriff instanziert werden"
98,Err_FunctionBlockNoLongerValid,"Das Schlüsselwort FUNCTIONBLOCK wird nicht mehr unterstützt. Verwenden Sie stattdessen FUNCTION_BLOCK"
42,Err_FunctionCallMixedStyle,"In Funktionsaufrufen müssen alle oder kein Formalparameter explizit zugewiesen werden"
532,Err_FunNeedsAtLeastNInputs,"Funktion '{0}' benötigt mindestens '{1}' und maximal '{2}' Eingänge"
40,Err_FunNeedsNInputs,"Funktion '{0}' benötigt genau '{1}' Eingänge"
365,Err_GeneratingVarInitializations,"Eine oder mehrere Initialisierungswerte für Variablen sind ungültig"
553,Err_GenericDeclarationProducesErrorInGeneratedCode,"Die Typdeklaration '{0}' führt zu Fehlern im Code des generischen Funktionsbausteins"
,Err_GenericNoInitialValueSupported,"Kein Initialwert für generische Konstanten-Deklaration nicht unterstützt"
551,Err_GenericNoInteger,"Nur ganzzahlige Typen sind für generische Konstanten erlaubt"
548,Err_GenericNotConstant,"Die Definition '{0}' für die generische Konstante '{1}' ist kein konstanter Wert"
545,Err_GenericOnlyConst,"Nur CONSTANT-Generics in VAR_GENERIC-Deklarationen werden unterstützt"
544,Err_GenericOnWrongPosition,"VAR_GENERIC-Deklaration nur in Funktionsbausteinen nach dem Funktionsbausteinnamen erlaubt"
586,Err_GenericParamMissing,"Fehlende Initialisierung für generische Variable '{0}'"
585,Err_GenericParamsAllExplicitOrNone,"Entweder es müssen alle generischen Variablen explizit zugewiesen werden, oder keine"
587,Err_GenericParamUnknown,"'{0}' ist keine deklarierte generische Konstante von Funktionsbaustein '{1}'"
547,Err_GenericWrongNumberOfInitializer,"Generischer Funktionsbaustein '{0}' erwartet genau '{1}' Anzahl von generischen Konstanten-Definitionen"
213,Err_GlobalVariableListExpected,"VAR_GLOBAL oder VAR_CONFIG erwartet anstelle von {0}"
26,Err_IdentifierExpected,"Bezeichner an Stelle von '{0}' erwartet"
46,Err_IdentNotDefined,"Bezeichner '{0}' nicht definiert"
24,Err_IllegalOperator,"'{0}' ist kein gültiger ST-Operator"
366,Err_ImplicitEnumerationTypeNotExpected,"Impliziter Aufzähungstyp an dieser Stelle nicht erwartet"
397,Err_ImplicitMethodImplementationNotPublic,"Funktionsbaustein '{0}': der Zugriff auf die Methoden 'FB_Init', 'FB_Exit' und 'FB_ReInit'  muss PUBLIC sein"
273,Err_ImplicitMethodNameForVariable,"{0} ist der Name für eine implizit erzeugte Methode und nicht zulässig für Variablen in Funktionsbausteinen"
399,Err_ImplicitReferenceTypeDeclNotAllowed,"An dieser Stelle ist keine Deklaration eines impliziten Referenztyps möglich"
408,Err_ImplicitReferenceTypeOnlChangeError,"Es ist nicht möglich, einen lokalen impliziten Referenztypen über Online-Change hinzuzufügen"
401,Err_ImplicitRefTypeAllClassesNeedAttrib,"Der erbende Funktionsbaustein unterscheidet sich in der Verwendung des Attributs '{0}'"
402,Err_ImplicitRefTypeDeclarationNotAllowed,"Der implizite Referenztyp '{0}' kann in diesem Typ nicht deklariert werden"
400,Err_ImplicitRefTypeIsnotAllowedAsBase,"Implizite Referenztypen können nicht der Basistyp von Referenzen, Pointern oder Arrays sein"
403,Err_ImplicitRefTypeSignNotSupported,"Nur Funktionsbausteine und Strukturen können als implizite Referenztypen gekennzeichnet werden"
383,Err_IncompletePOUDeclaration,"Die POU-Deklaration is unvollständig ohne einen Namen"
382,Err_InconsistentInheritanceOfCPPCompatibility,"Inkonsistente Vererbung der C++-Kompatibilität. Attribut für '{0}' fehlt."
444,Err_InconsistentUseOfCPPCompatibility,"Inkonsistente Verwendung der C++-Kompatibilität. Attribut für '{0}' fehlt."
,Err_InconsistentUseOfCPPCompatibility_MissingParent,"Inkonsistente Verwendung von C++-Kompatibilität. Fehlende Attribute für den Elternbaustein '{0}'."
47,Err_IndexingInvalid,"Indizierung mit '[]' kann nicht auf einen Ausdruck mit Typ '{0}' angewendet werden"
126,Err_IndexNumWrong,"Variable vom Typ '{0}' benötigt genau einen Index"
191,Err_IndexOfNotSupported,"Der Operator INDEXOF wird nicht mehr unterstützt. Benützen Sie stattdessen ADR. Wird ADR auf einen POU-Namen angewendet, so wird ein Zeiger auf den POU code zurückgeliefert."
144,Err_InheritanceError,"Vererbung ist nur in Funktionsbausteinen, Schnittstellen und Strukturen erlaubt"
70,Err_IniNeedsUserdefType,"INI-Operator benötigt Funktionsbaustein- oder DUT-Instanz"
178,Err_InOutAccessOutside,"Externer Zugriff auf VAR_IN_OUT-Parameter '{0}' von '{1}'."""
294,Err_InOutAssignedInActionCall,"VAR_IN_OUT {0} kann in lokalem Aktionsaufruf '{1}' nicht zugeordnet werden"
39,Err_InOutNotAssigned,"VAR_IN_OUT '{0}' muss in Aufruf von '{1}' zugewiesen werden"
201,Err_InOutParamNotEqual,"Typ '{0}' entspricht nicht dem Typ '{1}' von VAR_IN_OUT beziehungsweise REFERENCE '{2}'"
44,Err_InputMissing,"Eingangszuweisung für Parameter '{0}' in Aufruf von '{1}' fehlt"
342,Err_InstanceNotAllowedInRetain,"Instanzen von '{0}' sind in Retain-Daten nicht erlaubt"
379,Err_IntegerLiteralExpected,"Integer-Literal anstelle von {0} erwartet"
89,Err_InterfaceChanged,"Schnittstelle der überladenen Methode '{0}' von Schnittstelle '{1}' stimmt nicht mit der Deklaration überein"
538,Err_InterfaceChanged_NumberOfInputsOutputsDifferent,"Die Anzahl der Eingänge/Ausgänge der Methode '{0}' entspricht nicht der Schnittstelle '{1}'."
539,Err_InterfaceChanged_VariableDifferent,"Die Variable '{0}' der Methode '{1}' entspricht nicht der Schnittstelle '{2}'."
94,Err_InterfaceChangedBase,"Schnittstelle der überladenen methode '{0}' von Basis '{1}' stimmt nicht mit der Deklaration überein"
145,Err_InterfaceImplementationError,"Schnittstellen können nur von Funktionsbausteinen implementiert werden"
321,Err_InterfaceMethodImplementationNotPublic,"Implementierung der Interface-Methode '{0}' des Funktionsbausteins '{1}' muss PUBLIC sein"
199,Err_InterfaceNeedsInstance,"Schnittstelle '{0}' muss instanziiert werden, um darauf zugreifen zu können"
86,Err_InterfaceNotFound,"Keine Definition für Schnittstelle '{0}' gefunden"
367,Err_InternalErrorProhibitingOnlineChange,"Interner Fehler {0} verhindert Online-Change! Applikation bereinigen und Download erforderlich."
519,Err_InvalidAccessPathForNamespaceAccess,"'{0}' ist kein gültiger Zugriffspfad"
183,Err_InvalidBaseForGlobalScopeExpression,"Globaler Bereichsoperator '.' kann nicht auf Ausdruck '{0}' angewendet werden"
375,Err_InvalidEnumBaseType,"Für einen ENUM-Basistyp werden nur ganzzahlige Datentypen unterstützt"
368,Err_InvalidEnumDefaultValue,"Nur lokale Enumerationskomponenten können als Standardinitialisierungswerte einer Enumeration verwendet werden"
278,Err_InvalidInitialisationForArray,"{0} ist eine ungültige Initialisierung für Konstante {1}. Initialisierungswerte von Konstanten müssen Konstanten sein."
536,Err_InvalidInitialisationForVarInst,"Der Initialisierungswert für eine VAR_INST-Variable darf keine lokalen Variablen verwenden."
114,Err_InvalidJumpDestination,"Ungültiges Ziel {0} für JMP"
17,Err_InvalidLoopIncrement,"Ungültiger Schleifeninkrementierer"
520,Err_InvalidNamespaceForNamespaceAccess,"'{0}' is kein gültiger Namensraum-Zugriff"
193,Err_InvalidSignatureName,"Name '{0}' ist kein gültiger Bezeichner"
37,Err_IsNoInput,"'{0}' ist kein Eingang von '{1}'"
18,Err_IsNoLValue,"'{0}' ist kein gültiges Zuweisungsziel"
38,Err_IsNoOutput,"'{0}' ist kein Ausgang von '{1}'"
396,Err_IsValidRefNeedsReference,"Operand für __ISVALIDREF muss vom Typ REFERENCE sein"
334,Err_LibNamespaceConflict,"Lokaler Namensraum '{0}' der Bibliothek '{1}' verbirgt Namesraum der Bibliothek '{2}'"
180,Err_LibraryConflict,"Nicht eindeutiger Namensraum '{0}' definiert von Bibliothek '{1}'"
416,Err_LibraryNamespaceNotValid,"Namensraum {0} von Bibliothek {1} ist kein gültiger Bezeichner"
326,Err_LibraryWithUnicodeIdentifiers,"Die Bibliothek '{0}' wurde mit Hilfe von Unicode-Identifier gespeichert und kann nur verwendet werden, wenn das Projekt ebenfalls Unicode-Identifier unterstützt (siehe Übersetzungsoptionen)."
338,Err_LibSupports32BitOnly,"Die Bibliothek '{0}' wird nur in 32-Bit-Applikationen unterstützt"
317,Err_LiteralExpected,"Literal anstelle von '{0}' erwartet"
163,Err_LowerGreaterUpperBorder,"Untergrenze muss kleiner als Obergrenze sein"
380,Err_LowerUpperBoundOnVariableLengthArrayOnly,"Die Operatoren LOWER_BOUND und UPPER_BOUND werden nur für Arrays unterstüzt"
507,Err_LowerUpperBoundOperandNotExactly,"Wert des zweiten Operanden des Operators {0} muss in diesem Fall 1 sein"
506,Err_LowerUpperBoundOperandNotInRange,"Wert des zweiten Operanden des Operators {0} muss in diesem Fall zwischen 1 und {1} liegen"
310,Err_LValueForAnyVar,"ANY Parameter '{0}' von '{1}' benötigt als Eingang eine Variable mit Schreibzugriff"
141,Err_LValueForReference,"Referenzzuweisung benötigt eine Variable mit Schreibzugriff"
41,Err_LValueForVarinout,"VAR_IN_OUT- beziehungsweise REFERENCE-Parameter '{0}' von '{1}' benötigt eine Variable mit Schreibzugriff als Eingang"
417,Err_LValueForVarinoutStrings,"VAR_IN_OUT- beziehungsweise REFERENCE-Parameter '{0}' von '{1}' benötigt eine Variable mit Schreibzugriff als Eingang"
140,Err_LValueNoRefType,"Referenzzuweisung ist nur für Variablen von Referenztypen erlaubt"
221,Err_MalformedAddress,"Direkte Adresse '{0}' nicht korrekt dargestellt"
332,Err_MappedVarWrittenInDiffTasks,"Variable {0}, welche auf Adresse {1} gemappt ist, wird in verschiedenen Tasks geschrieben"
352,Err_MaxArraySizeExceeded,"Maximale Array-Größe überschritten. Erhöhen Sie entweder die untere Grenze oder verringern Sie die obere Grenze."
584,Err_MaxNestingDepthExceeded,"Maximale Verschachtelungstiefe überschritten. "
588,Err_MissingImplementationTerminator,"Der Terminator '{0}' für den Implementierungsbaustein konnte nicht gefunden werden."
244,Err_MissingInstancePathForPersistent,"Kein passender Instanzpfad gefunden für Variable {0} in der VAR_PERSISTENT-Liste. Verwenden Sie den Befehl ""Alle Instanzpfade hinzufügen"" um der VAR_PERSISTENT-Liste alle Instanzpfade hinzuzufügen. (Siehe Hilfe für Details)"
,Err_MissingObjectForPersistent,"Keine VAR_PERSISTENT-Liste für die Applikation vorhanden um den Instanzpfad für die Variable {0} einzugeben"
130,Err_MissingParameterList,"{0} '{1}' ohne Klammern '()' referenziert"
208,Err_ModNotReal,"MOD ist für REAL nicht definiert"
34,Err_Multiassigninfor,"Genau eine Zählvariable für FOR-Anweisung erwartet"
509,Err_MultipleAssignmentsNotAllowedForOperator,"Mehrfachzuweisungen sind für Operator '{0}' nicht erlaubt."
405,Err_MultipleAssignmentsToInterfaceVariables,"Mehrfachzuweisungen auf Schnittstellenvariablen sind nicht erlaubt"
424,Err_MultipleAssignmentWithChangingValueTypes,"Mehrfachzuweisungen von Wertetypen mit impliziten Casts sind nicht erlaubt"
531,Err_MultipleAssignmentWithProperty,"Eigenschaften können nicht mitten in Mehrfachzuweisungen verwendet werden."
423,Err_MultipleAssignmentWithReferences,"Mehrfachzuweisungen von Referenzen auf Funktionsbausteine oder Datenstrukturen sind nicht erlaubt"
412,Err_MultipleAssignsToSameInputInCall,"Mehrfache Eingangszuweisungen für Parameter '{0}'"
243,Err_NamesNotEqual,"Der in der Schnittstelle verwendete Name ist nicht identisch mit dem Objektnamen"
249,Err_NewArrayOnUserdefNotAllowed,"Das Anlegen eines Arrays mit __NEW ist für benutzerdefinierte Typen nicht erlaubt"
248,Err_NewNeedsType,"Typdefinition als Operand für __NEW wird erwartet"
560,Err_NewOnInterfaceNotPossible,"__NEW ist auf Schnittstellen nicht möglich"
263,Err_NewOnlyWithAttribute,"Ein Funktionsbaustein oder eine Struktur benötigt das Pragma '{{attribute 'enable_dynamic_creation'}}', um mit __NEW angelegt zu werden. "
250,Err_NewPositionNotOK,"Das Ergebnis von __NEW muss zugewiesen werden"
206,Err_NoArrayOfBit,"BIT ist nicht als Basistyp eines Arrays erlaubt"
328,Err_NoAssign,"Zuweisung für Typ {0} nicht erlaubt"
61,Err_NoBitAccessOnFunctionCall,"Bitzugriff auf einen Funktionsaufruf ist nicht erlaubt."
113,Err_NoBitTypeOnBitAddress,"Typ {0} ist auf Bitadresse {1} nicht möglich"
528,Err_NoBranchOutOfFinally,"Eine Verzweigung aus dem __FINALLY-Block heraus ist nicht erlaubt"
246,Err_NoBytesInRetain,"Ein strukturierter Datentyp, der im Retain-Dateinbereich liegt, darf keine BYTE, SINT oder USINT enthalten"
185,Err_NoCallInInstancePath,"Es ist nicht möglich, auf das Ergebnis eines Funktionsaufrufs einen Komponentenzugriff '.', einen Indexzugriff '[]' oder einen Aufruf '()' des Ergebnisses eines Funktionsaufrufs durchzuführen. Weisen Sie zuerst das Ergebnis einer Variablen zu."
186,Err_NoCallInInterfaceComparison,"Eine Schnittstelle, die ein Rückgabewert eines Aufrufs ist, kann nicht verglichen werden. Weisen Sie diese zuerst einer Variablen zu."
11,Err_NoCaseLabelFound,"Keine CAS'-Marke gefunden"
286,Err_NoChangeOnAccessModifier,"Methode {0}.{1} kann den Zugriffsmodifizierer ""{2}"" nicht verändern, wenn sie Methode {3}.{1} überschreibt"
299,Err_NoCodegenerator,"Erzeugung eines Codegenerators fehlgeschlagen. Das erforderliche Plug-in ist nicht installiert"
4,Err_NoComponentOf,"'{0}' ist keine Komponente von '{1}'"
227,Err_NoConstantInitialisationForValue,"Konstante '{0}' nicht mit konstantem Wert initialisiert."
391,Err_NoCopyCodeAllowed,"Das Verschieben dieses Bausteins an eine neue Position ist während eines Online-Changes nicht erlaubt"
577,Err_NoCopyCodeForVariableAtDirectAddress,"eine Variable an einer direkten Adresse kann ihren Typ nicht während Online-Change ändern"
346,Err_NoDirectAddressInSubsequentVarDecl,"Die Deklaration der Variablen '{0}' mit einer Adresszuweisung kann nciht in einem PRG oder einer GVL mit Attribut 'subsequent' verwendet werden."
132,Err_NoEnclosingLoopExit,"Keine umschließende Schleifenanweisung auf die {0} angewendet werden kann"
530,Err_NoExitOrContinueOutOfCatch,"Ein Exit oder Continue aus dem __CATCH-Block heraus ist nicht erlaubt"
529,Err_NoExitOrContinueOutOfTry,"Ein Exit oder Continue aus dem __TRY-Block heraus ist nicht erlaubt"
554,Err_NoExplicitCall,"Keine expliziten Aufrufe für '{0}' erlaubt. {1}. "
378,Err_NoFormalParamsCallsForExtensibleFunction,"Keine explizite Eingangszuweisung möglich für den Aufruf der erweiternden Funktion {0}"
556,Err_NoGenericInstanceInVarConst,"Instanzen eines generischen Funktionsbausteins können nicht als Konstante deklariert werden"
65,Err_NoGlobalDefine,"Globale Definition für '{0}' nicht vorhanden"
324,Err_NoIndirectPropertyCallOnStringWithSize,"Indirekter Aufruf von Property des Typs {0} ist nicht möglich, weil nur Typen mit explizit angegebener Länge unterstützt werden."
282,Err_NoInheritanceOnFinalType,"'{0}' mit Attribut FINAL darf nicht als Basis verwendet werden"
238,Err_NoInitialForExternal,"Für VAR_EXTERNAL {0} ist kein Initialwert erlaubt."
313,Err_NoInitialForInoutConstant,"Für VAR_INOUT CONSTANT {0} ist kein Initialwert erlaubt."
108,Err_NoInputMemory,"Es wurde kein Eingangsspeicher reserviert"
419,Err_NoInputsWithSlotAttributes,"Keine Eingänge erlaubt in Signatur '{0}' mit Attribut '{1}'"
177,Err_NoInstanceObject,"'{0}' ist vom Typ {1} und kann nicht instanziert werden"
128,Err_NoInstancePath,"Kein VAR_CONFIG für '{0}'"
99,Err_NoLocalEnum,"Lokale Enumerationen werden nicht mehr unterstützt. Verwenden Sie stattdessen eine DUT-Definition."
138,Err_NoMatchingInitMethodFound,"Keine entsprechende 'FB_Init'-Methode für Instanzierung von {0} gefunden"
581,Err_NoMatchingOverload,"Keine passende Überladung für Methode '{0}' gefunden"
541,Err_NoMemoryAllocationCallback,"Das Erzeugen des Speicher-Allokators ist fehlgeschlagen: Das erforderliche Plug-in ist nicht installiert"
110,Err_NoMemoryMemory,"Es wurde kein Speicher reserviert"
425,Err_NoMemoryReserveForExternal,"Das Verwenden einer Speicherreserve für externe Funktionsbausteine wird nicht unterstützt"
87,Err_NoMethodImplementation,"Keine Implementierung für Methode '{0}' aus Schnittstelle '{1}'"
361,Err_NoMixExternalIECInheritance,"Eine erweiternde POU muss in gleicher Weise implementiert sind wie ihre Basis (extern oder in IEC)."
96,Err_NoMultipleInheritance,"Nur ein einziger Basisfunktionsbaustein darf in der EXTENDS-Liste definiert sein"
518,Err_NoNamespace,"'{0}' verweist nicht auf einen Namensraum"
454,Err_NoNewAssignmentInOtherExpression,"Es ist nicht möglich, einen Zuweisungsausdruck mit dem Operator __NEW in einem anderen Ausdruck zu verwenden. Verwenden Sie stattdessen die Zeigervariable."
264,Err_NoOnlineChangeOnDynamicObjects,"Ein Online-Change, der die Größe eines dynamisch erzeugten Typs ändert, kann nicht durchgeführt werden."
575,Err_NoOnlineChangeOnGenericConstantBaseType,"In der Deklaration von Basistyp {0} hat sich der Wert für die Konstante {1} von {2} auf {3} verändert: Kein Online-Change möglich!"
574,Err_NoOnlineChangeOnGenericConstantType,"In der Deklaration von Variable {0} hat sich der Wert für die Konstante {1} von {2} auf {3} verändert: Kein Online-Change möglich!"
184,Err_NoOnlineChangePossible,"Keine Online-Änderungen möglich. Führen Sie einen vollständigen Download durch"
109,Err_NoOutputMemory,"Es wurde kein Ausgangsspeicher reserviert"
552,Err_NoOutsideAccessToGenericVariable,"Kein externer Zugriff auf generische Konstante '{0}' des Funktionsbausteins '{1}'"
283,Err_NoOverrideOnFinalMethod,"Funktionsbaustein '{0}': Kein Überladen der Methode {1}.{2} mit Zugriffsmodifizierer FINAL möglich"
285,Err_NoOverrideOnInternalMethod,"Funktionsbaustein '{0}': Kein Überladen der Methode {1}.{2} in Bibliothek {3} mit Zugriffsmodifizierer INTERNAL möglich"
284,Err_NoOverrideOnPrivateMethod,"Funktionsbaustein '{0}':  Kein Überladen der Methode {1}.{2} mit Zugriffsmodifizierer PRIVATE möglich"
205,Err_NoPointerToBit,"POINTER TO BIT ist nicht erlaubt"
247,Err_NoPropertiesInOutAssignment,"Eine Eigenschaft kann nicht in einer Ausgangszuweisung eines Aufrufs zugewiesen werden. Verwenden Sie statt dessen eine temporäre Variable."
537,Err_NoPropertyForVarInout,"Eigenschaften können nicht einem VAR_IN_OUT zugewiesen werden."
143,Err_NoReadAccessToProperty,"Die Eigenschaft '{0}' kann in diesem Zusammenhang nicht verwendet werden, da sie keine Get-Zugriffsdefinition besitzt"
272,Err_NoReferenceToBits,"Referenzen auf Bits sind nicht möglich"
222,Err_NoReferenceToOutput,"Ausgänge können nicht vom Typ REFERENCE TO sein"
409,Err_NoResolutionForLazyVariable,"Typ der lazy getypten Variablen '{0}' konnte nicht aufgelöst werden"
590,Err_NoResolutionForSomeLazyVariables,"Der Typ von lazy-Variablen in dieser Signatur konnte nicht ermittlet werden"
549,Err_NoStaticVariableInitialisationForValue,"Initialisierung der statischen Variable '{0}' nicht konstant oder ersetzte Konstanten sind deaktiviert"
117,Err_NoSuchLabel,"Marke '{0}' innerhalb des Bereichs der 'JMP'-Anweisung nicht definiert."
207,Err_NoSystemDefine,"Es existiert keine Systemdefinition für '{0}'"
320,Err_NotAllowedInContainerLib,"'{0}' in Container-Bibliothek nicht zulässig"
319,Err_NotAllowedInInterfaceLib,"'{0}' in Interface-Bibliothek nicht zulässig"
437,Err_NotAllowedInTaskLocalVariables,"Tasklokale Variablenliste '{0}': '{1}' ist nicht erlaubt"
225,Err_NotAnInstanceOf,"'{0}' ist keine Instanz von '{1}'"
420,Err_NotEnoughMemoryForCompactDownload,"Nicht mehr genügend Speicher für einen kompakten Download in der ersten Code Area. '{0}' Bytes konnten nicht alloziert werden"
226,Err_NotEnoughMemoryForVariableInit,"Nicht genügend Speicher für die Initialisierung der Variable '{0}'. {1} Bytes benötigt"
135,Err_NotSupportedInInterface,"Dieser Code wird im Deklarationsteil nicht unterstützt"
12,Err_NoValidCondition,"'{0}' ist keine gültige Bedingung"
82,Err_NoValidConditionforPragma,"'{0}' ist keine gültige Pragmabedingung"
124,Err_NoValidEnumInit,"{0} ist keine gültige Initialisierung für eine Enumeration"
129,Err_NoValidInstancePath,"'{0}' ist kein gültiger  Instanzpfad"
21,Err_NoValidOperand,"'{0}' ist kein gültiger Operand"
84,Err_NoValidOperandforPragma,"'{0}' ist kein gültiges Pragma"
20,Err_NoValidStatement,"'{0}' ist keine gültige Anweisung"
446,Err_NoValuePassingForCPPExternal,"CPP-kompatible Funktionen können keine Eingänge oder Ausgänge des Typs STRING, ARRAY oder strukturierte Datentypen enthalten. Verwenden Sie statt dessen POINTER oderr REFEFRENCE zu diesem Typ."
322,Err_NoVarConfigInMethodOrFunction,"Unvollständige Adressen sind in Methoden und Funktionen nicht zulässig"
237,Err_NoVarForExternal,"Keine globale Definition für VAR_EXTERNAL {0} gefunden"
411,Err_NoVarInputInPropertyAccessors,"Es ist nicht erlaubt Eingangsvariablen in Property-Accessoren zu definieren: {0} : {1}"
149,Err_NoVarsinInterface,"Variablendeklarationen in Schnittstellendefinitionen nicht erlaubt"
275,Err_NoVarTempInSubsequentPrograms,"VAR_TEMP ist nicht möglich in Programmen mit Attribut 'subsequent'"
395,Err_NumOfInitializersDoNotMatch,"Die Anzahl von 'FB_Init'-Initialisierern ({0}) stimmt nicht mit Anzahl der Arrayelemente ({1}) überein"
150,Err_OneAccessorRequired,"Eigenschaft '{0}' benötigt wenigstens einen Accessor"
92,Err_OnlyMethodsOverride,"{0} {1} von {2} kann nicht überladen werden: Nur Methoden können überladen werden"
72,Err_OperationNotPossibleOnType,"Operator '{0}' kann auf Typ '{1}' nicht angewendet werden"
2,Err_Operator1of2Expected,"'{0}' oder '{1}' an Stelle von '{2}' erwartet"
28,Err_Operator1of3Expected,"'{0}', '{1}' oder '{2}' an Stelle von '{3}' erwartet"
8,Err_Operator1of3ExpectedInsteadofEOF,"Unerwartetes End-of-file gefunden: '{0}', '{1}' oder '{2}' erwartet"
25,Err_Operator1of4Expected,"'{0}', '{1}',  '{2}' oder '{3}' an Stelle von '{4}' erwartet"
6,Err_OperatorExpected,"'{0}' an Stelle von '{1}' erwartet"
10,Err_OperatorExpectedInsteadofEOF,"Unerwartetes End-of-file gefunden: '{0}' erwartet"
341,Err_OperatorNotAllowedAtPosition,"Die Verwendung von Operator '{0}' ist in dieser Anweisung nicht erlaubt"
309,Err_OperatorNotSupported,"Operator '{0}' nicht unterstützt"
448,Err_OperatorNotSupportedVersion,"Operator '{0}' wird auf Ihrem aktuellen Zielgerät nicht unterstützt. Es wird mindestens die Version {1} des Laufzeitsystems benötigt."
381,Err_OperatorNoValidVariableName,"Der Operator '{0}' ist kein gültiger Name für eine Variable"
23,Err_OpNeedsAtLeastInputs,"'{0}' benötigt wenigstens {1} Operanden"
22,Err_OpNeedsExactInputs,"'{0} benötigt genau {1} Operanden"
333,Err_OpTakesAtMostInputs,"'{0}' benötigt höchstens '{1}' Operanden"
127,Err_OutOfCodeMemory,"Nicht genügend freier Programmspeicher: POU '{0}', {1} Bytes. (Inkrementelles Kompilieren kann Fragmentierung des Speichers hervorrugen. ""Übersetzen"" ""Bereinigen"" ausführen, um die Reallozierung aller Daten und des Codes zu erzwingen.)"
104,Err_OutOfMemory,"Nicht genügend freier globaler Datenspeicher: Variable '{0}', {1} Bytes. (Inkrementelles Kompilieren kann Fragmentierung des Speichers hervorrufen. ""Erstellen"" ""Bereinigen"" ausführen, um die Reallozierung aller Daten und des Codes zu erzwingen.)"
105,Err_OutOfMemoryFunctionPointer,"Nicht genügend freier globaler Datenspeicher: Funktionszeiger für Funktion '{0}' kann nicht alloziert werden"
106,Err_OutOfMemoryWithWholeSize,"Nicht genügend freier globaler Speicher: Variable '{0}', {1} Bytes (Größte zusammenhängende Speicherlücke {2}). Inkrementelles Übersetzen oder das Hinzufügen von Variablen zur persistenten Variablenlisten könnte fragmentierten Speicher erzeugen. Führen Sie den Befehl ""Deklarationen, Liste neu ordnen und Lücken bereinigen"" aus um die Liste der persistenten Variablen zu komprimieren, oder ""Erstellen, Bereinigen"", um den Speicher für andere Daten und Code neu zuzuteilen."
415,Err_OutOfPersistentMemoryExplicit,"Nicht genügend freier persistenter Speicher. Variable '{0}', {1} Bytes (Größte zusammenhängende Speicherlücke {2}). Das Bearbeiten persistenter Variablenliste kann eine Fragmentierung des Speichers bewirken. Führen Sie den Befehl ""Deklarationen, Liste neu ordnen und Lücken bereinigen"" aus, um persistente Variablenlisten zu kompaktieren. {3}"
414,Err_OutOfPersistentMemoryImplicit,"Nicht genügend freier persistenter Speicher {0}"
102,Err_OutOfRetainMemory,"Nicht genügend freier Retain-Speicher: Variable '{0}', {1} Bytes. (Inkrementelles Kompilieren kann Fragmentierung des Speichers hervorrufen. ""Erstellen"" ""Bereinigen"" ausführen, um die Reallozierung aller Daten und des Codes zu erzwingen.)"
103,Err_OutOfRetainMemoryWithWholeSize,"Nicht genügend freier Retain-Speicher: Variable '{0}', {1} Bytes. (Größte zusammenhängende Speicherlücke {2}) (Inkrementelles Kompilieren kann Fragmentierung des Speichers hervorrufen. ""Erstellen"" ""Bereinigen"" ausführen, um die Reallozierung aller Daten und des Codes zu erzwingen.)"
387,Err_OutParamNotEqual,"Type '{0}' entspricht nicht dem Typ '{1}' von VAR_OUTPUT '{2}'"
165,Err_OutputByteWrittenFromDifferentTasks,"Dasselbe Byte im Ausgangsspeicher wird in verschiedenen Tasks geschrieben"
5,Err_OverflowInAddress,"Konstantenüberlauf in Adresse '{0}'"
582,Err_OverloadNeedsAttribute,"Es gibt eine weitere Methode mit dem Namen '{0}'. Verwenden Sie das Attribut {{attribute 'overloaded'}}, falls Sie überladene Methoden definieren wollen."
583,Err_OverloadWithSameInputs,"Es gibt eine weitere Überladung für '{0}' mit denselben Eingabetypen."
360,Err_ParameterlistNotConst,"Eine Parameterliste muss als Konstante deklariert sein."
146,Err_ParamsNotAllowed,"Ein 'PARAMS'-Parameter muss der letzte Eingang einer Funktion oder Methode sein"
563,Err_PartialAccess_NotAValidComponent,"'%{1}{2}' ist keine gültige partielle Komponente von '{0}'"
562,Err_PartialAccess_OnlyOnBitTypes,"Partieller Zugang wird nur auf ANY_BIT-Typen unterstützt, nicht auf '{0}'"
215,Err_PersistentNoAddress,"Direkte Adressdeklaration ist in Persistenten Variablenlisten nicht möglich"
301,Err_PersistentVariablesChangeMessageText,"Persistente Variablen geändert. Download durch den Anwender abgebrochen."
214,Err_PersistentWrongVariable,"Alle Variablen in der persistenten Liste müssen entweder VAR_GLOBAL PERSISTENT oder VAR_GLOBAL PERSISTENT RETAIN sein"
164,Err_POUCalledFromDifferentTasks,"Baustein {0} schreibt auf Ausgang {1} und wird in mehreren Tasks aufgerufen"
281,Err_PrivateOnMethodsOnly,"PRIVATE und PROTECTED dürfen nur auf Methoden und Funktionsbausteine angewendet werden"
570,Err_ProjectDefinedNotSupportedFor,"Die Bedingung 'project_defined' wird für diese Syntax nicht unterstützt, da sie die öffentliche Schnittstelle von '{0}' beeinträchtigen könnte."
234,Err_QueryInterfaceErrorP1,"Erster Operand of __QueryInterface muss eine Schnittstellenreferenz oder die Instanz eines Funktionsbausteins sein"
235,Err_QueryInterfaceErrorP2,"Der zweite Operand von __QueryInterface muss eine Interface-Referenz sein."
239,Err_QueryInterfaceP1NoIQuery,"Interface {0} erweitert nicht {1}"
240,Err_QueryPointerErrorP1,"Erster Operand von __QueryPointer muss eine Schnittstellenreferenz oder Instanz eines Funktionsbausteins sein."
241,Err_QueryPointerErrorP2,"Zweiter Operand von __QueryInteface muss ein Pointer sein"
307,Err_RecursiveConstantInitialisation,"Rekursive Definition von konstantem Wert"
353,Err_RefAssignNeedsLValue,"Eine Referenzzuweisung benötigt eine Variable mit Schreibzugriff als Zuweisungsquelle"
413,Err_RefAssignOnlyForReferenceTypes,"Initialisierung mit REF= ist nur für Variablen des Typs REFERENCE TO erlaubt"
261,Err_ReferenceNotAllowed,"Ein Referenztyp darf nicht als Basistyp eines Arrays, Pointers oder einer Referenz verwendet werden"
262,Err_ReferenceNotAllowedForVarInOut,"Ein Referenz-Typ ist nicht zulässig als Typ eines VAR_IN_OUT"
343,Err_ReferenceToInput,"Referenzzuweisung ist nicht möglich auf eine Variable, die auf eine Eingangsadresse abgebildet ist"
,Err_RelatedPositionInterface,"Zugehörige Position: Schnittstellenmethode '{0} von Schnittstelle {1}'."
300,Err_RelatedPositionTaskX,"Zugehörige Position: Zugriff in Task {0}"
277,Err_RetainNotAccessiblePOU,"Baustein {0} verschattet den Bibliotheksnamen, es ist kein Zugriff auf die Bibliothekselemente möglich. Es wird kein impliziter Code für das Speichern der Retain-Varialblen {1} erzeugt."
276,Err_RetainNotAccessibleVariable,"Variable {0} verschattet den Bibliotheksnamen. Es ist kein Zugriff auf die Bibliothekselemente möglich. Es wird kein impliziter Code für das Speichern der Retain-Variablen {1} erzeugt."
175,Err_RetainOrPersistentNotAllowed,"'RETAIN' oder 'PERSISTENT' sind an dieser Stelle nicht erlaubt"
270,Err_RetainsNotSupported,"Retain-Daten werden auf diesem Gerät nicht unterstützt"
182,Err_ReturnTypeForNonFunction,"Rückgabetyp ist nur für Funktionen und Methoden erlaubt"
19,Err_RValueRequired,"Zuweisung besitzt keine gültige Quelle"
95,Err_SelfInheritance,"Rekursion in Schnittstelle: {0}"
91,Err_SelfInheritanceBase,"Rekursion in Basisfunktionsbausteinliste: {0}"
384,Err_SelMuxOnlyEqualUserDefTypes,"Alle benutzerdefinierten Typen, die in SEL oder MUX verwendet werden, müssen gleich sein"
189,Err_SemicolonExpected,"';' anstatt '{0}' erwartet"
190,Err_SemicolonExpectedInsteadOfEnd,"';' anstatt Ende der POU erwartet"
296,Err_SlotFunctionAmbiguousName,"Baustein {0} mit Slot-Attribut {1} hat keinen eindeutigen Namen."
295,Err_SlotFunctionHiddenByVariable,"Baustein {0} mit Slot-Attribut {1} kann nicht aufgerufen werden, weil er durch Variable '{2}' verborgen wird."
88,Err_SomethingOverridingMethod,"{0} '{1}' überlädt Schnittstellenmethode '{2}'"
93,Err_SomethingOverridingMethodBase,"{0} '{1}' überlädt Basismethode '{2}'"
231,Err_SpecialTypeExpected,"An dieser Stelle wird ein Ausdruck des Typs '{0}' erwartet"
297,Err_StackOverflowDetected,"Stack-Überlauf in TAsk {0} erkannt.. Maximale Stack-Größe: {1} Bytes. Berechnete Stack-Größe: {2} Bytes. Aufrufhierarchie:"
172,Err_StaticNotAllowed,"'VAR_STAT'-Deklaration an dieser Stelle nicht erlaubt"
359,Err_StrictEnumNoArithmeticAllowed,"Mathematische Operationen auf strikten ENUM-Typ '{0}' nicht erlaubt"
358,Err_StrictEnumNotAMember,"'{0}' ist kein gültiger Wert für strikten ENUM-Typ '{1}'"
436,Err_StringLengthIsNoConstant,"Stringlänge '{0}' ist kein konstanter Wert"
450,Err_StringLiteralExpected,"String-Literal anstelle von '{0}' erwartet"
27,Err_StringSizeExpected,"Länge der Zeichenkette erwartet nach '('"
418,Err_StringTooShortForVarInOut,"String-Variable '{0}' ist zu kurz für den VAR_IN_OUT-Parameter '{1}' von '{2}'"
179,Err_StructInitOnlyInput,"'{0}' ist kein Eingang von '{1}'"
306,Err_StructuredValueTypeInExternalCall,"Strukturierter Typ '{0}' ist in einem externen Funktionsaurfuf nicht erlaubt"
303,Err_StructureInitialisationNotPossible,"Eine Struktur-Initialisierung ist als Parameter eines Init-Funktionsaufufs nicht möglich. Verwenden Sie statt dessen eine Variable."
233,Err_StructureInitializationExpected,"Initialisierungsliste für {0} erwartet"
170,Err_StructureNotAllowed,"'STRUCT'-Deklaration ist nur in DUT-Definition erlaubt"
279,Err_SummarizedLibraryErrors,"{0} interne Fehler in Bibliothek {1}"
398,Err_SystemOutOfMemory,"Das Entwicklungssystem hat nicht genügend Speicher um den Online-Change auszuführen. Bitte starten Sie die Applikation neu bevor Sie weiterentwickeln."
439,Err_TaskLocalVariablesAccessNotAllowed,"Tasklokale Variablenliste '{0}': Schreibzugriff nur in Task '{1}' erlaubt"
440,Err_TaskLocalVariablesNoOnlineChangePossible,"Tasklokale Variablenliste '{0}' geändert. Kein Online-Change möglich."
438,Err_TaskLocalVariablesWriterTaskNotDefined,"Tasklokale Variablenliste '{0}': Schreibtask nicht definiert"
45,Err_ThisNotAllowed,"Verwendung von THIS ist in diesem Zusammenhang nicht erlaubt"
376,Err_TooFewParametersForExtensibleFunction,"Die erweiterbare Funktion {0} benötigt minimal {1} Eingänge für Parameter {2}"
75,Err_TooManyInitializer,"Zu viele Initialisierer für Datenfeld"
377,Err_TooManyParametersForExtensibleFunction,"Die erweiterbare Funktion {0} akzeptiert maximal {1} Eingänge für Parameter {2}"
345,Err_TryCatchNotSupported,"Strukturierte Ausnahmebehandlung wird noch nicht unterstützt"
331,Err_TryCatchNotSupportedCodegenerator,"Der Codegenerator für das aktuelle Gerät unterstützt keine strukturierte Ausnahmebehandlung"
330,Err_TryCatchNotSupportedVersion,"Strukturierte Ausnahmebehandlung wird auf Ihrem aktuellen Zielgerät nicht unterstützt. Es wird mindestens die Version 3.5.6.0 des Laufzeitsystems benötigt."
31,Err_TypeExpected,"Typdefinition an Stelle von '{0}' erwartet"
546,Err_TypeIsNotGeneric,"'{0}' ist kein generischer Funktionsbaustein."
32,Err_TypeMismatch,"Typ '{0}' kann nicht in Typ '{1}' konvertiert werden"
66,Err_TypesNotComparable,"Typ '{0}' kann nicht mit Typ '{1}' verglichen werden"
74,Err_UnexpectedArrayInitialisation,"Unerwartete Datenfeldinitialisierung"
347,Err_UnexpectedOperandForCallInitFunction,"Unerwarteter Operand '{0}' n '{1}' gefunden. Es muss eine GVL oder ein PRG als Parameter übergeben werden."
83,Err_UnexpectedOperandForIndexOf,"Unerwarteter Operand '{0}' in '{1}' gefunden"
81,Err_UnexpectedPragmaif,"Unerwartetes Pragma: '{0}' ohne zugehöriges 'if' gefunden"
578,Err_UnexpectedStatement,"Unerwartete Anweisung"
76,Err_UnexpectedStructureInitialisation,"Unerwartete Strukturinitialisierung"
9,Err_UnexpectedTokenFound,"Unerwartetes Token '{0}' gefunden"
230,Err_UnexpectedTypeName,"Typbezeichnung '{0}' an dieser Stelle nicht erwartet"
268,Err_UninitialisedVariableUsedInInitialisation,"Die nicht-initialisierte Variable {0} wird für die Initialisierung von {1} verwendet. Verwenden Sie das Attribut 'global_init_slot', um die Reihenfolge der Initialisierung zu ändern."
171,Err_UnionNotAllowed,"UNION-Deklaration ist nur in DUT-Definition erlaubt"
521,Err_UnknownCompilerVersionInCompiledLib,"Die Compilerversion ""{1}', mit der die übersetzte Bibliothek ""{0}"" erzeugt wurde, ist neuer als die Compilerversion des Projekts, oder sie ist unbekannt."
589,Err_UnknownEmbeddedLanguageType,"Unbekannter eingebetteter Sprachtyp '{0}'."
427,Err_UnknownMaxStackSize,"Der Zugriff auf Informationen über die aktuell ausgeführte Task erfordert Kenntnisse über die maximale Größe des Stacks, die vom Zielsystem unterstützt wird"
77,Err_UnknownType,"Unbekannter Typ: '{0}'"
579,Err_UnsupportedFeature,"Die Compiler-Funktion '{0}' wird nur von der Compiler-Version {1} oder neuer unterstützt."
78,Err_UnsupportedType,"Nicht unterstützter Typ: '{0}'"
16,Err_UpperBoundExpected,"FOR-Schleife benötigt eine Obergrenze"
363,Err_UserCheckFunctionsNotSupported,"Benutzerdefinierte Prüffunktionen werden nicht unterstützt"
167,Err_VarAccessNotSupported,"VAR_ACCESS wird nicht unterstützt"
168,Err_VarConfigNotAllowed,"VAR_CONFIG-Deklaration ist nur in VAR_CONFIG-Liste erlaubt"
169,Err_VarGlobalNotAllowed,"'VAR_GLOBAL'-Deklaration ist nur in globalen Variablenlisten erlaubt"
211,Err_VariableDeclarationExpected,"Variablendeklaration erwartet statt {0}"
142,Err_VariableDuplicate,"Eine lokale Variable mit dem Namen '{0}' ist bereits in '{1}' definiert."
314,Err_VariableForVarinoutConstant,"VAR_IN_OUT CONSTANT Parameter '{0}' von '{1}' benötigt als Eingang eine Variable"
212,Err_VariableListExpected,"VAR, VAR_INPUT, VAR_OUTPUT oder VAR_IN_OUT erwartet anstelle von {0}"
97,Err_VariableOverride,"Mehrfachdefinition von Variable '{0}' in Funktionsbaustein '{1}' und in Basis '{2}'"
337,Err_VarInstOnlyInMethods,"'VAR_INST'-Deklaration an dieser Stelle nicht erlaubt"
385,Err_VarLengthArrayInOut,"Arrays mit variablen Längen sind nur zulässig als VAR_IN_OUT von Funktionsbausteinen oder als VAR_IN_OUT und VAR_INPUT von Methoden und Funktionen"
386,Err_VarLengthArrayTopLevel,"Ein Arraytyp mit variabler Länge muss an der obersten Position einer Typdeklaration stehen"
174,Err_VarTempNotAllowed,"'VAR_TEMP'-Deklaration an dieser Stelle nicht erlaubt"
107,Err_VarTooBig,"Die Variable '{0}' ist zu groß. (Variablengröße: {1}, Segmentgröße: {2})"
503,Err_VectorBaseMustBeRealType,"Der Basistyp eines Vektros muss entweder REAL oder LREAL sein."
502,Err_VectorNoPersistentRetain,"Ein Vektor kann nicht als persistent oder retain deklariert werden"
501,Err_VectorSizeIsNoConstant,"Die Größe eines Vektors muss eine Konstante sein"
500,Err_VectorSizeNotValid,"Die Größe eines Vektors muss ein ganzzahliger Wert größer 0 und kleiner 9 sein"
505,Err_VectorTypeCantBePlacedInUnion,"Vektortypen können nicht in Unions platziert werden."
504,Err_VectorTypesNotCompatible,"Die Vektortypen {0} und {1} sind nicht kompatibel"
453,Err_VersionInvalidFormat,"Token '{0}' ist keine gültige Version"
451,Err_VersionOverflow,"Wenigstens ein Teil der Version '{0}' hat einen zu großen Wert"
452,Err_VersionPartNegative,"Wenigstens ein Teil der Version '{0}' hat einen negativen Wert"
534,Err_WrongCallAfterGlobalInitSlotSignature,"Eine Signatur, die mit dem Attribut 'call_after_global_init_slot' dekoriert ist, darf entweder keine Argumente haben, oder einen einzigen Eingang mit Namen 'bInitRetains'."
119,Err_WrongConstructor,"Die FB_Init-Methode eines Funktionsbausteins oder einer Struktur muss zwei Eingänge 'bInitRetains' und 'bInCopyCode' vom Typ BOOL haben."
120,Err_WrongDestructor,"Die FB_Exit-Methode eines Funktionsbausteins oder einer Struktur muss einen einzigen Eingang 'bInCopyCode' vom Typ BOOL haben, und einen Rückgabewert vom Typ BOOL."
43,Err_WrongFormalParameter,"Falscher formaler Parameter: '{0}' an dieser Stelle erwartet"
36,Err_WrongObjectType,"Object vom Typ '{0}' kann nicht aufgerufen werden"
524,Err_WrongReInit,"Die FB_ReInit-Methode eines Funktionsbausteins oder einer Struktur darf keine Eingänge und keinen Rückgabewert vom Typ BOOL habeni. Der FB_ReInit wird nicht automatisch aufgerufen."
131,Err_WrongTypeForAdr,"'{0}' ist als Operand für 'ADR' nicht erlaubt"
236,Err_WrongTypeForExternal,"Falsche Typdefinition für VAR_EXTERNAL {0}"
176,Err_WrongVarInInterfaceMethod,"In Schnittstellenmethoden sind nur VAR_INPUT, VAR_OUTPUT und VAR_IN_OUT erlaubt"
181,Inf_RelatedPosition,"Verwandte Position"
,Inf_RelatedPositionRecursion,"Aufgerufen '{0}'."
,Inf_RelatedPositionStackoverflow,"'{0}' nutzt {1} Bytes vom Stack."
535,Inf_UseXSizeOfOperator,"Verwenden Sie den XSIZEOF-Operator für große Typen"
,Info_PersistentMemoryConfiguration,"Sie können die Größe des persistenten Speichers in der Konfiguration des persistenten Speichers ändern."
,PublishSymbolsMustBeSet,"""Alle IEC-Objekte sichtbar machen"" muss aktiviert sein"
52,Txt_ParentContextNotUpToDate,"""Vater-Kontext nicht aktuell""."
573,Wrn_AbstractKeywordMissing,"Das Schlüsselwort ABSTRACT fehlt"
517,Wrn_AccessToInternalObject,"Sollte nicht auf das interne Objekt {0} der Bibliothek {1} zugreifen"
514,Wrn_AccessToInternalProperty,"Sollte nicht auf die interne Eigenschaft {0} der Bibliothek {1} zugreifen"
516,Wrn_AccessToInternalVariable,"Sollte nicht auf die interne Variable {0} der Bibliothek {1} zugreifen"
456,Wrn_AmbiguousCheckfunctionInLibrary,"Die implizite Prüffunktion {0} wird durch eine andere implizite Prüffunktion {1} verdeckt. Es werden keine Prüfungen durchgeführt! Beheben Sie den Konflikt und bereinigen Sie die Anwendung, um die Prüffunktion zu verwenden."
426,Wrn_AtLeastOneExpected,"Es wird wenigstens eine Anweisung erwartet"
351,Wrn_AttributeCheck,"Überprüfung des Attributs fehlgeschlagen"
339,Wrn_BoolNotAtBitAddress,"Bit-Adresse erwartet für Datentyp BOOL"
513,Wrn_CallOfPrivateProperty,"Sollte nicht auf die private Eigenschaft {0} {1} zugreifen"
515,Wrn_CallOfProtectedProperty,"Sollte nicht auf die geschützte Eigenschaft {0} {1} zugreifen"
561,Wrn_CallRecursion,"Aufrufrekursion: {0}"
591,Wrn_ChangeOfAccessModifier,"Method {0}.{1} ändert den Zugriffsmodifizierer ""{2}"" beim Überschreiben der Methodewhe {3}.{1}"
335,Wrn_ComplexExpression,"Die POU enthält einen sehr komplexen Ausdruck. Erwägen Sie die Verwendung von Zwischenresultaten."
312,Wrn_ConcurrentAccessOfBitInSameByte,"Gleichzeitiger Zugriff auf Bit '{0}' im gleichen Byte"
580,Wrn_ConstantInStructDeclaration,"Das Schlüsselwort CONSTANT wird bei der Deklaration einer Struktur oder Union ignoriert"
526,Wrn_DefaultValueNotConstant,"Standardwert ist nicht konstant"
527,Wrn_DefaultValueTopLevel,"Der Eingang ist nur optional, wenn diese Funktion aus dem IEC-Code aufgerufen wird."
220,Wrn_DeviceNotInstalledForSimulation,"Das Gerät ist nicht installiert. Die Simulation wird Standardeinstellungen verwenden."
354,Wrn_EnumComparison,"Vergleich eines Enumerationstyps ({0}) mit einem anderen ({1})"
125,Wrn_EnumValueDuplicate,"Die Konstante {0} ist mehr als einer Enumeration zugewiesen"
571,Wrn_ExitForRetainInstances,"FB_EXIT von Instanzen in VAR_RETAIN wird auch während Reset Warm aufgerufen, aber FB_INIT nicht. Vermeiden Sie Retain-Deklarationen von Funktionsbausteinen mit FB_EXIT!"
421,Wrn_ExtendsForInterfaces,"Verwenden Sie für die Vererbung von Schnittstellen das Schlüsselwort EXTENDS anstelle von IMPLEMENTS"
187,Wrn_ExternalReferenceIgnored,"Externe Referenzen sind nur für Funktionsbausteine, Methoden, Funktionen und konstante globale Variablenlisten erlaubt. Externe Referenz {0} für '{1}' wird ignoriert."
325,Wrn_GlobalInitSlotNotForVariables,"Das Attribut 'global_init_slot' wirkt immer auf die gesamte Variablenliste und darf nicht auf einzelne Variablen angewendet werden"
422,Wrn_GranularityMismatchForDirectVariable,"Variable '{0}' hat eine Granularität von {1}, liegt aber an der direkten Adresse {2}, die nicht auf {1} Bytes ausgerichtet ist"
406,Wrn_ImplicitCheckFunctionShadowed,"Die implizite Prüffunktion '{0}' ist durch eine andere Variable oder Funktion verschattet. Prüfungen werden nicht durchgeführt. Lösen Sie den Konflikt und bereinigen Sie die Applikation, um die Prüffunktion zu verwenden."
327,Wrn_ImplicitEnumConversion,"Implizite Konvertierung von einem Enumerationstypen \n ({0}) zu einem anderen ({1})"
197,Wrn_ImplicitIntToReal,"Implizite Konvertierungvon '{0}' nach '{1}': Möglicher Datenverlust"
195,Wrn_ImplicitSignedToUnsigned,"Implizite Konvertierung von vorzeichenbehaftetem Datentyp '{0}' nach nicht vorzeichenbehaftetem Datentyp '{1}' : Möglicherweise Änderung des Vorzeichens"
196,Wrn_ImplicitUnsignedToSigned,"Implizite Konvertierung von nicht vorzeichenbehaftetem Datentyp '{0}' nach vorzeichenbehaftetem Datentyp '{1}' : Möglicherweise Verlust des Vorzeichens"
568,Wrn_InterfaceChangedBase,"Schnittstelle der überschriebenen Methode '{0}' von Basis '{1}' passt nicht zur Deklaration"
525,Wrn_InvalidDefaultValue,"Der Typ {0} kann in diesem Kontext keinen Standardwert haben"
,Wrn_InvalidStringSize,"Die Größe einer Zeichenfolge darf nicht negativ sein ('{0}')"
118,Wrn_LabelNoReference,"Die Marke '{0}' wird nicht referenziert"
100,Wrn_LibraryNotInstalled,"Bibliothek {0} wurde nicht zum Bibliotheksverwalter hinzugefügt, oder es wurde keine gültige Lizenz gefunden"
388,Wrn_LibWithStringInVarInOut,"Erwägen Sie, die VAR_IN_OUT-Stringvariable '{0}' in '{1}' als VAR_IN_OUT CONSTANT zu deklarieren, damit Aufrufer Literals oder Konstante übergeben können."
266,Wrn_LoopExitConditionConstant,"Schleifenaustrittsbedingung '{0} {1} {2}' ist konstant FALSE. Endlosschleife möglich."
389,Wrn_LValueForVarinoutStrings,"VAR_IN_OUT- beziehungsweise REFERENCE-Parameter '{0}' von '{1}' benötigt eine Variable mit Schreibzugriff als Eingang"
316,Wrn_MethodAlreadyCalledImplicitly,"Methode '{0}' wird bereits implizit aufgerufen"
540,Wrn_MissingAttributeNoAssign,"Attribut 'no_assign' fehlt für Baustein '{0}'? Der Typ der Variablen '{1}' ist mit 'no_assign' attributiert."
569,Wrn_MissingInstancePathForPersistent,"Kein passender Instanzpfad  für Variable {0} in der VAR_PERSISTENT-Liste gefunden. Verwenden Sie den Befehl ""Alle Instanzpfade hinzufügen"", um alle Instanzpfade zur VAR_PERSISTENT-Liste hinzuzufügen. (Siehe Hilfe für Details)"
542,Wrn_NoInheritanceForUnions,"Vererbung ist nicht vorgesehen für den Datentyp ""UNION"": {0}"
228,Wrn_NoInitialValueForConstant,"Kein Initialwert für konstante Variable '{0}'"
555,Wrn_NonAsciiStringLiteral,"Das Stringliteral '{0}...' enthält nicht darstellbare Zeichen. Die Projektoption 'UTF-8 Encoding für STRING' könnte verwendet werden."
371,Wrn_NonLocalAccessToVarInOut,"Zugriff auf VAR_IN_OUT '{0}' deklariert in '{1}' von externem Kontext '{2}'."
355,Wrn_NoPointerToBit,"Ein einzelnes Bit kann nicht referenziert werden. Es wird eine Referenz auf das komplette Byte gespeichert."
567,Wrn_NotAllowedInInterfaceLib,"'{0}' in Schnittstellenbibliothek nicht erlaubt"
357,Wrn_Obsolete,"POU '{0}' wurde als obsolet markiert: {1}"
533,Wrn_ObsoleteOutputInAbstractMethod,"Der Standardwert für ein VAR_OUTPUT wird nicht in abstrakten oder Schnittstellenmethoden verwendet"
447,Wrn_OnlyConstantInitialValueForMappedPersistentVar,"ur ersetzte Konstanten können als Initialisierungswert für eine gemappte persistente Variable verwendet werden"
522,Wrn_PersistentVariableOnStack,"Persistente Variablen in Funktionsbaustein-Instanzen auf dem Stack werden nicht unterstützt: {0}"
33,Wrn_PointerMisatch,"Typ '{0}' ist möglicherweise nicht in Typ '{1}' konvertierbar"
373,Wrn_Pragma,"Benutzerdefinierte Warnung, erzeugt durch das warning-Pragma"
564,Wrn_ReferenceToUninitializedVariable,"Eine Referenz auf die nicht initialisierte Variable {0} wird für die Initialisierung von {1} verwendet. Ein Zugriff auf die nicht initialisierte Variable kann zu unerwartetem Verhalten führen."
543,Wrn_ReservedUnusedKeyword,"Der Name '{0}' ist ein reserviertes Schlüsselwort in der Norm IEC61131-3. In zukünftigen Versionen wird ein Fehler gemeldet."
308,Wrn_ShiftExceedsTypeSize,"Verschiebung um {0} überschreitet die Typgröße von {1}"
298,Wrn_StackCheckIncompleteDueToRecursion,"Berechnung des Stackverbrauchs aufgrund rekursiver Aufrufe unvollständig, beginnend bei '{0}':"
139,Wrn_StatementNoEffect,"Code '{0}' hat keinen Effekt. Ist dies beabsichtigt?"
198,Wrn_StringConstantTooLong,"String-Konstante '{0}' ist zu lang für Zieltyp '{1}'"
344,Wrn_StruturedTypePropertyNotMonitorable,"Das Monitoring-Attribut wird für Property '{0}' nicht unterstützt und wird ignoriert."
209,Wrn_TooManyApplications,"Sie haben {0} Applikation(en) für Gerät {1} definiert. Die Maximalanzahl ist {2}. Deshalb werden Sie nicht alle Applikation downloaden können."
572,Wrn_UninitialisedVariableUsedInInitialisation,"Die nicht-initialisierte Variable {0} wird für die Initialisierung von {1} verwendet. Verwenden Sie das Attribut 'global_init_slot', um die Reihenfolge der Initialisierung zu ändern."
269,Wrn_ValueAssignViaPointerMayChangeVFTable,"Die Instanz, auf die {0} zeigt, wird für virtuelle Funktionsaufrufe reinitialisiert. Stellen Sie sicher, dass {0} nicht auf einen Typ zeigt, der von {1} abgeleitet ist."
441,Wrn_VarInOutUnitializedInInitialValue,"Zugriff auf nicht initialisierte VAR_IN_OUT-Variable"
565,Wrn_WrongDestructor,"Die FB_Exit-Methode eines Funktionsbausteins oder einer Struktur muss einen einzigen Eingang 'bInCopyCode' vom Typ BOOL und einen Rückgabewert vom Typ BOOL haben."
566,Wrn_WrongReInit,"Die FB_ReInit-Methode eines Funktionsbausteins oder einer Struktur darf keine Eingänge und einen Rückgabewert vom Typ BOOL haben. FB_ReInit wird nicht automatisch aufgerufen."
