enum,value,name,is_alias
InternalErrorIds,0,None,false
InternalErrorIds,1,ErrInBlobLink,false
InternalErrorIds,2,ErrInFindObjectsToTypify,false
InternalErrorIds,3,ErrCodeDataLocationConflict,false
InternalErrorIds,4,ErrReLinkError,false
InternalErrorIds,5,ErrInRelocation,false
InternalErrorIds,6,ErrInVirtualFunctionCall,false
MessageId,0,None,false
MessageId,1,Err_ConstantOverflow,false
MessageId,2,Err_Operator1of2Expected,false
MessageId,3,Err_BitNrOverflow,false
MessageId,4,Err_NoComponentOf,false
MessageId,5,Err_OverflowInAddress,false
MessageId,6,Err_OperatorExpected,false
MessageId,7,Err_ExpressionExpectedInstead,false
MessageId,8,Err_Operator1of3ExpectedInsteadofEOF,false
MessageId,9,Err_UnexpectedTokenFound,false
MessageId,10,Err_OperatorExpectedInsteadofEOF,false
MessageId,11,Err_NoCaseLabelFound,false
MessageId,12,Err_NoValidCondition,false
MessageId,13,Err_AtLeastOneExpected,false
MessageId,14,Err_ConditionExpected,false
MessageId,15,Err_CounterStartExpected,false
MessageId,16,Err_UpperBoundExpected,false
MessageId,17,Err_InvalidLoopIncrement,false
MessageId,18,Err_IsNoLValue,false
MessageId,19,Err_RValueRequired,false
MessageId,20,Err_NoValidStatement,false
MessageId,21,Err_NoValidOperand,false
MessageId,22,Err_OpNeedsExactInputs,false
MessageId,23,Err_OpNeedsAtLeastInputs,false
MessageId,24,Err_IllegalOperator,false
MessageId,25,Err_Operator1of4Expected,false
MessageId,26,Err_IdentifierExpected,false
MessageId,27,Err_StringSizeExpected,false
MessageId,28,Err_Operator1of3Expected,false
MessageId,30,Err_AddressExpected,false
MessageId,31,Err_TypeExpected,false
MessageId,32,Err_TypeMismatch,false
MessageId,33,Wrn_PointerMisatch,false
MessageId,34,Err_Multiassigninfor,false
MessageId,35,Err_CalleeInvalidType,false
MessageId,36,Err_WrongObjectType,false
MessageId,37,Err_IsNoInput,false
MessageId,38,Err_IsNoOutput,false
MessageId,39,Err_InOutNotAssigned,false
MessageId,40,Err_FunNeedsNInputs,false
MessageId,41,Err_LValueForVarinout,false
MessageId,42,Err_FunctionCallMixedStyle,false
MessageId,43,Err_WrongFormalParameter,false
MessageId,44,Err_InputMissing,false
MessageId,45,Err_ThisNotAllowed,false
MessageId,46,Err_IdentNotDefined,false
MessageId,47,Err_IndexingInvalid,false
MessageId,48,Err_ArrayIndexNumWrong,false
MessageId,49,Err_ConstantIndexOutOfRange,false
MessageId,50,Err_Bitaccessnoconst,false
MessageId,51,Err_AttributeNameExpected,false
MessageId,52,Txt_ParentContextNotUpToDate,false
MessageId,53,Err_CompilerVersionError,false
MessageId,61,Err_NoBitAccessOnFunctionCall,false
MessageId,62,Err_CompoAccessNoStruct,false
MessageId,63,Err_ContainsNoDefinition,false
MessageId,64,Err_DerefNoPointer,false
MessageId,65,Err_NoGlobalDefine,false
MessageId,66,Err_TypesNotComparable,false
MessageId,68,Err_CompareNotPossible1,false
MessageId,69,Err_CompareNotPossible2,false
MessageId,70,Err_IniNeedsUserdefType,false
MessageId,71,Err_CannotAddMultipleTime,false
MessageId,72,Err_OperationNotPossibleOnType,false
MessageId,73,Err_CannotMultiplyMultipleTime,false
MessageId,74,Err_UnexpectedArrayInitialisation,false
MessageId,75,Err_TooManyInitializer,false
MessageId,76,Err_UnexpectedStructureInitialisation,false
MessageId,77,Err_UnknownType,false
MessageId,78,Err_UnsupportedType,false
MessageId,80,Err_FunctionBlockNeedsInstance,false
MessageId,81,Err_UnexpectedPragmaif,false
MessageId,82,Err_NoValidConditionforPragma,false
MessageId,83,Err_UnexpectedOperandForIndexOf,false
MessageId,84,Err_NoValidOperandforPragma,false
MessageId,85,Err_DefineValueExpected,false
MessageId,86,Err_InterfaceNotFound,false
MessageId,87,Err_NoMethodImplementation,false
MessageId,88,Err_SomethingOverridingMethod,false
MessageId,89,Err_InterfaceChanged,false
MessageId,90,Err_BaseClassNotFound,false
MessageId,91,Err_SelfInheritanceBase,false
MessageId,92,Err_OnlyMethodsOverride,false
MessageId,93,Err_SomethingOverridingMethodBase,false
MessageId,94,Err_InterfaceChangedBase,false
MessageId,95,Err_SelfInheritance,false
MessageId,96,Err_NoMultipleInheritance,false
MessageId,97,Err_VariableOverride,false
MessageId,98,Err_FunctionBlockNoLongerValid,false
MessageId,99,Err_NoLocalEnum,false
MessageId,100,Wrn_LibraryNotInstalled,false
MessageId,101,Err_DataRecursion,false
MessageId,102,Err_OutOfRetainMemory,false
MessageId,103,Err_OutOfRetainMemoryWithWholeSize,false
MessageId,104,Err_OutOfMemory,false
MessageId,105,Err_OutOfMemoryFunctionPointer,false
MessageId,106,Err_OutOfMemoryWithWholeSize,false
MessageId,107,Err_VarTooBig,false
MessageId,108,Err_NoInputMemory,false
MessageId,109,Err_NoOutputMemory,false
MessageId,110,Err_NoMemoryMemory,false
MessageId,111,Err_AddressOutOfRange,false
MessageId,112,Err_AddressMisaligned,false
MessageId,113,Err_NoBitTypeOnBitAddress,false
MessageId,114,Err_InvalidJumpDestination,false
MessageId,115,Err_CalcNeedsCall,false
MessageId,116,Err_DuplicateLabelDefinition,false
MessageId,117,Err_NoSuchLabel,false
MessageId,118,Wrn_LabelNoReference,false
MessageId,119,Err_WrongConstructor,false
MessageId,120,Err_WrongDestructor,false
MessageId,122,Err_BaseNotAllowed,false
MessageId,124,Err_NoValidEnumInit,false
MessageId,125,Wrn_EnumValueDuplicate,false
MessageId,126,Err_IndexNumWrong,false
MessageId,127,Err_OutOfCodeMemory,false
MessageId,128,Err_NoInstancePath,false
MessageId,129,Err_NoValidInstancePath,false
MessageId,130,Err_MissingParameterList,false
MessageId,131,Err_WrongTypeForAdr,false
MessageId,132,Err_NoEnclosingLoopExit,false
MessageId,135,Err_NotSupportedInInterface,false
MessageId,136,Err_Ambiguity,false
MessageId,138,Err_NoMatchingInitMethodFound,false
MessageId,139,Wrn_StatementNoEffect,false
MessageId,140,Err_LValueNoRefType,false
MessageId,141,Err_LValueForReference,false
MessageId,142,Err_VariableDuplicate,false
MessageId,143,Err_NoReadAccessToProperty,false
MessageId,144,Err_InheritanceError,false
MessageId,145,Err_InterfaceImplementationError,false
MessageId,146,Err_ParamsNotAllowed,false
MessageId,149,Err_NoVarsinInterface,false
MessageId,150,Err_OneAccessorRequired,false
MessageId,161,Err_ArrayBorderIsNoConstant,false
MessageId,162,Err_ArrayInitialisationCountNoConstant,false
MessageId,163,Err_LowerGreaterUpperBorder,false
MessageId,164,Err_POUCalledFromDifferentTasks,false
MessageId,165,Err_OutputByteWrittenFromDifferentTasks,false
MessageId,167,Err_VarAccessNotSupported,false
MessageId,168,Err_VarConfigNotAllowed,false
MessageId,169,Err_VarGlobalNotAllowed,false
MessageId,170,Err_StructureNotAllowed,false
MessageId,171,Err_UnionNotAllowed,false
MessageId,172,Err_StaticNotAllowed,false
MessageId,173,Err_DeclarationKeywordNotAllowed,false
MessageId,174,Err_VarTempNotAllowed,false
MessageId,175,Err_RetainOrPersistentNotAllowed,false
MessageId,176,Err_WrongVarInInterfaceMethod,false
MessageId,177,Err_NoInstanceObject,false
MessageId,178,Err_InOutAccessOutside,false
MessageId,179,Err_StructInitOnlyInput,false
MessageId,180,Err_LibraryConflict,false
MessageId,181,Inf_RelatedPosition,false
MessageId,182,Err_ReturnTypeForNonFunction,false
MessageId,183,Err_InvalidBaseForGlobalScopeExpression,false
MessageId,184,Err_NoOnlineChangePossible,false
MessageId,185,Err_NoCallInInstancePath,false
MessageId,186,Err_NoCallInInterfaceComparison,false
MessageId,187,Wrn_ExternalReferenceIgnored,false
MessageId,188,Err_DeviceNotInstalled,false
MessageId,189,Err_SemicolonExpected,false
MessageId,190,Err_SemicolonExpectedInsteadOfEnd,false
MessageId,191,Err_IndexOfNotSupported,false
MessageId,192,Err_AccessOutsideOfCall,false
MessageId,193,Err_InvalidSignatureName,false
MessageId,194,Err_CaseLabelOutsideOfCase,false
MessageId,195,Wrn_ImplicitSignedToUnsigned,false
MessageId,196,Wrn_ImplicitUnsignedToSigned,false
MessageId,197,Wrn_ImplicitIntToReal,false
MessageId,198,Wrn_StringConstantTooLong,false
MessageId,199,Err_InterfaceNeedsInstance,false
MessageId,200,Wrn_PlaceholderNotResolved,false
MessageId,201,Err_InOutParamNotEqual,false
MessageId,202,Err_ApplicationConflict,false
MessageId,203,Err_BitsForStructureOnly,false
MessageId,204,Err_BitsWrongScope,false
MessageId,205,Err_NoPointerToBit,false
MessageId,206,Err_NoArrayOfBit,false
MessageId,207,Err_NoSystemDefine,false
MessageId,208,Err_ModNotReal,false
MessageId,209,Wrn_TooManyApplications,false
MessageId,210,Wrn_InsertSpecialPersistent,false
MessageId,211,Err_VariableDeclarationExpected,false
MessageId,212,Err_VariableListExpected,false
MessageId,213,Err_GlobalVariableListExpected,false
MessageId,214,Err_PersistentWrongVariable,false
MessageId,215,Err_PersistentNoAddress,false
MessageId,216,Err_CaseLabelDuplicate,false
MessageId,217,Err_CaseLabelInCaseRange,false
MessageId,218,Err_CaseLabelNoConstant,false
MessageId,219,Err_CaseRangesOverlapping,false
MessageId,220,Wrn_DeviceNotInstalledForSimulation,false
MessageId,221,Err_MalformedAddress,false
MessageId,222,Err_NoReferenceToOutput,false
MessageId,223,Wrn_CompoRefAssignCompatibilityWarning,false
MessageId,224,Err_CallRecursion,false
MessageId,225,Err_NotAnInstanceOf,false
MessageId,226,Err_NotEnoughMemoryForVariableInit,false
MessageId,227,Err_NoConstantInitialisationForValue,false
MessageId,228,Wrn_NoInitialValueForConstant,false
MessageId,229,Err_BlobInitError,false
MessageId,230,Err_UnexpectedTypeName,false
MessageId,231,Err_SpecialTypeExpected,false
MessageId,232,Err_ArrayInitializationExpected,false
MessageId,233,Err_StructureInitializationExpected,false
MessageId,234,Err_QueryInterfaceErrorP1,false
MessageId,235,Err_QueryInterfaceErrorP2,false
MessageId,236,Err_WrongTypeForExternal,false
MessageId,237,Err_NoVarForExternal,false
MessageId,238,Err_NoInitialForExternal,false
MessageId,239,Err_QueryInterfaceP1NoIQuery,false
MessageId,240,Err_QueryPointerErrorP1,false
MessageId,241,Err_QueryPointerErrorP2,false
MessageId,242,Err_DeleteNeedsPointer,false
MessageId,243,Err_NamesNotEqual,false
MessageId,244,Err_MissingInstancePathForPersistent,false
MessageId,245,Wrn_MissingObjectForPersistent,false
MessageId,246,Err_NoBytesInRetain,false
MessageId,247,Err_NoPropertiesInOutAssignment,false
MessageId,248,Err_NewNeedsType,false
MessageId,249,Err_NewArrayOnUserdefNotAllowed,false
MessageId,250,Err_NewPositionNotOK,false
MessageId,261,Err_ReferenceNotAllowed,false
MessageId,262,Err_ReferenceNotAllowedForVarInOut,false
MessageId,263,Err_NewOnlyWithAttribute,false
MessageId,264,Err_NoOnlineChangeOnDynamicObjects,false
MessageId,265,Err_DynamicMemoryNotSupported,false
MessageId,266,Wrn_LoopExitConditionConstant,false
MessageId,268,Err_UninitialisedVariableUsedInInitialisation,false
MessageId,269,Wrn_ValueAssignViaPointerMayChangeVFTable,false
MessageId,270,Err_RetainsNotSupported,false
MessageId,272,Err_NoReferenceToBits,false
MessageId,273,Err_ImplicitMethodNameForVariable,false
MessageId,274,Err_DeviceNameNoIdent,false
MessageId,275,Err_NoVarTempInSubsequentPrograms,false
MessageId,276,Err_RetainNotAccessibleVariable,false
MessageId,277,Err_RetainNotAccessiblePOU,false
MessageId,278,Err_InvalidInitialisationForArray,false
MessageId,279,Err_SummarizedLibraryErrors,false
MessageId,280,Err_FinalOnFunctionBlocksAndMethodsOnly,false
MessageId,281,Err_PrivateOnMethodsOnly,false
MessageId,282,Err_NoInheritanceOnFinalType,false
MessageId,283,Err_NoOverrideOnFinalMethod,false
MessageId,284,Err_NoOverrideOnPrivateMethod,false
MessageId,285,Err_NoOverrideOnInternalMethod,false
MessageId,286,Err_NoChangeOnAccessModifier,false
MessageId,287,Err_CallOfProtectedMethod,false
MessageId,288,Err_CallOfPrivateMethod,false
MessageId,289,Err_CallOfProtectedProperty,false
MessageId,290,Err_CallOfPrivateProperty,false
MessageId,291,Err_AccessToInternalVariable,false
MessageId,292,Err_AccessToInternalObject,false
MessageId,293,Err_AccessToInternalProperty,false
MessageId,294,Err_InOutAssignedInActionCall,false
MessageId,295,Err_SlotFunctionHiddenByVariable,false
MessageId,296,Err_SlotFunctionAmbiguousName,false
MessageId,297,Err_StackOverflowDetected,false
MessageId,298,Wrn_StackCheckIncompleteDueToRecursion,false
MessageId,299,Err_NoCodegenerator,false
MessageId,300,Err_RelatedPositionTaskX,false
MessageId,301,Err_PersistentVariablesChangeMessageText,false
MessageId,302,Err_CancelledByUser,false
MessageId,303,Err_StructureInitialisationNotPossible,false
MessageId,304,Err_ArrayInitialisationNotPossible,false
MessageId,306,Err_StructuredValueTypeInExternalCall,false
MessageId,307,Err_RecursiveConstantInitialisation,false
MessageId,308,Wrn_ShiftExceedsTypeSize,false
MessageId,309,Err_OperatorNotSupported,false
MessageId,310,Err_LValueForAnyVar,false
MessageId,311,Err_AnyTypeOnlyInFunction,false
MessageId,312,Wrn_ConcurrentAccessOfBitInSameByte,false
MessageId,313,Err_NoInitialForInoutConstant,false
MessageId,314,Err_VariableForVarinoutConstant,false
MessageId,315,Wrn_StringTooShortForVarInOut,false
MessageId,316,Wrn_MethodAlreadyCalledImplicitly,false
MessageId,317,Err_LiteralExpected,false
MessageId,318,Err_ExprNoConstantError,false
MessageId,319,Err_NotAllowedInInterfaceLib,false
MessageId,320,Err_NotAllowedInContainerLib,false
MessageId,321,Err_InterfaceMethodImplementationNotPublic,false
MessageId,322,Err_NoVarConfigInMethodOrFunction,false
MessageId,323,Err_CantHaveBaseClass,false
MessageId,324,Err_NoIndirectPropertyCallOnStringWithSize,false
MessageId,325,Wrn_GlobalInitSlotNotForVariables,false
MessageId,326,Err_LibraryWithUnicodeIdentifiers,false
MessageId,327,Wrn_ImplicitEnumConversion,false
MessageId,328,Err_NoAssign,false
MessageId,329,Err_DuplicateVarConfig,false
MessageId,330,Err_TryCatchNotSupportedVersion,false
MessageId,331,Err_TryCatchNotSupportedCodegenerator,false
MessageId,332,Err_MappedVarWrittenInDiffTasks,false
MessageId,333,Err_OpTakesAtMostInputs,false
MessageId,334,Err_LibNamespaceConflict,false
MessageId,335,Wrn_ComplexExpression,false
MessageId,336,Err_BitAccessOnlyOnInt,false
MessageId,337,Err_VarInstOnlyInMethods,false
MessageId,338,Err_LibSupports32BitOnly,false
MessageId,339,Wrn_BoolNotAtBitAddress,false
MessageId,340,Err_CheckLicenseNeedsSysTarget,false
MessageId,341,Err_OperatorNotAllowedAtPosition,false
MessageId,342,Err_InstanceNotAllowedInRetain,false
MessageId,343,Err_ReferenceToInput,false
MessageId,344,Wrn_StruturedTypePropertyNotMonitorable,false
MessageId,345,Err_TryCatchNotSupported,false
MessageId,346,Err_NoDirectAddressInSubsequentVarDecl,false
MessageId,347,Err_UnexpectedOperandForCallInitFunction,false
MessageId,348,Err_BitAdrOnOperation,false
MessageId,349,Wrn_InterfaceInVarInOut,false
MessageId,350,Wrn_ReferenceToInterface,false
MessageId,351,Wrn_AttributeCheck,false
MessageId,352,Err_MaxArraySizeExceeded,false
MessageId,353,Err_RefAssignNeedsLValue,false
MessageId,354,Wrn_EnumComparison,false
MessageId,355,Wrn_NoPointerToBit,false
MessageId,356,Err_AttributeNotValidForNonExternalPOU,false
MessageId,357,Wrn_Obsolete,false
MessageId,358,Err_StrictEnumNotAMember,false
MessageId,359,Err_StrictEnumNoArithmeticAllowed,false
MessageId,360,Err_ParameterlistNotConst,false
MessageId,361,Err_NoMixExternalIECInheritance,false
MessageId,362,Err_InvalidStringSize,false
MessageId,363,Err_UserCheckFunctionsNotSupported,false
MessageId,364,Err_CallAfterInitHasInputs,false
MessageId,365,Err_GeneratingVarInitializations,false
MessageId,366,Err_ImplicitEnumerationTypeNotExpected,false
MessageId,367,Err_InternalErrorProhibitingOnlineChange,false
MessageId,368,Err_InvalidEnumDefaultValue,false
MessageId,369,Err_FeatureNotImplemented,false
MessageId,370,Wrn_InstanceCalledMoreThenOnce,false
MessageId,371,Wrn_NonLocalAccessToVarInOut,false
MessageId,372,Err_DuplicateElseInCaseStatement,false
MessageId,373,Wrn_Pragma,false
MessageId,374,Err_DivisionByZero,false
MessageId,375,Err_InvalidEnumBaseType,false
MessageId,376,Err_TooFewParametersForExtensibleFunction,false
MessageId,377,Err_TooManyParametersForExtensibleFunction,false
MessageId,378,Err_NoFormalParamsCallsForExtensibleFunction,false
MessageId,379,Err_IntegerLiteralExpected,false
MessageId,380,Err_LowerUpperBoundOnVariableLengthArrayOnly,false
MessageId,381,Err_OperatorNoValidVariableName,false
MessageId,382,Err_InconsistentInheritanceOfCPPCompatibility,false
MessageId,383,Err_IncompletePOUDeclaration,false
MessageId,384,Err_SelMuxOnlyEqualUserDefTypes,false
MessageId,385,Err_VarLengthArrayInOut,false
MessageId,386,Err_VarLengthArrayTopLevel,false
MessageId,387,Err_OutParamNotEqual,false
MessageId,388,Wrn_LibWithStringInVarInOut,false
MessageId,389,Wrn_LValueForVarinoutStrings,false
MessageId,390,Err_AddressSourceIsAddressDest,false
MessageId,391,Err_NoCopyCodeAllowed,false
MessageId,392,Err_ATDeclarationNotAllowed,false
MessageId,393,Err_ArrayBorderNoValidSignedInteger,false
MessageId,394,Wrn_FBExitCalledForStackInstance,false
MessageId,395,Err_NumOfInitializersDoNotMatch,false
MessageId,396,Err_IsValidRefNeedsReference,false
MessageId,397,Err_ImplicitMethodImplementationNotPublic,false
MessageId,398,Err_SystemOutOfMemory,false
MessageId,399,Err_ImplicitReferenceTypeDeclNotAllowed,false
MessageId,400,Err_ImplicitRefTypeIsnotAllowedAsBase,false
MessageId,401,Err_ImplicitRefTypeAllClassesNeedAttrib,false
MessageId,402,Err_ImplicitRefTypeDeclarationNotAllowed,false
MessageId,403,Err_ImplicitRefTypeSignNotSupported,false
MessageId,404,Wrn_CompilerVersionDeprecated,false
MessageId,405,Err_MultipleAssignmentsToInterfaceVariables,false
MessageId,406,Wrn_ImplicitCheckFunctionShadowed,false
MessageId,407,Err_AddressOfNonInstanceVar,false
MessageId,408,Err_ImplicitReferenceTypeOnlChangeError,false
MessageId,409,Err_NoResolutionForLazyVariable,false
MessageId,410,Wrn_CompatibilityProblemForRefProperty,false
MessageId,411,Err_NoVarInputInPropertyAccessors,false
MessageId,412,Err_MultipleAssignsToSameInputInCall,false
MessageId,413,Err_RefAssignOnlyForReferenceTypes,false
MessageId,414,Err_OutOfPersistentMemoryImplicit,false
MessageId,415,Err_OutOfPersistentMemoryExplicit,false
MessageId,416,Err_LibraryNamespaceNotValid,false
MessageId,417,Err_LValueForVarinoutStrings,false
MessageId,418,Err_StringTooShortForVarInOut,false
MessageId,419,Err_NoInputsWithSlotAttributes,false
MessageId,420,Err_NotEnoughMemoryForCompactDownload,false
MessageId,421,Wrn_ExtendsForInterfaces,false
MessageId,422,Wrn_GranularityMismatchForDirectVariable,false
MessageId,423,Err_MultipleAssignmentWithReferences,false
MessageId,424,Err_MultipleAssignmentWithChangingValueTypes,false
MessageId,425,Err_NoMemoryReserveForExternal,false
MessageId,426,Wrn_AtLeastOneExpected,false
MessageId,427,Err_UnknownMaxStackSize,false
MessageId,428,Err_AbstractOnFunctionBlocksAndMethodsOnly,false
MessageId,429,Err_AbstractAndFinalNotPossible,false
MessageId,430,Err_AbstractAndPrivateNotPossible,false
MessageId,431,Err_AbstractMethodNotImplemented,false
MessageId,432,Err_AbstractMethodOnlyInAbstractFunctionblock,false
MessageId,433,Err_AbstractMethodMustNotContainAnyStatements,false
MessageId,434,Err_AbstractFunctionBlockInstance,false
MessageId,435,Err_AbstractPropertyNotImplemented,false
MessageId,436,Err_StringLengthIsNoConstant,false
MessageId,437,Err_NotAllowedInTaskLocalVariables,false
MessageId,438,Err_TaskLocalVariablesWriterTaskNotDefined,false
MessageId,439,Err_TaskLocalVariablesAccessNotAllowed,false
MessageId,440,Err_TaskLocalVariablesNoOnlineChangePossible,false
MessageId,441,Wrn_VarInOutUnitializedInInitialValue,false
MessageId,442,Err_AbstractMethodStaticCall,false
MessageId,443,Err_AbstractPropertyStaticCall,false
MessageId,444,Err_InconsistentUseOfCPPCompatibility,false
MessageId,445,Err_AbstractWrongVarInMethod,false
MessageId,446,Err_NoValuePassingForCPPExternal,false
MessageId,447,Wrn_OnlyConstantInitialValueForMappedPersistentVar,false
MessageId,448,Err_OperatorNotSupportedVersion,false
MessageId,449,Err_ComparisonOperatorExpected,false
MessageId,450,Err_StringLiteralExpected,false
MessageId,451,Err_VersionOverflow,false
MessageId,452,Err_VersionPartNegative,false
MessageId,453,Err_VersionInvalidFormat,false
MessageId,500,Err_VectorSizeNotValid,false
MessageId,501,Err_VectorSizeIsNoConstant,false
MessageId,502,Err_VectorNoPersistentRetain,false
MessageId,503,Err_VectorBaseMustBeRealType,false
MessageId,504,Err_VectorTypesNotCompatible,false
MessageId,505,Err_VectorTypeCantBePlacedInUnion,false
MessageId,506,Err_LowerUpperBoundOperandNotInRange,false
MessageId,507,Err_LowerUpperBoundOperandNotExactly,false
MessageId,508,Wrn_Ambiguity,false
MessageId,509,Err_MultipleAssignmentsNotAllowedForOperator,false
MessageId,510,Err_ConfiguredCompilerVersionNotAvailable,false
MessageId,511,Err_AbstractFunctionBlockAssigned,false
MessageId,513,Wrn_CallOfPrivateProperty,false
MessageId,514,Wrn_AccessToInternalProperty,false
MessageId,515,Wrn_CallOfProtectedProperty,false
MessageId,516,Wrn_AccessToInternalVariable,false
MessageId,517,Wrn_AccessToInternalObject,false
MessageId,518,Err_NoNamespace,false
MessageId,519,Err_InvalidAccessPathForNamespaceAccess,false
MessageId,520,Err_InvalidNamespaceForNamespaceAccess,false
MessageId,521,Err_UnknownCompilerVersionInCompiledLib,false
MessageId,522,Wrn_PersistentVariableOnStack,false
MessageId,523,Err_InconsistentUseOfCPPCompatibilityMissingParent,false
MessageId,524,Err_WrongReInit,false
MessageId,525,Wrn_InvalidDefaultValue,false
MessageId,526,Wrn_DefaultValueNotConstant,false
MessageId,527,Wrn_DefaultValueTopLevel,false
MessageId,528,Err_NoBranchOutOfFinally,false
MessageId,529,Err_NoExitOrContinueOutOfTry,false
MessageId,530,Err_NoExitOrContinueOutOfCatch,false
MessageId,531,Err_MultipleAssignmentWithProperty,false
MessageId,532,Err_FunNeedsAtLeastNInputs,false
MessageId,533,Wrn_ObsoleteOutputInAbstractMethod,false
MessageId,534,Err_WrongCallAfterGlobalInitSlotSignature,false
MessageId,535,Inf_UseXSizeOfOperator,false
MessageId,536,Err_InvalidInitialisationForVarInst,false
MessageId,537,Err_NoPropertyForVarInout,false
MessageId,538,Err_InterfaceChanged_NumberOfInputsOutputsDifferent,false
MessageId,539,Err_InterfaceChanged_VariableDifferent,false
MessageId,540,Wrn_MissingAttributeNoAssign,false
MessageId,541,Err_NoMemoryAllocationCallback,false
MessageId,542,Wrn_NoInheritanceForUnions,false
MessageId,543,Wrn_ReservedUnusedKeyword,false
MessageId,544,Err_GenericOnWrongPosition,false
MessageId,545,Err_GenericOnlyConst,false
MessageId,546,Err_TypeIsNotGeneric,false
MessageId,547,Err_GenericWrongNumberOfInitializer,false
MessageId,548,Err_GenericNotConstant,false
MessageId,549,Err_NoStaticVariableInitialisationForValue,false
MessageId,550,Err_AttributeNotAllowedFor,false
MessageId,551,Err_GenericNoInteger,false
MessageId,552,Err_NoOutsideAccessToGenericVariable,false
MessageId,553,Err_GenericDeclarationProducesErrorInGeneratedCode,false
MessageId,554,Err_NoExplicitCall,false
MessageId,555,Wrn_NonAsciiStringLiteral,false
MessageId,556,Err_NoGenericInstanceInVarConst,false
MessageId,557,Err_FCallWrongNumberOfArguments,false
MessageId,558,Err_FCallWrongCallPatternSignature,false
MessageId,559,Err_FCallExpectedPointerAsSecondArgument,false
MessageId,560,Err_NewOnInterfaceNotPossible,false
MessageId,561,Wrn_CallRecursion,false
MessageId,562,Err_PartialAccess_OnlyOnBitTypes,false
MessageId,563,Err_PartialAccess_NotAValidComponent,false
MessageId,564,Wrn_ReferenceToUninitializedVariable,false
MessageId,565,Wrn_WrongDestructor,false
MessageId,566,Wrn_WrongReInit,false
MessageId,567,Wrn_NotAllowedInInterfaceLib,false
MessageId,568,Wrn_InterfaceChangedBase,false
MessageId,569,Wrn_MissingInstancePathForPersistent,false
MessageId,570,Err_ProjectDefinedNotSupportedFor,false
MessageId,571,Wrn_ExitForRetainInstances,false
MessageId,572,Wrn_UninitialisedVariableUsedInInitialisation,false
MessageId,573,Wrn_AbstractKeywordMissing,false
MessageId,574,Err_NoOnlineChangeOnGenericConstantType,false
MessageId,575,Err_NoOnlineChangeOnGenericConstantBaseType,false
MessageId,576,Err_AccessVarInstFromOutsideTheDeclaringMethod,false
MessageId,577,Err_NoCopyCodeForVariableAtDirectAddress,false
MessageId,578,Err_UnexpectedStatement,false
MessageId,579,Err_UnsupportedFeature,false
MessageId,580,Wrn_ConstantInStructDeclaration,false
MessageId,581,Err_NoMatchingOverload,false
MessageId,582,Err_OverloadNeedsAttribute,false
MessageId,583,Err_OverloadWithSameInputs,false
MessageId,584,Err_MaxNestingDepthExceeded,false
MessageId,585,Err_GenericParamsAllExplicitOrNone,false
MessageId,586,Err_GenericParamMissing,false
MessageId,587,Err_GenericParamUnknown,false
MessageId,588,Err_MissingImplementationTerminator,false
MessageId,589,Err_UnknownEmbeddedLanguageType,false
MessageId,590,Err_NoResolutionForSomeLazyVariables,false
MessageId,591,Wrn_ChangeOfAccessModifier,false
MessageId,454,Err_NoNewAssignmentInOtherExpression,false
MessageId,455,Err_ExplicitTransitionAssignMissing,false
MessageId,456,Wrn_AmbiguousCheckfunctionInLibrary,false
