id,name,ru,en,count,files,examples
1,Err_ConstantOverflow,"Константа '{0}' слишком велика для типа '{1}'","Constant '{0}' too large for type '{1}'",1,"CODESYS\Parser35220\Utilities\FactoryExtension.cs","CODESYS\Parser35220\Utilities\FactoryExtension.cs:174"
2,Err_Operator1of2Expected,"'{0}' или '{1}' требуется вместо '{2}'","'{0}' or '{1}' expected instead of '{2}'",9,"CODESYS\Parser35220\Declaration\VariableDeclarationParser.cs|CODESYS\Parser35220\Expressions\FunctionCallParser.cs|CODESYS\Parser35220\Expressions\MinMaxOperatorParser.cs|CODESYS\Parser35220\Expressions\NewExpressionParser.cs|CODESYS\Parser35220\Expressions\OperandParser.cs|CODESYS\Parser35220\Expressions\PrefixedOperatorParser.cs|CODESYS\Parser35220\Pragmas\HasConstantValueOrTypePragmaParser.cs","CODESYS\Parser35220\Declaration\VariableDeclarationParser.cs:358|CODESYS\Parser35220\Expressions\FunctionCallParser.cs:234|CODESYS\Parser35220\Expressions\MinMaxOperatorParser.cs:163"
3,Err_BitNrOverflow,"'{0}' не является корректным битовым номером для '{1}'","'{0}' is no valid bit number for '{1}'",2,"CODESYS\Parser35220\Expressions\OperandParser.cs","CODESYS\Parser35220\Expressions\OperandParser.cs:173|CODESYS\Parser35220\Expressions\OperandParser.cs:192"
4,Err_NoComponentOf,"'{0}' не является компонентом '{1}'","'{0}' is no component of '{1}'",2,"CODESYS\Parser35220\Expressions\OperandParser.cs","CODESYS\Parser35220\Expressions\OperandParser.cs:146|CODESYS\Parser35220\Expressions\OperandParser.cs:213"
5,Err_OverflowInAddress,"Постоянное переполнение по адресу '{0}'","Constant overflow in address '{0}'",1,"CODESYS\Parser35220\Expressions\OperandParser.cs","CODESYS\Parser35220\Expressions\OperandParser.cs:457"
6,Err_OperatorExpected,"'{0}' требуется вместо '{1}'","'{0}' expected instead of '{1}'",52,"CODESYS\Parser35220\Expressions\ConversionExpressionParser.cs|CODESYS\Parser35220\Expressions\ImplicitCastOperatorParser.cs|CODESYS\Parser35220\Expressions\MinMaxOperatorParser.cs|CODESYS\Parser35220\Expressions\NewExpressionParser.cs|CODESYS\Parser35220\Expressions\ParenthesizedExpressionParser.cs|CODESYS\Parser35220\Expressions\PrefixedOperatorParser.cs|CODESYS\Parser35220\Expressions\StructureInitializationParser.cs|CODESYS\Parser35220\Pragmas\DefinedPragmaOperandParser.cs|CODESYS\Parser35220\Pragmas\HasAttributePragmaParser.cs|CODESYS\Parser35220\Pragmas\HasConstantValueOrTypePragmaParser.cs|CODESYS\Parser35220\Pragmas\HasTypePragmaParser.cs|CODESYS\Parser35220\Pragmas\HasValuePragmaParser.cs|CODESYS\Parser35220\Pragmas\ItemReferenceParser.cs|CODESYS\Parser35220\Pragmas\PragmaOperandParser.cs|CODESYS\Parser35220\Pragmas\PragmaVersionOperandParser.cs|CODESYS\Parser35220\Pragmas\XRefPragmaOperandParser.cs|CODESYS\Parser35220\Statements\StatementParser.cs|CODESYS\Parser35220\Utilities\ScannerExtensions.cs","CODESYS\Parser35220\Expressions\ConversionExpressionParser.cs:117|CODESYS\Parser35220\Expressions\ConversionExpressionParser.cs:143|CODESYS\Parser35220\Expressions\ImplicitCastOperatorParser.cs:101"
7,Err_ExpressionExpectedInstead,"Вместо '{0}' требуется выражение","Expression expected instead of '{0}'",3,"CODESYS\Parser35220\Expressions\OperandParser.cs|CODESYS\Parser35220\Pragmas\HasConstantValueOrTypePragmaParser.cs","CODESYS\Parser35220\Expressions\OperandParser.cs:482|CODESYS\Parser35220\Pragmas\HasConstantValueOrTypePragmaParser.cs:120|CODESYS\Parser35220\Pragmas\HasConstantValueOrTypePragmaParser.cs:181"
8,Err_Operator1of3ExpectedInsteadofEOF,"Недопустимый End-of-file: требуется '{0}', '{1}' или '{2}'","Unexpected End-of-file found: '{0}', '{1}' or '{2}' expected",3,"CODESYS\Parser35220\Pragmas\PragmaIfStatementParser.cs|CODESYS\Parser35220\Statements\IfStatementParser.cs|CODESYS\Parser35220\Statements\TryCatchStatementParser.cs","CODESYS\Parser35220\Pragmas\PragmaIfStatementParser.cs:156|CODESYS\Parser35220\Statements\IfStatementParser.cs:155|CODESYS\Parser35220\Statements\TryCatchStatementParser.cs:165"
9,Err_UnexpectedTokenFound,"Обнаружен недопустимый символ '{0}'","Unexpected token '{0}' found",12,"CODESYS\Parser35220\Declaration\POUSyntaxParser.cs|CODESYS\Parser35220\Declaration\TypeParser.cs|CODESYS\Parser35220\Pragmas\PragmaIfStatementParser.cs|CODESYS\Parser35220\Statements\StatementParser.cs","CODESYS\Parser35220\Declaration\POUSyntaxParser.cs:185|CODESYS\Parser35220\Declaration\POUSyntaxParser.cs:237|CODESYS\Parser35220\Declaration\POUSyntaxParser.cs:258"
10,Err_OperatorExpectedInsteadofEOF,"Недопустимый End-of-file: требуется '{0}'","Unexpected End-of-file found: '{0}' expected",4,"CODESYS\Parser35220\Statements\CaseStatementParser.cs|CODESYS\Parser35220\Statements\ForStatementParser.cs|CODESYS\Parser35220\Statements\RepeatStatementParser.cs|CODESYS\Parser35220\Statements\WhileStatementParser.cs","CODESYS\Parser35220\Statements\CaseStatementParser.cs:197|CODESYS\Parser35220\Statements\ForStatementParser.cs:174|CODESYS\Parser35220\Statements\RepeatStatementParser.cs:146"
11,Err_NoCaseLabelFound,"Метка не найдена","No CASE label found",1,"CODESYS\Parser35220\Statements\CaseStatementParser.cs","CODESYS\Parser35220\Statements\CaseStatementParser.cs:360"
22,Err_OpNeedsExactInputs,"Для '{0}' требуется ровно '{1}' операндов","'{0}' needs exactly '{1}' operands",1,"CODESYS\Parser35220\Statements\StatementParser.cs","CODESYS\Parser35220\Statements\StatementParser.cs:869"
24,Err_IllegalOperator,"'{0}' не является корректным ST-оператором","'{0}' is no valid ST operator",1,"CODESYS\Parser35220\Pragmas\HasConstantValueOrTypePragmaParser.cs","CODESYS\Parser35220\Pragmas\HasConstantValueOrTypePragmaParser.cs:250"
26,Err_IdentifierExpected,"Вместо '{0}' требуется идентификатор","Identifier expected instead of '{0}'",14,"CODESYS\Parser35220\Declaration\EnumListParser.cs|CODESYS\Parser35220\Declaration\POUDeclarationParser.cs|CODESYS\Parser35220\Declaration\TypeDeclarationParser.cs|CODESYS\Parser35220\Declaration\VariableDeclarationParser.cs|CODESYS\Parser35220\Expressions\NewExpressionParser.cs|CODESYS\Parser35220\Expressions\OperandParser.cs|CODESYS\Parser35220\Expressions\ScopeExpressionParser.cs|CODESYS\Parser35220\Expressions\StructureInitializationParser.cs|CODESYS\Parser35220\Pragmas\DefinedPragmaOperandParser.cs|CODESYS\Parser35220\Pragmas\HasValuePragmaParser.cs|CODESYS\Parser35220\Pragmas\ItemReferenceParser.cs","CODESYS\Parser35220\Declaration\EnumListParser.cs:266|CODESYS\Parser35220\Declaration\POUDeclarationParser.cs:330|CODESYS\Parser35220\Declaration\TypeDeclarationParser.cs:124"
27,Err_StringSizeExpected,"После ""("" требуется размер строки","size of string expected after ""(",3,"CODESYS\Parser35220\Declaration\TypeParser.cs","CODESYS\Parser35220\Declaration\TypeParser.cs:498|CODESYS\Parser35220\Declaration\TypeParser.cs:528|CODESYS\Parser35220\Declaration\TypeParser.cs:559"
30,Err_AddressExpected,"После ""AT"" вместо {0} требуется прямой адрес","Direct address expected after AT instead of {0}",1,"CODESYS\Parser35220\Declaration\VariableDeclarationParser.cs","CODESYS\Parser35220\Declaration\VariableDeclarationParser.cs:246"
31,Err_TypeExpected,"Вместо '{0}' требуется определение типа","Type definition expected instead of '{0}'",1,"CODESYS\Parser35220\Declaration\TypeParser.cs","CODESYS\Parser35220\Declaration\TypeParser.cs:383"
51,Err_AttributeNameExpected,"Для значения атрибута вместо '{0}' требуется однобайтовая строка","Single byte string expected for an attribute value instead of '{0}'",1,"CODESYS\Parser35220\Pragmas\HasAttributePragmaParser.cs","CODESYS\Parser35220\Pragmas\HasAttributePragmaParser.cs:105"
81,Err_UnexpectedPragmaif,"Недопустимая директива: '{0}' обнаружено без соответствующего 'if'","Unexpected pragma: '{0}' found without matching 'if'",1,"CODESYS\Parser35220\Pragmas\PragmaStatementParser.cs","CODESYS\Parser35220\Pragmas\PragmaStatementParser.cs:185"
85,Err_DefineValueExpected,"Значение требуется вместо '{0}'","Define value expected instead of '{0}'",1,"CODESYS\Parser35220\Pragmas\HasValuePragmaParser.cs","CODESYS\Parser35220\Pragmas\HasValuePragmaParser.cs:109"
98,Err_FunctionBlockNoLongerValid,"Ключевое слово FUNCTIONBLOCK больше не поддерживается. Используйте FUNCTION_BLOCK","The keyword FUNCTIONBLOCK is no longer supported. Use FUNCTION_BLOCK instead.",1,"CODESYS\Parser35220\Statements\StatementParser.cs","CODESYS\Parser35220\Statements\StatementParser.cs:916"
114,Err_InvalidJumpDestination,"Некорректная цель {0} для JMP","Invalid destination {0} for JMP",1,"CODESYS\Parser35220\Statements\JumpStatementParser.cs","CODESYS\Parser35220\Statements\JumpStatementParser.cs:113"
115,Err_CalcNeedsCall,"Второй параметр условного вызова должен соответствующим оператором вызова","Second parameter of conditional call must be a valid call statement",1,"CODESYS\Parser35220\Statements\ConditionalCallParser.cs","CODESYS\Parser35220\Statements\ConditionalCallParser.cs:135"
182,Err_ReturnTypeForNonFunction,"Возвращаемый тип допустим только для POU типа FUNCTION и METHOD","Return type is only possible for POUs of type FUNCTION and METHOD",1,"CODESYS\Parser35220\Declaration\POUSyntaxParser.cs","CODESYS\Parser35220\Declaration\POUSyntaxParser.cs:270"
189,Err_SemicolonExpected,"';' требуется вместо '{0}'","';' expected instead of '{0}'",1,"CODESYS\Parser35220\Statements\StatementParser.cs","CODESYS\Parser35220\Statements\StatementParser.cs:899"
190,Err_SemicolonExpectedInsteadOfEnd,"Вместо конца POU требуется ';'","';' expected instead of end of POU",1,"CODESYS\Parser35220\Statements\StatementParser.cs","CODESYS\Parser35220\Statements\StatementParser.cs:893"
205,Err_NoPointerToBit,"POINTER TO BIT недопустим","POINTER TO BIT is not allowed",1,"CODESYS\Parser35220\Declaration\TypeParser.cs","CODESYS\Parser35220\Declaration\TypeParser.cs:689"
206,Err_NoArrayOfBit,"BIT недопустим в качестве базового типа массива","BIT is not allowed as base type of an array",1,"CODESYS\Parser35220\Declaration\TypeParser.cs","CODESYS\Parser35220\Declaration\TypeParser.cs:643"
248,Err_NewNeedsType,"Определение типа требуется в качестве операнда для __NEW","Type definition expected as operand for __NEW",1,"CODESYS\Parser35220\Expressions\NewExpressionParser.cs","CODESYS\Parser35220\Expressions\NewExpressionParser.cs:116"
261,Err_ReferenceNotAllowed,"Ссылочный тип недопустим в качестве базового типа массива, указателя или ссылки","A reference type is not allowed as base type of an array, pointer, or reference",1,"CODESYS\Parser35220\Declaration\TypeParser.cs","CODESYS\Parser35220\Declaration\TypeParser.cs:669"
272,Err_NoReferenceToBits,"Ссылки на биты недопустимы","References to bits are not possible",1,"CODESYS\Parser35220\Declaration\TypeParser.cs","CODESYS\Parser35220\Declaration\TypeParser.cs:664"
303,Err_StructureInitialisationNotPossible,"Инициализация структуры недопустима в качестве параметра вызова Init-функции. Используйте переменную.","A structure initialisation is not possible as Parameter of an Init-function call. Use a variable instead.",2,"CODESYS\Parser35220\Declaration\VariableDeclarationParser.cs|CODESYS\Parser35220\Expressions\NewExpressionParser.cs","CODESYS\Parser35220\Declaration\VariableDeclarationParser.cs:408|CODESYS\Parser35220\Expressions\NewExpressionParser.cs:238"
304,Err_ArrayInitialisationNotPossible,"Инициализация массива недопустима в качестве параметра вызова Init-функции. Используйте переменную","An array initialisation is not possible as parameter of an initial function call. Use a variable instead",2,"CODESYS\Parser35220\Declaration\VariableDeclarationParser.cs|CODESYS\Parser35220\Expressions\NewExpressionParser.cs","CODESYS\Parser35220\Declaration\VariableDeclarationParser.cs:413|CODESYS\Parser35220\Expressions\NewExpressionParser.cs:243"
311,Err_AnyTypeOnlyInFunction,"Переменные типа '{0}' допустимы только в качестве входов функции.","Variables of type '{0}' only allowed as input of functions",1,"CODESYS\Parser35220\Declaration\TypeParser.cs","CODESYS\Parser35220\Declaration\TypeParser.cs:370"
317,Err_LiteralExpected,"Вместо '{0}' требуется литерал","Literal expected instead of '{0}'",1,"CODESYS\Parser35220\Pragmas\HasConstantValueOrTypePragmaParser.cs","CODESYS\Parser35220\Pragmas\HasConstantValueOrTypePragmaParser.cs:202"
372,Err_DuplicateElseInCaseStatement,"Повторное определение блока CASE","Duplicate definition of ELSE in CASE statement",1,"CODESYS\Parser35220\Statements\CaseStatementParser.cs","CODESYS\Parser35220\Statements\CaseStatementParser.cs:320"
386,Err_VarLengthArrayTopLevel,"","A variable length array type has to be on top level position of a type declaration",1,"CODESYS\Parser35220\Declaration\TypeParser.cs","CODESYS\Parser35220\Declaration\TypeParser.cs:583"
449,Err_ComparisonOperatorExpected,"","Comparison operator expected instead of '{0}'",1,"CODESYS\Parser35220\Pragmas\PragmaVersionOperandParser.cs","CODESYS\Parser35220\Pragmas\PragmaVersionOperandParser.cs:127"
450,Err_StringLiteralExpected,"","String literal expected instead of '{0}'",1,"CODESYS\Parser35220\Pragmas\PragmaVersionOperandParser.cs","CODESYS\Parser35220\Pragmas\PragmaVersionOperandParser.cs:147"
451,Err_VersionOverflow,"","At least one part of the version '{0}' has a too big value",1,"CODESYS\Parser35220\Pragmas\PragmaVersionOperandParser.cs","CODESYS\Parser35220\Pragmas\PragmaVersionOperandParser.cs:193"
452,Err_VersionPartNegative,"","At least one part of the version '{0}' has a negative value",1,"CODESYS\Parser35220\Pragmas\PragmaVersionOperandParser.cs","CODESYS\Parser35220\Pragmas\PragmaVersionOperandParser.cs:177"
453,Err_VersionInvalidFormat,"","Token '{0}' is no valid version",2,"CODESYS\Parser35220\Pragmas\PragmaVersionOperandParser.cs","CODESYS\Parser35220\Pragmas\PragmaVersionOperandParser.cs:185|CODESYS\Parser35220\Pragmas\PragmaVersionOperandParser.cs:201"
500,Err_VectorSizeNotValid,"","The size of a vector must be a integer greater than 0 and less than 9",1,"CODESYS\Parser35220\Declaration\TypeParser.cs","CODESYS\Parser35220\Declaration\TypeParser.cs:460"
570,Err_ProjectDefinedNotSupportedFor,"","The condition 'project_defined' is not supported for this syntax, since it might affect the public interface of '{0}'.",1,"CODESYS\Parser35220\Declaration\EnumListParser.cs","CODESYS\Parser35220\Declaration\EnumListParser.cs:239"
578,Err_UnexpectedStatement,"","Unexpected statement",7,"CODESYS\Parser35220\Declaration\POUSyntaxParser.cs|CODESYS\Parser35220\Statements\CodeStatementChecker.cs|CODESYS\Parser35220\Statements\DeclarationStatementChecker.cs","CODESYS\Parser35220\Declaration\POUSyntaxParser.cs:140|CODESYS\Parser35220\Declaration\POUSyntaxParser.cs:182|CODESYS\Parser35220\Declaration\POUSyntaxParser.cs:252"
579,Err_UnsupportedFeature,"","The compiler feature '{0}' is only supported with compiler version {1} or newer",1,"CODESYS\Parser35220\Utilities\ParserContext.cs","CODESYS\Parser35220\Utilities\ParserContext.cs:118"
584,Err_MaxNestingDepthExceeded,"","Maximum nesting depth exceeded. ",3,"CODESYS\Parser35220\InternalParser.cs|CODESYS\Parser35220\Statements\CodeStatementChecker.cs","CODESYS\Parser35220\InternalParser.cs:207|CODESYS\Parser35220\Statements\CodeStatementChecker.cs:31|CODESYS\Parser35220\Statements\CodeStatementChecker.cs:57"
588,Err_MissingImplementationTerminator,"","Could not find the terminator '{0}' for the implementation block.",1,"CODESYS\Parser35220\Statements\ImplementationBlockParser.cs","CODESYS\Parser35220\Statements\ImplementationBlockParser.cs:75"
