construct,parser_method(file:line),builder_interface,builder_call_method,ast_node_hint
"ST-модуль (compilationUnit) тела POU","InternalParser.cs:177 ParseST(bool)","_ILanguageModelBuilder7","CreateSequenceStatement","_ISequenceStatement (Flag8=library)"
"Raw ST (полный поток токенов)","InternalParser.cs:353 ParseRawST()","_ILanguageModelBuilder7","CreateSequenceStatement","_ISequenceStatement"
"POU-юнит верхнего уровня","Declaration/POUSyntaxParser.cs:56 NextTopLevelPOUSyntax","_ILanguageModelBuilder7","CreateSequenceStatement (Declaration/Implementation)","IPOUSyntax{Declaration,Implementation,SubPOUs}"
"Вложенный POU","Declaration/POUSyntaxParser.cs:177 ReadSubPou","_ILanguageModelBuilder7","CreateSequenceStatement","IPOUSyntax (AddSubpou)"
"Построение языковой модели POU","LanguageModelOfRawST.cs:34 CreateLanguageModelOfPOUSyntax","_ILanguageModelBuilder8","CreatePou / CreateDataType / CreateGlobVarlist","ILMPOU / ILMDataType / ILMGlobVarlist"
"Контейнер POU (IPOUSyntax)","Declaration/POUSyntax.cs:9 class POUSyntax","-","AddSubpou (Declaration/Implementation/SubPOUs)","IPOUSyntax (модель, не парсер)"
"Список синтаксических элементов","Declaration/SyntaxElementParser.cs:71 _ParseSyntaxElements","-","-","List<SyntaxElement> (StatementElement/EndOfPOUElement)"
"Конструкция-диспетчер инструкций","Statements/StatementParser.cs:242 ParseSTStatementHelp","-","switch(TokenType)","_IStatement"
"Комментарий //","Statements/StatementParser.cs:254 ParseSTStatementHelp","_ILanguageModelBuilder6","CreateCommentStatement","_ICommentStatement"
"Doc-комментарий ///(**)","Statements/StatementParser.cs:261 ParseSTStatementHelp","_ILanguageModelBuilder6","CreateCommentStatement + DocComment=true","_ICommentStatement"
"Прагма-инструкция {..}","Statements/StatementParser.cs:268 ParseSTStatementHelpPragma","_ILanguageModelBuilder6","PragmaStatementParser.ParsePragma","_IPragmaStatement"
"Инструкция-выражение","Statements/StatementParser.cs:278 ParseSTStatementHelp","_ILanguageModelBuilder6","CreateExpressionStatement","_IExpressionStatement"
"Объявление или метка (identifier)","Statements/StatementParser.cs:908 TryParseDeclarationOrLabel","_ILanguageModelBuilder6","CreateLabelStatement / ParseVariableDeclaration / CreateExpressionStatement","_ILabelStatement / _IVariableDeclarationStatement"
"Метка перехода","Statements/StatementParser.cs:929 TryParseDeclarationOrLabel","_ILanguageModelBuilder6","CreateLabelStatement","_ILabelStatement"
"Метка CASE / диапазон","Statements/StatementParser.cs:794 TryParseCaseLabelStatement","_ILanguageModelBuilder6","CaseStatementParser.ParseCaseLabel","_ICaseLabelStatement"
"Операторная инструкция (диспетчер)","Statements/StatementParser.cs:485 ParseOperatorStatement","-","switch(Operator)","_IStatement"
"EXIT","Statements/StatementParser.cs:547 ParseOperatorStatement","_ILanguageModelBuilder6","CreateExitStatement","_IExitStatement"
"CONTINUE","Statements/StatementParser.cs:549 ParseOperatorStatement","_ILanguageModelBuilder6","CreateContinueStatement","_IContinueStatement"
"FOR","Statements/ForStatementParser.cs:113 ParseFor (caller StatementParser.cs:551)","IForBuilder","Init()->At()/NoPosition()->Counter()->Range()->By()/ByOne()->Controlled()->Build()","_IForStatement"
"IF","Statements/IfStatementParser.cs:106 ParseIf (caller StatementParser.cs:561)","IIfBuilder","Init()->At()/NoPosition()->Condition()->Then()->ElseIfs()/Else()->Build()","_IIfStatement"
"ELSIF","Statements/IfStatementParser.cs:196 HandleElseAndElseIf","IElseIfBuilder","Init()->At()->Condition()->Controlled()->Build()","_IElseIf"
"REPEAT","Statements/RepeatStatementParser.cs:107 ParseRepeat (caller StatementParser.cs:565)","_ILanguageModelBuilder6","CreateRepeatStatement","_IRepeatStatement"
"RETURN","Statements/ReturnStatementParser.cs:71 ParseReturn (caller StatementParser.cs:569)","_ILanguageModelBuilder6","CreateReturnStatement","_IReturnStatement"
"TYPE..END_TYPE (инструкция)","Statements/StatementParser.cs:575 ParseTypeDeclaration","_ILanguageModelBuilder6","CreateTypeDeclarationStatement","_ITypeDeclarationStatement"
"WHILE","Statements/WhileStatementParser.cs:106 ParseWhile (caller StatementParser.cs:593)","IWhileBuilder","Init()->At()->Condition()->Controlled()->Build()","_IWhileStatement"
"CALC (условный вызов)","Statements/ConditionalCallParser.cs:94 ParseConditionalCall (caller StatementParser.cs:604)","_ILanguageModelBuilder6","CreateExpressionStatement / CreateNullExpression","_IExpressionStatement + _ICallExpression._Condition"
"JMP","Statements/JumpStatementParser.cs:94 ParseJump (caller StatementParser.cs:612)","_ILanguageModelBuilder6","CreateJumpStatement","_IJumpStatement"
"VAR_* список (case 244/105/107-114)","Statements/StatementParser.cs:740 ParseOperatorStatement(IL_2EA)","_ILanguageModelBuilder6","CreateVariableDeclarationListStatement","_IVariableDeclarationListStatement"
"VAR-декларация (в decl)","Statements/StatementParser.cs:636 ParseOperatorStatement","_ILanguageModelBuilder6","CreateVariableDeclarationStatement","_IVariableDeclarationStatement"
"__WAIT","Statements/StatementParser.cs:852 ParseWaitStatement","_ILanguageModelBuilder6","CreateWhileStatement + CreateCallExpression(""SynchWait"")","_IWhileStatement (синтетический)"
"__TRY/__CATCH/__FINALLY","Statements/TryCatchStatementParser.cs:93 ParseTryCatchStatement (caller StatementParser.cs:675)","_ILanguageModelBuilder6","CreateTryCatchStatement","_ITryCatchStatement"
"CASE-label или выражение","Statements/StatementParser.cs:822 ParseCaseLabelOrExpressionStatement","_ILanguageModelBuilder6","CaseStatementParser.ParseCaseLabel / CreateExpressionStatement","_ICaseLabelStatement / _IExpressionStatement"
"__BEGIN_IMPLEMENTATION","Statements/ImplementationBlockParser.cs:31 ParseImplementationBlock (caller StatementParser.cs:724)","_ILanguageModelBuilder6","CreateEmbeddedLanguageStatement","_IEmbeddedLanguageStatement"
"POU-объявление (PROGRAM/FB/...)","Declaration/POUDeclarationParser.cs:178 ParsePOUDeclarationInternal (caller StatementParser.cs:753/759)","IPouDeclarationBuilder","Init()->At()->AsProgram()/AsFunction()/AsFunctionBlock()/AsInterface()/AsMethod()/AsAction()->Access(flags)->Name()->Extends()->Implements()->Returns()->AddVariableDeclarations()->Build()","_IPOUDeclarationStatement"
"METHOD-объявление","Declaration/POUDeclarationParser.cs:22 ctor(op=118)","IPouDeclarationBuilder","Init()->At()->AsMethod()->Access()->Name()->Extends()->Implements()->Returns()->AddVariableDeclarations()->Build() (парсер: CreateMethodDeclarationStatement)","_IMethodDeclarationStatement"
"Пустая инструкция ;","Statements/StatementParser.cs:626/772 ParseOperatorStatement","_ILanguageModelBuilder6","CreateEmptyStatement","_IEmptyStatement"
"Ошибка-инструкция","Statements/StatementParser.cs:300/311/765/813","_ILanguageModelBuilder6","CreateErrorStatement","_IErrorStatement"
"Проверка ;","Statements/StatementParser.cs:886 ParseSemicolonIfNecessary","-","AddErrorSTWithToken(189/190)","диагностика"
"CASE","Statements/CaseStatementParser.cs:146 ParseCaseStatement (caller StatementParser.cs:509)","ICaseBuilder","Init()->At()->Switch()->Case(ICase)/Case(label;seq)->Else()->Build()","_ICaseStatement"
"CASE-label","Statements/CaseStatementParser.cs:367 ParseCaseLabelStatement","_ILanguageModelBuilder6","CreateCaseLabelStatement","_ICaseLabelStatement"
"CASE-диапазон a..b","Statements/CaseStatementParser.cs:400 ParseCaseLabelStatement","_ILanguageModelBuilder6","CreateCaseRangeExpression","_ICaseRangeExpression"
"IF-условие","Statements/IfStatementParser.cs:109","IIfBuilder","CreateIfStatement(cond,tok)","_IIfStatement._Condition"
"FOR counter/range/by","Statements/ForStatementParser.cs:118-201","IForBuilder","CreateForStatement->CounterStart/UpperBound/By","_IForStatement"
"TRY/CATCH-последовательности","Statements/TryCatchStatementParser.cs:177 InsertSequence","_ILanguageModelBuilder6","_Try/_Catch/_Finally","_ITryCatchStatement"
"Выражение-присваивание :=","Expressions/ExpressionParser.cs:114 ParseAssignment","_ILanguageModelBuilder6","CreateAssignmentExpression","_IAssignmentExpression"
"Присваивание в инициализации","Expressions/InitializationParser.cs:95 ParseInitialisationExp","_ILanguageModelBuilder6","CreateAssignmentExpression","_IAssignmentExpression"
"Структурный инициализатор (a:=1,b:=2)","Expressions/StructureInitializationParser.cs:95 ParseStructInitialisation","_ILanguageModelBuilder6","CreateStructureInitialisation + AddInitValue","_IStructureInitialization"
"Массив-инициализатор [..]","Expressions/ArrayInitializationParser.cs:94 ParseArrayInitialisation","_ILanguageModelBuilder6","CreateArrayInitialisation + AddInitValue","_IArrayInitialization"
"Множественный индекс [i:=v]","Expressions/ArrayInitializationParser.cs:157/215","_ILanguageModelBuilder6","CreateMultipleIndexInitialization","_IMultipleIndexInitialization"
"OR/OR_ELSE/XOR (полный ORExp)","Expressions/InfixOperationParser.cs:192 ParseORExp","IOperatorBuilder","Init()->At()->Lhs()->Op()->Rhs()->Build() (парсер n-арно: CreateOperatorExpression+AddOperandHelp)","_IOperatorExpression (Operator 129/235/131)"
"AND/AND_THEN","Expressions/InfixOperationParser.cs:156 ParseANDExp","IOperatorBuilder","Init()->Lhs()->Op()->Rhs()->Build() (парсер: AddOperandHelp)","_IOperatorExpression (127/234)"
"Сравнения = <> < <= > >=","Expressions/InfixOperationParser.cs:126 ParseCompareExp","IOperatorBuilder","Init()->Lhs()->Op()->Rhs()->Build() (парсер: AddOperandHelp)","_IOperatorExpression (179/180/175/177/176/178)"
"ADD + -","Expressions/InfixOperationParser.cs:98 ParseADDExp","IOperatorBuilder","Init()->Lhs()->Op()->Rhs()->Build() (парсер: AddOperandHelp)","_IOperatorExpression (157/158/258/259)"
"MUL * / MOD","Expressions/InfixOperationParser.cs:70 ParseMULExp","IOperatorBuilder","Init()->Lhs()->Op()->Rhs()->Build() (парсер: AddOperandHelp)","_IOperatorExpression (159/161/126/260-262)"
"NOT (унарный)","Expressions/UnaryNotParser.cs:55 ParseUnaryNotOperator","IOperatorBuilder","CreateOperatorExpression(133)","_IOperatorExpression"
"Унарный +/-","Expressions/UnaryPlusMinusParser.cs:77 ParseUnaryPlusMinusOperator","_ILanguageModelBuilder6","CreateOperatorExpression(158) / CreateLiteralExpression","_ILiteralExpression / _IOperatorExpression"
"Префиксный оператор (ADR/ABS/...)","Expressions/PrefixedOperatorParser.cs:102 ParsePrefixedOperator","IOperatorBuilder","CreateOperatorExpression(op)","_IOperatorExpression"
"SIZEOF/__TYPEOF (тип-аргумент)","Expressions/PrefixedOperatorParser.cs:170 HandleSizeOfOperator","_ILanguageModelBuilder6","CreateTypeExpression","_ITypeExpression"
"Конверсия T_TO_U(...)","Expressions/ConversionExpressionParser.cs:106 ParseConversionExpression","_ILanguageModelBuilder6","CreateConversionExpression","_IConversionExpression"
"Литерал (все виды)","Expressions/OperandParser.cs:420 ParseSTOperandHelp -> Utilities/FactoryExtension.cs:43","_ILanguageModelBuilder6","CreateLiteralExpression","_ILiteralExpression"
"Direct variable %IX..","Expressions/OperandParser.cs:447 ParseSTOperandHelp","_ILanguageModelBuilder6","CreateAddressExpression + CreateDirectVariable","_IAddressExpression / IDirectVariable"
"Идентификатор/переменная","Expressions/OperandParser.cs:465 ParseSTOperandHelp","_ILanguageModelBuilder6","CreateVariableExpression","_IVariableExpression"
"Постфиксный доступ (цепочка)","Expressions/OperandParser.cs:225 ParseVarAccess","_ILanguageModelBuilder6","рекурсия CreateXAccessExpression","_IExpression (вложенный)"
"Доступ к компоненте .x","Expressions/OperandParser.cs:158 ParseComponentAccess","_ILanguageModelBuilder6","CreateCompoAccessExpression","_ICompoAccessExpression"
"Доступ к элементу массива [i]","Expressions/OperandParser.cs:89 ParseArrayAccess","_ILanguageModelBuilder6","CreateIndexAccessExpression + AddAccess","_IIndexAccessExpression"
"Доступ к namespace #x","Expressions/OperandParser.cs:132 ParseNamespaceAccess","_ILanguageModelBuilder6","CreateNamespaceAccessExpression","_INamespaceAccessExpression"
"Partial access %B/%W/%X","Expressions/OperandParser.cs:189","_ILanguageModelBuilder6","CreatePartialAccessExpression","_IPartialAccessExpression"
"Разыменование ^","Expressions/OperandParser.cs:268","_ILanguageModelBuilder6","CreateDeRefAccessExpression","_IDeRefAccessExpression"
"Полное имя (qualifiedName)","Expressions/OperandParser.cs:323 ParseQualifiedNameExpression","_ILanguageModelBuilder6","CreateVariableExpression/Compo/Namespace + System/PoolScope","_IExpression"
"Вызов функции F(...)","Expressions/FunctionCallParser.cs:81 ParseFunctionCall","ICallBuilder","Init()->At()->Callee()->Condition()->AddParam()/AddOutput()->Build()","_ICallExpression"
"Круглые скобки (...)","Expressions/ParenthesizedExpressionParser.cs:83 ParseParenthesizedExpression","-","прозрачно (позиция к '(')","_IExpression"
"Scope __SYSTEM/__POOL/__GLOBAL/__COPY","Expressions/ScopeExpressionParser.cs:76 Parse","_ILanguageModelBuilder6","CreateSystemScopeExpression/CreatePoolScopeExpression/CreateGlobalScopeExpression/CreateCopyScopeExpression","_ISystemScope... / _IPoolScope... / _IGlobalScope... / _ICopyScope..."
"THIS / SUPER / BASE","Expressions/ThisAndBaseExpressionParser.cs:49","_ILanguageModelBuilder6","CreateThisExpression / CreateBaseExpression","_IThisExpression / _IBaseExpression"
"MIN/MAX (n-арный)","Expressions/MinMaxOperatorParser.cs:91 ParseMinMaxOperator","IOperatorBuilder","CreateOperatorExpression(40/41) + AddOperandHelp","_IOperatorExpression"
"__NEW(тип,..)","Expressions/NewExpressionParser.cs:99 ParseNewOperator","_ILanguageModelBuilder6","CreateNewExpression + AddFBInitParam","_INewExpression"
"__CAST(base,expWithType)","Expressions/ImplicitCastOperatorParser.cs:93 ParseImplicitCastOperator","_ILanguageModelBuilder6","CreateCastExpression","_ICastExpression"
"__CURRENTTASK","Expressions/CurrentTaskExpressionParser.cs:55 ParseCurrentTaskExpression","_ILanguageModelBuilder6","CreateCurrentTaskExpression","_ICurrentTaskExpression"
"Тип-диспетчер (ParseType)","Declaration/TypeParser.cs:167 ParseType","-","switch(Operator)/Identifier","_IType"
"Пользовательский тип","Declaration/TypeParser.cs:393 ParseUserdefType","_ILanguageModelBuilder6","CreateUserdefType","_IUserdefType"
"Generic-тип <..>","Declaration/TypeParser.cs:408 ParseGenericUserdefType","_ILanguageModelBuilder6","CreateGenericUserdefType + AddGenericConstantInitialization","IGenericUserdefType"
"Subrange (a..b)","Declaration/TypeParser.cs:123 ParseSubrangeType","_ILanguageModelBuilder6","CreateSubrangeType","_ISubrangeType"
"ARRAY[..] OF","Declaration/TypeParser.cs:572 ParseArrayType","_ILanguageModelBuilder6","CreateArrayType/CreateVariableLengthArrayType + AddDimension","_IArrayType / _IVariableLengthArrayType"
"STRING(n)","Declaration/TypeParser.cs:540 ParseStringType","_ILanguageModelBuilder6","CreateStringType","_IStringType"
"WSTRING(n)","Declaration/TypeParser.cs:510 ParseWStringType","_ILanguageModelBuilder6","CreateWStringType","_IWStringType"
"__XSTRING/__XWSTRING(n)","Declaration/TypeParser.cs:480 ParseXStringType","_ILanguageModelBuilder6","CreateXStringtype","_IXStringType"
"POINTER TO","Declaration/TypeParser.cs:675 ParsePointerType","_ILanguageModelBuilder6","CreatePointerType","_IPointerType"
"REFERENCE TO","Declaration/TypeParser.cs:650 ParseReferenceType","_ILanguageModelBuilder6","CreateReferenceType","_IReferenceType"
"PARAMS(n) OF","Declaration/TypeParser.cs:297 HandleOperatorCase(op=62)","_ILanguageModelBuilder6","CreateParamsType","params-тип"
"__VECTOR[n] OF","Declaration/TypeParser.cs:450 ParseVectorType","_ILanguageModelBuilder6","CreateVectorType","_IType"
"Неявный enum (inline)","Declaration/TypeParser.cs:314 HandleOperatorCase(op=167)","_ILanguageModelBuilder6","CreateImplicitEnumerationType","_IType"
"ENUM-список (..)","Declaration/EnumListParser.cs:109 ParseEnumList","IEnumDeclarationListBuilder","Init()->At()->Enumeration(name;init)/Enumeration(eds)->BaseType(type)->Build()","_IEnumDeclarationListStatement"
"TYPE-объявление","Declaration/TypeDeclarationParser.cs:116 ParseTypeDeclaration","ITypeDeclarationStatementBuilder","Init()->At()->Alias(type)/Name()->Extends()/StructOrUnion()/Enum()->InitialValue()->Flags()->Build()","_ITypeDeclarationStatement"
"VAR-список (VAR..END_VAR)","Declaration/VariableListParser.cs:87 ParseVariableList","IVariableDeclarationListBuilder","Init()->At()->Flags(flag)->Declaration(names;type;initial)/Declaration(vds)->Build()","_IVariableDeclarationListStatement"
"VAR-декларация (имена:тип)","Declaration/VariableDeclarationParser.cs:149 ParseVariableDeclaration","IVariableDeclarationBuilderAddDecls","Init()->At()->Flags()->Declaration(names;type;initial)/Declaration(vds)->Build() (парсер: CreateVariableDeclarationStatement)","_IVariableDeclarationStatement"
"Объявление POU (имя/класс)","Declaration/POUDeclarationParser.cs:178 ParsePOUDeclarationInternal","IPouDeclarationBuilder","AsProgram()/...->Name()->Extends()->Implements()->Returns()->AddVariableDeclarations()->Build","_IPOUDeclarationStatement"
"Access/Override/Overload","Declaration/POUDeclarationParser.cs:359 ScanAccessSpecifier2 / :426 SetMethodFlags","IPouDeclarationBuilderAccess","Access(flags)","SignatureFlag на POU"
"Прагма {..} (диспетчер)","Pragmas/PragmaStatementParser.cs:114 ParsePragmaIntern","_ILanguageModelBuilder6","CreatePragmaStatement / CreatePragmaStatement2","_IPragmaStatement"
"{IF}/{ELSIF}/{ELSE}","Pragmas/PragmaIfStatementParser.cs:21 ParsePragmaIfStatement","_ILanguageModelBuilder6","CreatePragmaIfStatement","_IPragmaIfStatement"
"{error}/{warning}/{text}","Pragmas/ErrorPragmaParser.cs:20/27/34","_ILanguageModelBuilder6","CreateErrorStatement","_IErrorStatement"
"{attribute ..}","Pragmas/HasAttributePragmaParser.cs:19 ParseHasAttributePragma","_ILanguageModelBuilder6","CreateHasAttributeExpression","_IHasAttributeExpression"
"{hastype}/{isenumtype}","Pragmas/HasTypePragmaParser.cs:19/26","_ILanguageModelBuilder6","CreateHasTypeExpression / IsEnumType","_IHasTypeExpression / _IIsEnumTypeExpression"
"{hasvalue}","Pragmas/HasValuePragmaParser.cs:19 ParseHasValuePragma","_ILanguageModelBuilder6","CreateHasValueExpression","_IHasValueExpression"
"{hasconstantvalue}/{hasconstanttype}","Pragmas/HasConstantValueOrTypePragmaParser.cs:20/27","_ILanguageModelBuilder6","CreateHasConstantValueExpression / HasConstantType","_IHasConstantValueExpression"
"{defined}/{project_defined}","Pragmas/DefinedPragmaOperandParser.cs:19/26","_ILanguageModelBuilder6","CreateDefinedExpression / CreateProjectDefinedExpression","IDefinedExpression / IProjectDefinedExpression"
"{xref}","Pragmas/XRefPragmaOperandParser.cs:19 ParseXRefPragma","_ILanguageModelBuilder6","- (operand)","IExpression"
"COMPILERVERSION/RUNTIMEVERSION","Pragmas/PragmaVersionOperandParser.cs:19","_ILanguageModelBuilder6","- (IVersionComparisonSupportingExpression)","IVersionComparisonSupportingExpression"
"ItemReference (pragma)","Pragmas/ItemReferenceParser.cs:19 ParseItemReference","_ILanguageModelBuilder6","CreateItemReference","_IItemReference"
"Прагма-операнд OR/AND/NOT","Pragmas/PragmaOperandParser.cs:20 ParsePragmaORExp","_ILanguageModelBuilder6","CreateOperatorExpression","_IOperatorExpression"
"Проверка кода после деклараций","Statements/DeclarationStatementChecker.cs:39 PreventAnyCodeAfterTypeDeclaration","-","-","диагностика (MessageId 578/9)"
"Проверка неожиданных инструкций","Statements/CodeStatementChecker.cs:22 CheckForUnexpectedStatementsInImplementation","-","-","диагностика"
"Найден ли декларативный синтаксис","Declaration/DeclarationStatementDetector.cs:12 CheckIfContainsDeclarationSyntax","-","-","bool"
"Лексер: следующий токен","Scanner/InternalScanner.cs:3476 GetNext(out token)","-","-","TokenType"
"Лексер: диспетчер по 1-му символу","Scanner/InternalScanner.cs:3488 GetNextInternal","-","switch(char)","TokenType"
"Навигация: Next(withPragma,withComment)","Utilities/ScannerExtensions.cs:97","-","-","TokenType"
"Навигация: MatchOperator","Utilities/ScannerExtensions.cs:138","-","-","Operator"
"Рeсинхронизация ST","Utilities/ScannerExtensions.cs:15 ParseReSyncST","-","ReSyncTableST[23]","Operator / позиция"
"Рeсинхронизация IF-таблицы","Utilities/ScannerExtensions.cs:21 ParseReSyncIF","-","ReSyncTableIF[12]","Operator / позиция"
