step,stage,actor,file_line,method_or_member,source_collection,target_collection,order_rule,stable,notes
1,LM-build,LanguageModelUtilities.StructuredLanguageModel.AbstractPOU,decompiled\LanguageModelUtilities.plugin\_3S\CoDeSys\LanguageModelUtilities\StructuredLanguageModel\AbstractPOU.cs:28-56,AddToLanguageModel,parse-tree POU declarations,LanguageModel._lmpoulist,declaration/source order (append),yes,LanguageModel.AddPou appends (LanguageModel.cs:80-83)
2,LM-build,LanguageModelUtilities.StructuredLanguageModel.GVL,decompiled\LanguageModelUtilities.plugin\_3S\CoDeSys\LanguageModelUtilities\StructuredLanguageModel\GVL.cs:58-104,AddToLanguageModel,parse-tree GVL declarations,LanguageModel._lmgvllist,declaration/source order (append),yes,
3,LM-build,LanguageModel,decompiled\LanguageModelManager.plugin\_3S\CoDeSys\LanguageModelManager\LanguageModel.cs:112-115,AddDataType,parse-tree DUT declarations,LanguageModel._lmdutlist,declaration/source order (append),yes,
4,LM-build,LanguageModel,_3S\...\LanguageModel.cs:71-77;80-83;96-99;112-115,Pous/AddPou/AddGlobalVariableList/AddDataType,LList fields,arrays handed to compiler,ToArray preserves insertion order,yes,three separate append-only LList
5,LM-build,\u001D.\u0004 (LM handling),decompiled\Compiler35220.plugin\-\-.131.cs:223-295,\u0002(LMM;ILanguageModel;...),ILanguageModel.Pous / .GlobalVariableLists / .DataTypes,precompile context,foreach Pous(258) then GVLs(273) then DUTs(280),yes,
6,LM-build,\u001D.\u0004,decompiled\Compiler35220.plugin\-\-.131.cs:587-635,\u0001(LMM;ILMPOU;...),one ILMPOU,signature + green POU,per-object,yes,calls 668 (signature) and 730 (green POU)
7,LM-build,\u001D.\u0004,decompiled\Compiler35220.plugin\-\-.131.cs:668-701,\u0001(...global::\u0011.\u0006 checker),ILMPOU.Interface,PreCompileContext.AddSignature,one signature per POU,yes,line 699 AddSignature(isignature;true)
8,LM-build,\u001D.\u0004,decompiled\Compiler35220.plugin\-\-.131.cs:730-785,\u0001(...signature),ILMPOU.Body,_IPreCompileContext.AddCompiledPOU,green POU store,yes,line 770 AddCompiledPOU(cpou;true) -> m_htCompiledPOUs dict (order irrelevant)
9,precomp-store,PreCompileContext,decompiled\LanguageModelManager.plugin\_3S\CoDeSys\LanguageModelManager\PreCompileContext.cs:1783-1890,private _AddSignature,ISignature,m_alSignatures / m_alGVLSignatures,append; global route at 1844-1857 (VarGlobal/VarAccess/VarConfig/Enum),yes,Method/Action go to SubSignatureTable (1827-1841); not in _AllSignatures
10,precomp-list,PreCompileContext,_3S\...\PreCompileContext.cs:2741-2755,get__AllSignatures,m_alSignatures + m_alGVLSignatures,new LList,concat: non-globals first then GVL/enums,yes,IL 06001052 confirms AddRange order
11,compiled-ctx-create,\u0081.\u0006,decompiled\Compiler35220.plugin\<0x81>\-.6.cs:93-98,\u0001(bool;out errors),Precomp.CreateEmptyCompiledContext + new \u0012.\u000E,ComconNew,sequential create,yes,called from \-\-.404.cs:309
12,compiled-ctx-fill,\u0081.\u0006,<0x81>\-.6.cs:124-177,\u0001(bool),Precomp._AllSignatures via 203-213,CompiledSignatureCreator,foreach _AllSignatures in order,yes,filter \u0001(sig;bAll;linkAll) at 180-193
13,compiled-ctx-fill,\u0081.\u0006,<0x81>\-.6.cs:127,InsertTopLevelPOUs(Precomp),application signatures,CompiledSignatureCreator,sequential,yes,only TopLevel unless bAll
14,compiled-ctx-fill,\u0081.\u0006,<0x81>\-.6.cs:132,InsertTopLevelPOUs(Pool),pool signatures (TopLevel),CompiledSignatureCreator,sequential,yes,if ApplicationGuid != Empty and !poolignore_toplevel_pous
15,compiled-ctx-fill,\u0081.\u0006,<0x81>\-.6.cs:135-141,lib loop,ComconNew._LibraryTable.GetVisibleLibraries(Precomp),CompiledSignatureCreator,visible-library array order; recursive via 237-262,yes,
16,compiled-ctx-fill,\u0081.\u0006,<0x81>\-.6.cs:144-149,System context,LanguageModelMgr._SystemContext,CompiledSignatureCreator,sequential,yes,
17,compiled-ctx-fill,\u0081.\u0006,<0x81>\-.6.cs:151-156,FunctionsToLinkAlways,codegenerator.FunctionsToLinkAlways,CompiledSignatureCreator,array order,yes,compiler-required runtime functions
18,compiled-pou-add,\u0012.\u000E,decompiled\Compiler35220.plugin\-\-.108.cs:83-102,\u0001(_ISignature;_IPreCompileContext),precomp.GetPOU(ObjectGuid),ComconNew.AddCompiledPOU,parent POU at 89 then subs at 91-100,yes,subs iterate GetSubSignatures (case-insensitive Hashtable order)
19,compiled-pou-add,CompileContext,_3S\...\CompileContext.cs:2207-2271,internal _AddCompiledPOU,cpou+sign,m_alCompiledPOUs,append at 2268,yes,dedup skip 2234-2237 (V33102 + duplicate SignatureId + empty ObjectGuid); checksum 2215-2221
20,compiled-pou-add,CompileContext,_3S\...\CompileContext.cs:2091-2100,AddCompiledPOUSimple,cpou,m_alCompiledPOUs,append at 2097,yes,no checksum/no dedup; used by features/onlinechange
21,snapshot,CompileContext,_3S\...\CompileContext.cs:4614-4617,GetAllCompiledPOUsEx,new List(m_alCompiledPOUs),copy,preserves order,yes,base list for Phase4/Phase5
22,filter,CompileContext,_3S\...\CompileContext.cs:4636-4657,GetCompiledPOUsToCompileEx,m_alCompiledPOUs,LList,preserves order; drops POUType==Interface (4648-4652),yes,
23,phase4,CompilerPhase4_Typechecker,_3S\...\CompilerPhases\CompilerPhase4_Typechecker.cs:136,OrderBy(identity;\u0084.\u0005),GetAllCompiledPOUsEx(),ConcurrentQueue,stable desc by NumberOfStatements,yes,key identity (x=>x); comparer reads NumStmts
24,phase5,CompilerPhase5_Codegenerator,_3S\...\CompilerPhases\CompilerPhase5_Codegenerator.cs:211-216,OrderBy if multithreaded,POUsToCompile,ConcurrentQueue,stable desc by NumStmts when num>1; original order when num<=1,yes,single-thread preserves base order
25,sub-order,SubSignatureTable,_3S\...\Signature\SubSignatureTable.cs:195-200,GetSubSignatures,m_htSignatures.Values,array,CaseInsensitiveHashtable bucket order,impl-defined,used for sub-POU add (-108.cs:91); NOT name-sorted
26,sub-order,SubSignatureTable,_3S\...\Signature\SubSignatureTable.cs:203-227,GetOrderedSubSignatures,name,a sorted array,name sort (InvariantCultureIgnoreCase >=V351410),yes,used only for signature registration (-108.cs:62); not for POU order
