order,phase,stage,trigger,entry_point,file_line,does,output
A1,scanner,precompile,per-object source load,Scanner.CreateInternalScanner,decompiled\Compiler35220.plugin\_3S\CoDeSys\Compiler35220\PreCompile\Scanner.cs:15,"creates InternalScanner (IScanner9) with options (IgnoreCase, nested comments, include comments/pragmas/whitespace) via LanguageServices.ScannerService",token stream IToken
A2,parser,precompile,CompiledPOU.AfterDeserialize,CompilerProxy.CreateParser(m_stCode).ParseST,decompiled\LanguageModelManager.plugin\_3S\CoDeSys\LanguageModelManager\CompiledPOU.cs:830,"InternalParser.ParseST builds _ISequenceStatement; declaration parsers build POU/VAR/TYPE/ENUM nodes in parallel",raw red-tree _IStatement
A2b,declaration-build,precompile,parser,POUDeclarationParser / VariableDeclarationParser / TypeDeclarationParser,Parser35220.plugin\CODESYS\Parser35220\Declaration\POUDeclarationParser.cs:25; VariableDeclarationParser.cs:18; TypeDeclarationParser.cs:17,"parse and fill declaration nodes via LMItemFactory (removed to LanguageModelBuilder factories)",IPOUDeclarationStatement / IVariableDeclarationStatement / ITypeDeclarationStatement
A2c,declaration-factory,precompile,parser LMItemFactory,LanguageModelBuilder.Create*,decompiled\LanguageModelManager.plugin\_3S\CoDeSys\LanguageModelManager\LanguageModelBuilder.cs:946; :973; :1009; :1054; :1066; :1079; :1099; :1121,"factory methods CreatePOUDeclarationStatement / VariableDeclarationListStatement / VariableDeclarationStatement / Alias / Struct / Union / EnumType / EnumDeclarationStatement",concrete declaration LM objects
A3,macro-replacement,precompile,red-tree,MacroReplacement.ReplaceMacroOperators,decompiled\Compiler35220.plugin\_3S\CoDeSys\Compiler35220\PreCompile\MacroReplacement.cs:11; :18,substitutes macro operators through MacroInfoProvider for ISequenceStatement and ILMPOU (Interface+Body),modified red-tree
A4,green-conversion,precompile,AddCompiledPOU,PreCompileContext.AddCompiledPOU -> ConvertParseTreeToGreenTree,decompiled\LanguageModelManager.plugin\_3S\CoDeSys\LanguageModelManager\PreCompileContext.cs:2274; :2278,computes checksum and converts parse tree to green tree,Checksum + green tree
A5,interface-parse,precompile,InterfaceParser,InterfaceParser.\0001(string,_IPreCompileContext,string),decompiled\Compiler35220.plugin\_3S\CoDeSys\Compiler35220\PreCompile\InterfaceParser.cs:63,"InternalParser.ParseInterfaceStatement (line 81) + PragmaVisitor -> _ISignature",_ISignature
B0,checker-thread,precompile,FinishPrecompileChecks,PrecompileChecksWindows.FinishPrecompileChecks,decompiled\Compiler35220.plugin\_3S\CoDeSys\Compiler35220\PreCompile\PrecompileChecksWindows.cs:280; :492; :563,"background worker threads dequeue LanguageModelResult, call CheckSignature/CheckPOUCode, SetSignatureChecked/SetPouChecked",_ICompilerMessage[] (PreCompileMessageCategory)
B1,precompile-checker,precompile,worker,PreCompileContext.CheckSignature / CheckPOUCode,decompiled\LanguageModelManager.plugin\_3S\CoDeSys\LanguageModelManager\PreCompileContext.cs:2124; :2151; Services\Helper.cs:475 -> SimpleTypeChecker.cs:39,"SimpleTypeChecker walks the tree, resolves names via CheckerScope, collects messages",precompile messages
B2,precompile-typifier,precompile,ILMPreCompileTypifier2,PreCompileTypifier.CreateTypifiedParseTree,decompiled\Compiler35220.plugin\_3S\CoDeSys\Compiler35220\PreCompile\Typification\PreCompileTypifier.cs:69; :114,builds typed red-tree (TypesOnly / AddExplicitConversions),IStatement typed tree
B3,typed-redtree+generic,precompile,PreCompileTypifier,\u0017.\u000E typed red-tree builder,decompiled\Compiler35220.plugin\-\-.143.cs:27; :97; generic :1963-:1999,"visitor types expressions, instantiates generic types via GenericTypeReplacer with CheckerScope + generic-constant dictionary",TypifiedRedParseTree
B3a,type-dispatch,precompile,GenericTypeReplacer,TypeAcceptor<T>.Accept,decompiled\Compiler35220.plugin\_3S\CoDeSys\Compiler35220\PreCompile\Typification\TypeAcceptor.cs:7; :10,"RTTI chain (alias, generic, xstring, bit..xlword) dispatches to ITypeVisitorX.visit",visitor result or default(T)
B3b,generic-replace,precompile,TypeAcceptor,GenericTypeReplacer.\0001(_IType,IConstantFolder3,Scope),decompiled\Compiler35220.plugin\_3S\CoDeSys\Compiler35220\PreCompile\Typification\GenericTypeReplacer.cs:12; :30; :33,"folds subrange/array/vector/generic-userdef/string lengths to literal expressions and rebuilds types via \u0019.\u0003 (ILanguageModelBuilder facade)",_IType
B3c,lm-builder-facade,precompile,both,\u0019.\u0003.Builder,decompiled\Compiler35220.plugin\-\-.71.cs:14; :18,static facade over _ILanguageModelBuilder7 = LanguageModelBuilder used to create LM items/types,LM objects
C0,compile-controller,compile,CompilerProxy.Compile,\u0004.\u001B (CompilerPhaseControllerCompile).\0001,decompiled\Compiler35220.plugin\-\-.404.cs:270; static :213; container :398.cs:187-217,"BeforeCompile, builds ComconNew, sets defs (AddrSize/ByteOrder/Platform), runs Phase1",_ICompileContext
C0b,pipeline-factory,compile,CompilerProxy.Compile,\u001E.\u001A.\u0001,decompiled\Compiler35220.plugin\-\-.399.cs:14-:45,"constructs CompilerPhase1..Phase6 and controllers in fixed order",CompileInformation graph
C0c,generatecode-controller,compile,GenerateCode,CompilerPhaseControllerGenerateCode.\000F,decompiled\Compiler35220.plugin\_3S\CoDeSys\Compiler35220\CompilerPhases\CompilerPhaseControllerGenerateCode.cs:218,"orchestrates Compile_Phase (234/:510), Location (246/:527), Codegeneration (258/:563), Phase6",ok/errors
C1,phase1-typifier,compile,controller,CompilerPhase1_Typifier.\0001,decompiled\Compiler35220.plugin\_3S\CoDeSys\Compiler35220\CompilerPhases\CompilerPhase1_Typifier.cs:119; :134; interface :159/:179; POUTypifier :638,"NameManglingService, CompiledSymbolTables, InterfaceCompiler, late LMs, Locator per signature, ObjectToTypify; then types POU bodies",CompactedTypifiedParseTreeInformation + Typified flag
C1a,objects-to-typify,compile,phase1,ObjectsToTypifyDetector.\0001,decompiled\Compiler35220.plugin\_3S\CoDeSys\Compiler35220\Phase1_Typification\ObjectsToTypifyDetector.cs:53,detects which POUs need typification (online change),POU flags
C2,phase2-aftertypification,compile,phase1,CompilerPhase2_AfterTypification.\0001(bool),decompiled\Compiler35220.plugin\_3S\CoDeSys\Compiler35220\CompilerPhases\CompilerPhase2_AfterTypification.cs:65,"de-typification/cleanup, GVL ambiguity, call recursion, task references, HASANYTYPE",modified context
C3,phase3-locator,compile,controller Location,CompilerPhase3_Locator.\0001,decompiled\Compiler35220.plugin\_3S\CoDeSys\Compiler35220\CompilerPhases\CompilerPhase3_Locator.cs:63,"memory configuration, Locator, late language models, vftables, change detection, addresses",DataLocation addresses
C4,phase4-typechecker,compile,phase1+controller,CompilerPhase4_Typechecker.\0004(bool),decompiled\Compiler35220.plugin\_3S\CoDeSys\Compiler35220\CompilerPhases\CompilerPhase4_Typechecker.cs:171; :131; worker :256; :383,multithreaded full type check (TypeCheckerVisitor, ConstantFolder, ErrorVisitor),errors/warnings
C5,phase5-codegenerator,compile,controller Codegeneration,CompilerPhase5_Codegenerator.\0001(IList<ICompiledPOU4>),decompiled\Compiler35220.plugin\_3S\CoDeSys\Compiler35220\CompilerPhases\CompilerPhase5_Codegenerator.cs:192; :438; :330,"multithreaded codegen, special POUs, global init/exit, CodeInit, relocations, stack check, memory allocation",CompiledCode
C6,phase6-aftercodegen,compile,controller,CompilerPhase6_AfterCodegeneration (\u0002.\u0014),decompiled\Compiler35220.plugin\-\-.399.cs:28; calls CompilerPhaseControllerGenerateCode.cs:418; :424; :568,"finalization/checksums (FastOnlineChange uses \0003/\0004)",final compile context
S1,scope-symboltable,precompile+compile,both,CheckerScope.\0001 / SymbolTable.\0001,decompiled\Compiler35220.plugin\_3S\CoDeSys\Compiler35220\Scopes\CheckerScope.cs:23; :137; SymbolTable.cs:15; :18,"builds case-insensitive indexes of signatures/variables/properties from precompile contexts, parent apps, libraries, pool, system (built into ISymbolTables \u007F.\0004 at \-.4.cs:11/:28)",name/type resolution
S2,scope-lookup,precompile+compile,both,\u0001.\u0008 SymbolTables lookup,decompiled\Compiler35220.plugin\-\-.8.cs:251; :388,looks up symbol by name via cached SymbolTable,name/signature
S3,context-symboltables,precompile+compile,both,CompileContext.SymbolTables,decompiled\LanguageModelManager.plugin\_3S\CoDeSys\LanguageModelManager\CompileContext.cs:1531; :1537; CompilerProxy.cs:515; Services\CompilerServicesInternal.cs:690,lazily creates precompile symbol tables for the compile context,ISymbolTables
I1,intervention-syntax-only,precompile,-,InternalParser.ParseST / CompiledPOU.cs:830,Parser35220.plugin\CODESYS\Parser35220\InternalParser.cs:177; decompiled\LanguageModelManager.plugin\_3S\CoDeSys\LanguageModelManager\CompiledPOU.cs:830,parse only: red-tree + declarations + positions,parse tree (no typification)
I2,intervention-precompile-full,precompile,-,PreCompileService.FinishPrecompileChecks,decompiled\LanguageModelManager.plugin\_3S\CoDeSys\LanguageModelManager\Services\PreCompileService.cs:144; CompilerProxy.cs:223; PreCompileContext.cs:2124; :2151,syntax+name/type resolution without codegen,PreCompileMessageCategory messages
I3,intervention-full-typify,compile,-,CompilerProxy.Compile(_IPreCompileContext,...),decompiled\LanguageModelManager.plugin\_3S\CoDeSys\LanguageModelManager\CompilerProxy.cs:203; \-.404.cs:270,"full typification + Phase4 check, no Phase3/Phase5",ComconNew with typed POUs
I4,intervention-generatecode,compile,-,CompilerProxy.GenerateCode,decompiled\LanguageModelManager.plugin\_3S\CoDeSys\LanguageModelManager\CompilerProxy.cs:210; CompilerPhaseControllerGenerateCode.cs:218,"full pipeline incl. location + codegen",CompiledCode + CompilerMessageCategory messages
