byte_hex,byte_dec,unicode_cp,unicode_hex,char,cp1252_defined,source_check
0x80,128,8364,U+20AC,"€",true,NET_GetEncoding1252
0x81,129,129,U+0081,"",false,NET_GetEncoding1252
0x82,130,8218,U+201A,"‚",true,NET_GetEncoding1252
0x83,131,402,U+0192,"ƒ",true,NET_GetEncoding1252
0x84,132,8222,U+201E,"„",true,NET_GetEncoding1252
0x85,133,8230,U+2026,"…",true,NET_GetEncoding1252
0x86,134,8224,U+2020,"†",true,NET_GetEncoding1252
0x87,135,8225,U+2021,"‡",true,NET_GetEncoding1252
0x88,136,710,U+02C6,"ˆ",true,NET_GetEncoding1252
0x89,137,8240,U+2030,"‰",true,NET_GetEncoding1252
0x8A,138,352,U+0160,"Š",true,NET_GetEncoding1252
0x8B,139,8249,U+2039,"‹",true,NET_GetEncoding1252
0x8C,140,338,U+0152,"Œ",true,NET_GetEncoding1252
0x8D,141,141,U+008D,"",false,NET_GetEncoding1252
0x8E,142,381,U+017D,"Ž",true,NET_GetEncoding1252
0x8F,143,143,U+008F,"",false,NET_GetEncoding1252
0x90,144,144,U+0090,"",false,NET_GetEncoding1252
0x91,145,8216,U+2018,"‘",true,NET_GetEncoding1252
0x92,146,8217,U+2019,"’",true,NET_GetEncoding1252
0x93,147,8220,U+201C,"“",true,NET_GetEncoding1252
0x94,148,8221,U+201D,"”",true,NET_GetEncoding1252
0x95,149,8226,U+2022,"•",true,NET_GetEncoding1252
0x96,150,8211,U+2013,"–",true,NET_GetEncoding1252
0x97,151,8212,U+2014,"—",true,NET_GetEncoding1252
0x98,152,732,U+02DC,"˜",true,NET_GetEncoding1252
0x99,153,8482,U+2122,"™",true,NET_GetEncoding1252
0x9A,154,353,U+0161,"š",true,NET_GetEncoding1252
0x9B,155,8250,U+203A,"›",true,NET_GetEncoding1252
0x9C,156,339,U+0153,"œ",true,NET_GetEncoding1252
0x9D,157,157,U+009D,"",false,NET_GetEncoding1252
0x9E,158,382,U+017E,"ž",true,NET_GetEncoding1252
0x9F,159,376,U+0178,"Ÿ",true,NET_GetEncoding1252
