step,stage,source,file_line,il_token,order_key,sorted,stable,parallel,notes
1,agg:entry,"Messaging/Messages.cs",28,0600352D,"sequential fan-in over deterministic language-model lists",no,n/a,"after worker join","Messages.\u0001(comCon, storage, category); orchestrates steps 2..7"
2,agg:step1-global,"Messaging/Messages.cs",46,0600352E,"order of LList returned by Messages.\u0001(comCon) (step 3)",no,yes,sequential,"foreach msg in Messages.\u0001(comCon): Storage.AddMessage(cat,msg); updates AllOk"
3,agg:global-builder,"Messaging/Messages.cs",306,0600353A,"fixed check pipeline: device-name, interface, container-lib, namespace-conflict, lib-namespace, string-in-var_in_out, app-conflict (i<j), too-many-apps",no,yes,sequential,"builds the global LList consumed by step 2"
4,agg:step2-signatures,"Messaging/Messages.cs",136,06003533,"CompileContext.AllSignatureList order",no,yes,sequential,"skips ATTRIBUTE_SUPPRESS_MESSAGES; interface/type/fb subsignatures appended after parent"
5,agg:step3-pous,"Messaging/Messages.cs",83,06003530,"CompileContext.CompiledPOUList order",no,yes,sequential,"per POU: GetMessages(true) if TypeCheckDone else .Messages"
6,agg:step4-summarized,"Messaging/Messages.cs",60,0600352F,"LDictionary<string,int>.Keys order",no,unknown,sequential,"GAP: LDictionary iteration semantics not decompiled"
7,agg:step5-memstats,"Messaging/Messages.cs",171,06003534,"n/a",no,n/a,sequential,"runs only if ctx.AllOk=true"
8,dedup,"-.351.cs",66,06003550,"HashSet<0x15.0x04> membership; first occurrence wins",no,yes,sequential,"\u0018.\u0011.\u0001(msg,sig,lib): Contains->return, Add->Visit"
9,dedup-key,"Compiler35220.plugin.dll (type 0x15.0x04 token 020001AC)",ctor 06001EBD/Equals 06001EBE,"(MessageId, Position:Int64, PositionOffset:Int16, Text:String, Severity, ObjectGuid:Guid)",no,n/a,sequential,"GAP: no standalone .cs file; IL dumped directly"
10,visitor-add,"-.352.cs",157,0600355C,"filter (severity/mask/limits/summarization) then append",no,yes,sequential,"\u001E.\u0018.\u0002(): MessageStorage.AddMessage(category,msg)"
11,storage-add,"MessageStorage.plugin.dll",IL_005C,06000012,"append to per-category LList<IMessage>",no,yes,"called single-threaded","LDictionary<Guid,LList>; creates category on first AddMessage"
12,storage-get,"MessageStorage.plugin.dll",IL_005B,0600000E,"insertion order of per-category LList; filter (Severity & mask)!=0",no,yes,n/a,"returns result.ToArray()"
13,storage-get-all,"MessageStorage.plugin.dll",IL_0002,0600000F,"same as step 12 with severity=-1 (all bits)",no,yes,n/a,"GetMessages(cat) -> GetMessages(cat,(Severity)-1)"
14,severity,"Severity.cs",9,enum,"[Flags] uint: FatalError=1, Error=2, Warning=4, Information=8, Text=16, SuppressedWarning=32, SuppressedInformation=64",n/a,n/a,n/a,"bitmask semantics for GetMessages mask"
15,worker-order-phase5,"CompilerPhase5_Codegenerator.cs",215,OrderBy,"KEY selector identity; comparer 0x84.0x05 by NumberOfStatements descending",yes,yes,"before threads","threads get order via ConcurrentQueue"
16,worker-join-phase5,"CompilerPhase5_Codegenerator.cs",249,n/a,"Thread.Join(500) retry loop",n/a,n/a,yes,"no storage writes from worker body"
17,worker-phase4,"CompilerPhase4_Typechecker.cs",234,n/a,"per-POU SetMessages(attached to POU/signature)",no,yes,yes,"messages are NOT pushed to global storage by workers"
