asm,obfuscated_name,file:line,inferred_role,evidence,used_by
Compiler35220.plugin,\u001F.\u0010,Compiler35220.plugin/-/-.291.cs:24,"OverloadResolver (static). Собирает и фильтрует применимые _ISignature для вызова/присваивания, разрешает перегрузки, сообщает Err_NoMatchingOverload/Err_Ambiguity","static class; методы \u0001(ICommonScope,_IPreCompileContext,_ICallExpression,IList<ICompiledType>,_ISignature,_ISignature4)->IList<_ISignature>; сравнение через Func<ICompiledType,ICompiledType,ICommonScope,bool>","TypifierAndCrossReferenceCollector.cs:665,684; SimpleTypeChecker.cs:450,1949; -.310.cs:84; -.313.cs:69; ?-.21.cs:492"
Compiler35220.plugin,\u0006.\u0011,Compiler35220.plugin/-/-.304.cs:14,"Реализация ITypeComparer: тождество/совместимость типов, неявные преобразования, IsInterface, EvaluateAliasAndEnumType (матрица TypeClass)","internal sealed class \u0011 : ITypeComparer; члены 1:1 совпадают с методов интерфейса ITypeComparer.cs:9-37","OverloadResolver -.291.cs:110,117,131; Typifier/SimpleTypeChecker проверки совместимости"
Compiler35220.plugin,\u0019.\u0003,Compiler35220.plugin/-/-.71.cs:14,"Фабрика LanguageModel (фасад над _ILanguageModelBuilder7). ~200 статических Create* для AST-узлов/типов/позиций","static class \u0003; свойство Builder (APEnvironmentFacade.LanguageModelMgr.CreateLanguageModelBuilder); CreateCompiledPOU/CreateSignature/CreateVariable/...","1653 ссылок; напр. -.291.cs:273; -.118.cs:73; Parser35220 через ParserContext.LMItemFactory (docs/06)"
Compiler35220.plugin,\u0011.\u0005,Compiler35220.plugin/-/-.111.cs:6,"Уровень видимости/приоритета символов SymbolTable (ordinal-уровни проходов импорта символов)","internal enum \u0005 { \u0001..\u0008, \u000E, \u000F }; используется в SymbolTable.cs и SymbolEntry","SymbolTable.cs:41..127,239,282; SymbolEntry -.113.cs:75,81"
Compiler35220.plugin,\u0007.\u0006,Compiler35220.plugin/-/-.113.cs:10,"Запись таблицы символов (SymbolEntry): variable/signature/precompile-context + уровень видимости + логика слияния","ctor(_IVariable,_ISignature,IScope,\u0011.\u0005,_IPreCompileContext); свойства SimpleVar/SimpleSign/SimplePreCompileContext; \u0002()/\u0003() классифицируют уровень","SymbolTable.cs:176,179,182,196,199"
Compiler35220.plugin,\u0010.\u0002,Compiler35220.plugin/-/-.114.cs:11,"SymbolOverrides: карта переопределения имён сигнатур по атрибутам ATTRIBUTE_SIGNATURE_OVERLOAD*","ctor(_IPreCompileContext) читает _AllSignatures + GetAttributeValue(OVERLOAD/OVERLOAD_LIBRARY/OVERLOAD_NAMESPACE)","SymbolTable.cs:18,132-136"
Compiler35220.plugin,\u001C.\u0011,Compiler35220.plugin/-/-.288.cs:9,"Интерфейс сервиса поиска перегрузок (lookupService): база сигнатуры, список перегрузок по имени, тип аргумента, канон.имя","6 членов: _ISignature4->_ISignature4; ->IEnumerable<string>; (_ISignature4,string)->IList<_ISignature>; (_ISignature,_ISignature)->bool; (_IExpression,int)->ICompiledType; _ISignature->string","NameManglingService.cs:22,294; OverloadResolver -.291.cs:29..167; \u0018.\u000F; \u0080.\u0014"
Compiler35220.plugin,\u0018.\u000F,Compiler35220.plugin/-/-.292.cs:17,"Реализация \u001C.\u0011 для precompile-фазы (по _IPreCompileContext + списку фактических типов аргументов)","ctor(_IPreCompileContext,IList<ICompiledType>); GetSignatureForPrecompileID(PrecompileBaseSignatureId); _GetSubSignatures по имени; тип аргумента = список[i]","OverloadResolver -.291.cs:29,43,68"
Compiler35220.plugin,\u0080.\u0014,Compiler35220.plugin/[ns0x80]/-.15.cs:10,"Реализация \u001C.\u0011 для compile-фазы (по _ICompileContext)","ctor(_ICompileContext); GetSignatureById(BaseSignatureId); GetOverloadedNames/GetOverloadedSignatures; атрибут shadowed; GetSearchName","OverloadResolver -.291.cs:86,98; NameManglingService.cs:35"
Compiler35220.plugin,\u0084.\u001A,Compiler35220.plugin/[ns0x84]/-.21.cs:10,"Интерфейс поставщика аргументов вызова (формальные/неформальные параметры)","IVariable \u0001(_ISignature,int); IEnumerable<_IExpression> \u0001(); bool \u0001(CaseInsensitiveDictionary<IVariable>,_ISignature)","OverloadResolver -.291.cs:84,108,114,140,167"
Compiler35220.plugin,\u001F.\u000F,Compiler35220.plugin/-/-.287.cs:11,"Реализация \u0084.\u001A из _ICallExpression (именованные/позиционные фактические параметры)","ctor(_ICallExpression); Inputs[i] имя -> переменная сигнатуры; ParamExpressions","OverloadResolver -.291.cs:43"
Compiler35220.plugin,\u0084.\u001B,Compiler35220.plugin/[ns0x84]/-.22.cs:10,"Компаратор типов по каноническому (mangled) имени — предикат равенства для резолвера","ctor(\u001C.\u0011); \u0001(type1,type2,scope) сравнивает NameManglingService.\u0001(...)","OverloadResolver -.291.cs:116"
Compiler35220.plugin,\u000E.\u0016,Compiler35220.plugin/-/-.289.cs:8,"Делегат репортинга ошибок: void (object exp, MessageId mid, params object[] args)","delegate declaration","OverloadResolver -.291.cs:239,249,257,273"
Compiler35220.plugin,\u0012.\u0013,Compiler35220.plugin/-/-.290.cs:8,"Делегат приёма компайлер-сообщения: void (object exp, _ICompilerMessage cm)","delegate declaration","OverloadResolver -.291.cs:273"
Compiler35220.plugin,\u0003.\u0006,Compiler35220.plugin/-/-.118.cs:15,"Статический хелпер форматирования сообщений + реализация IErrorHandler/IErrorHandler2 (namespace \u0003)","static string \u0001(MessageId,params object[]) = string.Format(\u0018.\u0001(id),...); AddError/AddWarning","-.291.cs:272; конвейер ошибок парсера/компилятора"
Compiler35220.plugin,\u0011.\u0006,Compiler35220.plugin/-/-.120.cs:17,"Парсер ST: реализация _IParser, IParser5..IParser, IRawSTParser2/1 (создаёт Scanner и InterfaceParser)","internal sealed class \u0006 : _IParser,IParser5..IRawSTParser; ctor(string/IScanner/IList<string>)","точка входа парсинга (docs/01, docs/06); используется сканером/сервисом парсера"
Compiler35220.plugin,\u0007.\u0005,Compiler35220.plugin/-/-.110.cs:19,"Реализация Scope (ICommonScope2/ICommonScope/_IScope/IScope5..) — область видимости типов/символов","internal class \u0005 : ICommonScope2,...,global::\u0017.\u0006; фабрики \u0001(ICompileContext[,...])/\u0002(ICompileContext)","поиск/типизация во всех фазах (docs/05)"
Compiler35220.plugin,\u0081.\u0007,Compiler35220.plugin/[ns0x81]/-.7.cs:28,"Реализация precompile-scope (IPrecompileScope..7, IPrecompileScopeWithAliasService)","static \u0001(ISignature,int,Guid); параллельно с \u0007.\u0005","типизация до компиляции (docs/05)"
Compiler35220.plugin,\u0081.\u0008,Compiler35220.plugin/[ns0x81]/-.8.cs:10,"Хелпер перечисления библиотечных precompile-контекстов (подкласс \u0007.\u0005)","static \u0001(_IPreCompileContext,_ICompileContext) -> _IPreCompileContext[]","SymbolTable.cs:64,208,219"
Compiler35220.plugin,\u0011.\u0001,Compiler35220.plugin/-/-.2.cs:15,"[НЕРЕЛЕВАНТНО] Сгенерированный ресурс-аксессор Resources.Strings (UI)","[GeneratedCode StronglyTypedResourceBuilder] ResourceManager.GetString","только строки UI/сообщений"
Compiler35220.plugin,\u0081.\u0002,Compiler35220.plugin/[ns0x81]/-.2.cs:15,"[НЕРЕЛЕВАНТНО] Сгенерированный ресурс-аксессор Resources.ErrorMessages","[GeneratedCode] ResourceManager(\"Resources.ErrorMessages\")","только тексты ошибок"
Compiler35220.plugin,\u0081.\u0001,Compiler35220.plugin/[ns0x81]/-.cs:11,"[НЕРЕЛЕВАНТНО] Сгенерированный ресурс-аксессор Resources.CompilerStrings","[GeneratedCode] ResourceManager(\"Resources.CompilerStrings\")","только тексты компилятора"
