"name","value"
"None","0"
"__Reloc","1"
"__Copy","2"
"__Lazy","3"
"Any","4"
"AnyBit","5"
"AnyDate","6"
"AnyInt","7"
"AnyNum","8"
"AnyReal","9"
"Bit","10"
"Bool","11"
"Byte","12"
"Word","13"
"DWord","14"
"LWord","15"
"SInt","16"
"Int","17"
"DInt","18"
"LInt","19"
"USInt","20"
"UInt","21"
"UDInt","22"
"ULInt","23"
"Real","24"
"LReal","25"
"String","26"
"WString","27"
"Time","28"
"LTime","29"
"Date","30"
"DateAndTime","31"
"TimeOfDay","32"
"Adr","33"
"BitAdr","34"
"IndexOf","35"
"SizeOf","36"
"Ini","37"
"Abs","38"
"Limit","39"
"Min","40"
"Max","41"
"Trunc","42"
"Mux","43"
"Sel","44"
"Rol","45"
"Ror","46"
"Shl","47"
"Shr","48"
"Exp","49"
"Expt","50"
"Sqrt","51"
"Ln","52"
"Log","53"
"Sin","54"
"Cos","55"
"Tan","56"
"ASin","57"
"ACos","58"
"ATan","59"
"Action","60"
"Array","61"
"Params","62"
"At","63"
"By","64"
"Case","65"
"Constant","66"
"Do","67"
"Else","68"
"Elsif","69"
"EndAction","70"
"EndCase","71"
"EndFor","72"
"EndFunction","73"
"EndFunctionBlock","74"
"EndIf","75"
"EndProgram","76"
"EndRepeat","77"
"EndStruct","78"
"EndUnion","79"
"EndType","80"
"EndVar","81"
"EndWhile","82"
"Exit","83"
"Continue","84"
"For","85"
"From","86"
"Function","87"
"FunctionBlock","88"
"If","89"
"Of","90"
"Persistent","91"
"Pointer","92"
"Program","93"
"ReadOnly","94"
"ReadWrite","95"
"Repeat","96"
"Retain","97"
"Return","98"
"Struct","99"
"Union","100"
"Then","101"
"To","102"
"Type","103"
"Until","104"
"Var","105"
"VarAccess","106"
"VarConfig","107"
"VarExternal","108"
"VarGlobal","109"
"VarInput","110"
"VarInOut","111"
"VarOutput","112"
"VarTemp","113"
"VarStat","114"
"While","115"
"Extends","116"
"Implements","117"
"Method","118"
"Interface","119"
"This","120"
"Super","121"
"Add","122"
"Sub","123"
"Mul","124"
"Div","125"
"Mod","126"
"And","127"
"AndN","128"
"Or","129"
"OrN","130"
"Xor","131"
"XorN","132"
"Not","133"
"Eq","134"
"Ne","135"
"Ge","136"
"Gt","137"
"Le","138"
"Lt","139"
"Cal","140"
"CalC","141"
"CalCN","142"
"Jmp","143"
"JmpC","144"
"JmpCN","145"
"Ret","146"
"RetC","147"
"RetCN","148"
"Ld","149"
"LdN","150"
"St","151"
"StN","152"
"Move","153"
"TestAndSet","154"
"R","155"
"S","156"
"Plus","157"
"Minus","158"
"Times","159"
"Power","160"
"Divide","161"
"Period","162"
"Colon","163"
"Assign","164"
"SetAssign","165"
"ResetAssign","166"
"LeftParenthesis","167"
"RightParenthesis","168"
"LeftBracket","169"
"RightBracket","170"
"Comma","171"
"Semicolon","172"
"Range","173"
"AssignOut","174"
"Less","175"
"Greater","176"
"LessEqual","177"
"GreaterEqual","178"
"Equal","179"
"NotEqual","180"
"Ampersand","181"
"VerticalLine","182"
"DeRef","183"
"Conversion","184"
"RefAssign","185"
"Reference","186"
"Property","187"
"TruncInt","188"
"FupAssign","189"
"__LocalOffset","190"
"__VarInfo","191"
"__SystemScope","192"
"__TypeOf","193"
"__CRC","194"
"__MaxOffset","195"
"__Init","196"
"__IsValidRef","197"
"__QueryInterface","198"
"__QueryPointer","199"
"__New","200"
"__Delete","201"
"__Cast","202"
"__AdrInst","203"
"__RefAdr","204"
"__Wait","205"
"SafeBool","206"
"SafeByte","207"
"SafeUSInt","208"
"SafeSInt","209"
"SafeWord","210"
"SafeUInt","211"
"SafeInt","212"
"SafeDWord","213"
"SafeUDInt","214"
"SafeTime","215"
"SafeDInt","216"
"SafeLWord","217"
"SafeULInt","218"
"SafeLInt","219"
"__BitOffset","220"
"__FCall","221"
"__PropertyInfo","222"
"Class","223"
"Abstract","224"
"Override","225"
"Public","226"
"Private","227"
"Protected","228"
"Internal","229"
"Final","230"
"__XWord","231"
"__UXInt","232"
"__MemorySet","233"
"And_Then","234"
"Or_Else","235"
"__GetLTick","236"
"__XInt","237"
"__Try","238"
"__EndTry","239"
"__Catch","240"
"__Finally","241"
"__Throw","242"
"__XString","243"
"VarInst","244"
"__CheckLicense","245"
"__CallInitFunction","246"
"__LateCompiledExpr","247"
"LowerBound","248"
"UpperBound","249"
"AnyString","250"
"__PoolScope","251"
"__CheckLicenseBit","252"
"__XAdd","253"
"__MemoryBarrier","254"
"__CurrentTask","255"
"__CompareAndSwap","256"
"__Vector","257"
"__vcAdd","258"
"__vcSub","259"
"__vcMul","260"
"__vcDiv","261"
"__vcDot","262"
"__vcSqrt","263"
"__vcMin","264"
"__vcMax","265"
"__vcSetReal","266"
"__vcSetLReal","267"
"__vcLoadReal","268"
"__vcLoadLReal","269"
"__vcStore","270"
"Hash","271"
"SafeReal","272"
"SafeLReal","273"
"LDate","274"
"LDateAndTime","275"
"LTimeOfDay","276"
"XSizeOf","277"
"__PouName","278"
"__Position","279"
"VarGeneric","280"
"EndMethod","281"
"EndProperty","282"
"EndInterface","283"
"PropertySet","284"
"PropertyGet","285"
"__Begin_Implementation","286"
"Namespace","287"
"EndNamespace","288"
"Overload","289"
"Transition","290"
"EndTransition","291"
