builder_interface,concrete_impl,target_node,source
ICalleeBuilderOptionalPosStep,_3S.CoDeSys.LanguageModelManager.RedTrees.Builder.Expressions.CallBuilder,CallExpression,RedTrees/Builder/Expressions/CallBuilder.cs
IOperatorOptionalPosStep,_3S.CoDeSys.LanguageModelManager.RedTrees.Builder.Expressions.OperatorBuilder,OperatorExpression,RedTrees/Builder/Expressions/OperatorBuilder.cs
IIfOptionalPosStep,_3S.CoDeSys.LanguageModelManager.RedTrees.Builder.Statements.IfBuilder,IfStatement,RedTrees/Builder/Statements/IfBuilder.cs
IForOptionalPosStep,_3S.CoDeSys.LanguageModelManager.RedTrees.Builder.Statements.ForBuilder,ForStatement,RedTrees/Builder/Statements/ForBuilder.cs
ICaseOptionalPosStep,_3S.CoDeSys.LanguageModelManager.RedTrees.Builder.Statements.CaseBuilder,CaseStatement,RedTrees/Builder/Statements/CaseBuilder.cs
IWhileOptionalPosStep,_3S.CoDeSys.LanguageModelManager.RedTrees.Builder.Statements.WhileBuilder,WhileStatement,RedTrees/Builder/Statements/WhileBuilder.cs
ITypeOptionalPosStep,_3S.CoDeSys.LanguageModelManager.RedTrees.Builder.Statements.TypeDeclarationBuilder,TypeDeclaration,RedTrees/Builder/Statements/TypeDeclarationBuilder.cs
IElseIfOptionalPosStep,_3S.CoDeSys.LanguageModelManager.RedTrees.Builder.Statements.ElseIfBuilder,ElseIf,RedTrees/Builder/Statements/ElseIfBuilder.cs
IPouDeclarationBuilderOptionalPosStep,_3S.CoDeSys.LanguageModelManager.RedTrees.Builder.Statements.PouDeclarationBuilder,PouDeclaration,RedTrees/Builder/Statements/PouDeclarationBuilder.cs
IEnumOptionalPosStep,_3S.CoDeSys.LanguageModelManager.RedTrees.Builder.Statements.EnumDeclarationListBuilder,EnumDeclarationList,RedTrees/Builder/Statements/EnumDeclarationListBuilder.cs
IVariableDeclarationListOptionalPosStep,_3S.CoDeSys.LanguageModelManager.RedTrees.Builder.Statements.VariableDeclarationListBuilder,VariableDeclarationList,RedTrees/Builder/Statements/VariableDeclarationListBuilder.cs
