kind,primary_interface,concrete_class,green_class,red_factory_method,file,interfaces
expression,_3S.CoDeSys.Core.LanguageModel._IAddressExpression,AddressExpression,_3S.CoDeSys.LanguageModelManager.GreenTrees.AddressExpression_Green,CreateAddressExpression,AddressExpression.cs,IAddressExpression|IExprement|IExprement2|IExprement3|IExpression|IExpression2|IExpression3|IExpression4|IExpression5|IExpression6
type,_3S.CoDeSys.Core.LanguageModel._IAliasType,AliasType,,CreateAliasType,AliasType.cs,IAliasType|IAliasTypeSerializable|IArchivable|ICompiledType|ICompiledType2|ICompiledType3|ICompiledType4|ICompiledType5|IType|IUserdefType|IUserdefType2
type,_3S.CoDeSys.Core.LanguageModel._IAnyBitButBoolIsPreferred,AnyBitButBoolIsPreferred,,CreateAnyBitButBoolIsPreferred,AnyBitButBoolIsPreferred.cs,IAnyBitButBoolIsPreferred|IArchivable|ICompiledType|ICompiledType2|ICompiledType3|ICompiledType4|ICompiledType5|IType
type,_3S.CoDeSys.Core.LanguageModel._IAnyBitType,AnyBitType,,CreateAnyBitType,AnyBitType.cs,IAnyBitType|IArchivable|ICompiledType|ICompiledType2|ICompiledType3|ICompiledType4|ICompiledType5|IECType|IType
type,_3S.CoDeSys.Core.LanguageModel._IAnyDateType,AnyDateType,,CreateAnyDateType,AnyDateType.cs,IAnyDateType|IArchivable|ICompiledType|ICompiledType2|ICompiledType3|ICompiledType4|ICompiledType5|IECType|IType
type,_3S.CoDeSys.Core.LanguageModel._IAnyIntType,AnyIntType,,CreateAnyIntType,AnyIntType.cs,IAnyIntType|IArchivable|ICompiledType|ICompiledType2|ICompiledType3|ICompiledType4|ICompiledType5|IECType|IType
type,_3S.CoDeSys.Core.LanguageModel._IAnyNumType,AnyNumType,,CreateAnyNumType,AnyNumType.cs,IAnyNumType|IArchivable|ICompiledType|ICompiledType2|ICompiledType3|ICompiledType4|ICompiledType5|IECType|IType
type,_3S.CoDeSys.Core.LanguageModel._IAnyRealType,AnyRealType,,CreateAnyRealType,AnyRealType.cs,IAnyRealType|IArchivable|ICompiledType|ICompiledType2|ICompiledType3|ICompiledType4|ICompiledType5|IECType|IType
type,_3S.CoDeSys.Core.LanguageModel._IAnyStringType,AnyStringType,,CreateAnyStringType,AnyStringType.cs,IAnyStringType|IArchivable|ICompiledType|ICompiledType2|ICompiledType3|ICompiledType4|ICompiledType5|IECType|IType
type,_3S.CoDeSys.Core.LanguageModel._IAnyType,AnyType,,CreateAnyType,AnyType.cs,IAnyType|IArchivable|ICompiledType|ICompiledType2|ICompiledType3|ICompiledType4|ICompiledType5|IECType|IType
expression,_3S.CoDeSys.Core.LanguageModel._IArrayInitialization,ArrayInitialisation,_3S.CoDeSys.LanguageModelManager.GreenTrees.ArrayInitialisation_Green,CreateArrayInitialisation,ArrayInitialisation.cs,IArrayInitialization|IExprement|IExprement2|IExprement3|IExpression|IExpression2|IExpression3|IExpression4|IExpression5|IExpression6
type,_3S.CoDeSys.Core.LanguageModel._IArrayType,ArrayType,,CreateArrayType,ArrayType.cs,IArchivable|IArrayType|IArrayType2|ICompiledType|ICompiledType2|ICompiledType3|ICompiledType4|ICompiledType5|IECType|IHasEnumerableComponents|IType|ITypeWithRecursiveTypeCheck
expression,_3S.CoDeSys.Core.LanguageModel._IAssignmentExpression,AssignmentExpression,_3S.CoDeSys.LanguageModelManager.GreenTrees.AssignmentExpression_Green,CreateAssignmentExpression,AssignmentExpression.cs,IAssignmentExpression|IExprement|IExprement2|IExprement3|IExpression|IExpression2|IExpression3|IExpression4|IExpression5|IExpression6
expression,_3S.CoDeSys.Core.LanguageModel._IBaseExpression,BaseExpression,_3S.CoDeSys.LanguageModelManager.GreenTrees.BaseExpression_Green,CreateBaseExpression,BaseExpression.cs,IBaseExpression|IExprement|IExprement2|IExprement3|IExpression|IExpression2|IExpression3|IExpression4|IExpression5|IExpression6
expression,_3S.CoDeSys.Core.LanguageModel._IBitAccess,BitAccess,,CreateBitAccess,BitAccess.cs,IBitAccess|IExprement|IExprement2|IExprement3|IExpression|IExpression2|IExpression3|IExpression4|IExpression5|IExpression6
type,_3S.CoDeSys.Core.LanguageModel._IBitConstType,BitConstType,,CreateBitConstType,BitConstType.cs,IArchivable|IBitConstType|ICompiledType|ICompiledType2|ICompiledType3|ICompiledType4|ICompiledType5|IType
type,_3S.CoDeSys.Core.LanguageModel._IBitType,BitType,,CreateBitType,BitType.cs,IArchivable|IBitType|ICompiledType|ICompiledType2|ICompiledType3|ICompiledType4|ICompiledType5|IECType|IType
type,_3S.CoDeSys.Core.LanguageModel._IBool16Type,Bool16Type,,CreateBool16Type,Bool16Type.cs,IArchivable|IBool16Type|ICompiledType|ICompiledType2|ICompiledType3|ICompiledType4|ICompiledType5|IType
type,_3S.CoDeSys.Core.LanguageModel._IBoolType,BoolType,,CreateBoolType,BoolType.cs,IArchivable|IBoolType|ICompiledType|ICompiledType2|ICompiledType3|ICompiledType4|ICompiledType5|IECType|IType
statement,_3S.CoDeSys.Core.LanguageModel._IBreakPointStatement,BreakPointStatement,,CreateBreakPointStatement,BreakPointStatement.cs,IBreakPointStatement|IExprement|IExprement2|IExprement3|IStatement
type,_3S.CoDeSys.Core.LanguageModel._IByteType,ByteType,,CreateByteType,ByteType.cs,IArchivable|IByteType|ICompiledType|ICompiledType2|ICompiledType3|ICompiledType4|ICompiledType5|IECType|IType
expression,_3S.CoDeSys.Core.LanguageModel._ICallExpression,CallExpression,_3S.CoDeSys.LanguageModelManager.GreenTrees.CallExpression_Green,CreateCallExpression,CallExpression.cs,ICallExpression|ICallExpression2|ICallExpression3|ICallExpression4|IExprement|IExprement2|IExprement3|IExpression|IExpression2|IExpression3|IExpression4|IExpression5|IExpression6|ILengthExprement
expression,_3S.CoDeSys.Core.LanguageModel._ICallInstanceExpression,CallInstanceExpression,,CreateCallInstanceExpression,CallInstanceExpression.cs,ICallInstanceExpression|IExprement|IExprement2|IExprement3|IExpression|IExpression2|IExpression3|IExpression4|IExpression5|IExpression6
statement,_3S.CoDeSys.Core.LanguageModel._ICase,Case,_3S.CoDeSys.LanguageModelManager.GreenTrees.Case_Green,CreateCase,Case.cs,ICase
statement,_3S.CoDeSys.Core.LanguageModel._ICaseLabelStatement,CaseLabelStatement,_3S.CoDeSys.LanguageModelManager.GreenTrees.CaseLabelStatement_Green,CreateCaseLabelStatement,CaseLabelStatement.cs,ICaseLabelStatement|IExprement|IExprement2|IExprement3|IStatement
expression,_3S.CoDeSys.Core.LanguageModel._ICaseRangeExpression,CaseRangeExpression,_3S.CoDeSys.LanguageModelManager.GreenTrees.CaseRangeExpression_Green,CreateCaseRangeExpression,CaseRangeExpression.cs,ICaseRangeExpression|IExprement|IExprement2|IExprement3|IExpression|IExpression2|IExpression3|IExpression4|IExpression5|IExpression6
statement,_3S.CoDeSys.Core.LanguageModel._ICaseStatement,CaseStatement,_3S.CoDeSys.LanguageModelManager.GreenTrees.CaseStatement_Green,CreateCase,CaseStatement.cs,ICaseStatement|IExprement|IExprement2|IExprement3|IStatement
expression,_3S.CoDeSys.Core.LanguageModel._ICastExpression,CastExpression,_3S.CoDeSys.LanguageModelManager.GreenTrees.CastExpression_Green,CreateCastExpression,CastExpression.cs,ICastExpression|IExprement|IExprement2|IExprement3|IExpression|IExpression2|IExpression3|IExpression4|IExpression5|IExpression6
statement,_3S.CoDeSys.Core.LanguageModel._ICommentStatement,CommentStatement,_3S.CoDeSys.LanguageModelManager.GreenTrees.CommentStatement_Green,CreateCommentStatement,CommentStatement.cs,ICommentStatement|IExprement|IExprement2|IExprement3|IStatement
expression,_3S.CoDeSys.Core.LanguageModel._ICompilerVersionExpression,CompilerVersionExpression,_3S.CoDeSys.LanguageModelManager.GreenTrees.CompilerVersionExpression_Green,CreateCompilerVersionExpression,CompilerVersionExpression.cs,ICompilerVersionExpression|ICompilerVersionExpression2|IExprement|IExprement2|IExprement3|IExpression|IExpression2|IExpression3|IExpression4|IExpression5|IExpression6|IPragmaExpression|IVersionComparisonSupportingExpression
expression,_3S.CoDeSys.Core.LanguageModel._ICompoAccessExpression,CompoAccessExpression,_3S.CoDeSys.LanguageModelManager.GreenTrees.CompoAccessExpression_Green,CreateCompoAccessExpression,CompoAccessExpression.cs,ICompoAccessExpression|IExprement|IExprement2|IExprement3|IExpression|IExpression2|IExpression3|IExpression4|IExpression5|IExpression6|ILengthExprement|IQualifiedNameExpression
statement,_3S.CoDeSys.Core.LanguageModel._IContinueStatement,ContinueStatement,_3S.CoDeSys.LanguageModelManager.GreenTrees.ContinueStatement_Green,CreateContinueStatement,ContinueStatement.cs,IContinueStatement|IExprement|IExprement2|IExprement3|IStatement
expression,_3S.CoDeSys.Core.LanguageModel._IConversionExpression,ConversionExpression,_3S.CoDeSys.LanguageModelManager.GreenTrees.ConversionExpression_Green,CreateConversionExpression,ConversionExpression.cs,IConversionExpression|IExprement|IExprement2|IExprement3|IExpression|IExpression2|IExpression3|IExpression4|IExpression5|IExpression6|ILengthExprement|IPositionExprement
expression,_3S.CoDeSys.Core.LanguageModel._ICopyScopeExpression,CopyScopeExpression,,CreateCopyScopeExpression,CopyScopeExpression.cs,ICopyScopeExpression|IExprement|IExprement2|IExprement3|IExpression|IExpression2|IExpression3|IExpression4|IExpression5|IExpression6
expression,_3S.CoDeSys.Core.LanguageModel._ICurrentTaskExpression,CurrentTaskExpression,_3S.CoDeSys.LanguageModelManager.GreenTrees.CurrentTaskExpression_Green,CreateCurrentTaskExpression,CurrentTaskExpression.cs,ICurrentTaskExpression|IExprement|IExprement2|IExprement3|IExpression|IExpression2|IExpression3|IExpression4|IExpression5|IExpression6|ILengthExprement
type,_3S.CoDeSys.Core.LanguageModel._IDIntType,DIntType,,CreateDIntType,DIntType.cs,IArchivable|ICompiledType|ICompiledType2|ICompiledType3|ICompiledType4|ICompiledType5|IDIntType|IECType|IType
type,_3S.CoDeSys.Core.LanguageModel._IDWordType,DWordType,,CreateDWordType,DWordType.cs,IArchivable|ICompiledType|ICompiledType2|ICompiledType3|ICompiledType4|ICompiledType5|IDWordType|IECType|IType
type,_3S.CoDeSys.Core.LanguageModel._IDateAndTimeType,DateAndTimeType,,CreateDateAndTimeType,DateAndTimeType.cs,IArchivable|ICompiledType|ICompiledType2|ICompiledType3|ICompiledType4|ICompiledType5|IDateAndTimeType|IECType|IType
type,_3S.CoDeSys.Core.LanguageModel._IDateType,DateType,,CreateDateType,DateType.cs,IArchivable|ICompiledType|ICompiledType2|ICompiledType3|ICompiledType4|ICompiledType5|IDateType|IECType|IType
expression,_3S.CoDeSys.Core.LanguageModel._IDeRefAccessExpression,DeRefAccessExpression,_3S.CoDeSys.LanguageModelManager.GreenTrees.DeRefAccessExpression_Green,CreateDeRefAccessExpression,DeRefAccessExpression.cs,IDeRefAccessExpression|IExprement|IExprement2|IExprement3|IExpression|IExpression2|IExpression3|IExpression4|IExpression5|IExpression6|ILengthExprement
expression,_3S.CoDeSys.Core.LanguageModel._IDefineReference,DefineReference,_3S.CoDeSys.LanguageModelManager.GreenTrees.DefineReference_Green,CreateDefineReference,DefineReference.cs,IDefineReference|IExprement|IExprement2|IExprement3|IExpression|IExpression2|IExpression3|IExpression4|IExpression5|IExpression6|IItemReference|IPragmaExpression
statement,_3S.CoDeSys.Core.LanguageModel._IDefineStatement,DefineStatement,_3S.CoDeSys.LanguageModelManager.GreenTrees.DefineStatement_Green,CreateDefineStatement,DefineStatement.cs,IDefineStatement|IExprement|IExprement2|IExprement3|IStatement
expression,_3S.CoDeSys.Core.LanguageModel._IDefinedExpression,DefinedExpression,_3S.CoDeSys.LanguageModelManager.GreenTrees.DefinedExpression_Green,CreateDefinedExpression,DefinedExpression.cs,IDefinedExpression|IExprement|IExprement2|IExprement3|IExpression|IExpression2|IExpression3|IExpression4|IExpression5|IExpression6|IPragmaExpression
type,_3S.CoDeSys.Core.LanguageModel._IDirectAddressBitType,DirectAdressBitType,,,DirectAdressBitType.cs,IArchivable|ICompiledType|ICompiledType2|ICompiledType3|ICompiledType4|ICompiledType5|IDirectAddressBitType|IType
expression,_3S.CoDeSys.Core.LanguageModel._IElseIf,ElseIf,_3S.CoDeSys.LanguageModelManager.GreenTrees.ElseIf_Green,CreateElseIf,ElseIf.cs,IElseIf|IElseIf2|IExprement|IExprement2|IExprement3
statement,_3S.CoDeSys.Core.LanguageModel._IEmbeddedLanguageStatement,EmbeddedLanguageStatement,,CreateEmbeddedLanguageStatement,EmbeddedLanguageStatement.cs,IEmbeddedLanguageStatement|IExprement|IExprement2|IExprement3|IStatement
statement,_3S.CoDeSys.Core.LanguageModel._IEmptyStatement,EmptyStatement,_3S.CoDeSys.LanguageModelManager.GreenTrees.EmptyStatement_Green,CreateEmptyStatement,EmptyStatement.cs,IEmptyStatement|IExprement|IExprement2|IExprement3|IStatement
statement,_3S.CoDeSys.Core.LanguageModel._IEnumDeclarationListStatement,EnumDeclarationListStatement,,CreateEnumDeclarationListStatement,EnumDeclarationListStatement.cs,IEnumDeclarationListStatement|IExprement|IExprement2|IExprement3|IStatement
statement,_3S.CoDeSys.Core.LanguageModel._IEnumDeclarationStatement,EnumDeclarationStatement,,CreateEnumDeclarationStatement,EnumDeclarationStatement.cs,IEnumDeclarationStatement|IExprement|IExprement2|IExprement3|IStatement
type,_3S.CoDeSys.Core.LanguageModel._IEnumType,EnumType,,CreateEnumType,EnumType.cs,IArchivable|ICompiledType|ICompiledType2|ICompiledType3|ICompiledType4|ICompiledType5|IECType|IEnumType|IEnumType2|IEnumTypeSerializable|IType
expression,_3S.CoDeSys.Core.LanguageModel._IErrorExpression,ErrorExpression,_3S.CoDeSys.LanguageModelManager.GreenTrees.ErrorExpression_Green,CreateErrorExpression,ErrorExpression.cs,IErrorExpression|IExprement|IExprement2|IExprement3|IExpression|IExpression2|IExpression3|IExpression4|IExpression5|IExpression6
statement,_3S.CoDeSys.Core.LanguageModel._IErrorStatement,ErrorStatement,_3S.CoDeSys.LanguageModelManager.GreenTrees.ErrorStatement_Green,CreateErrorStatement,ErrorStatement.cs,IErrorStatement|IExprement|IExprement2|IExprement3|IStatement
statement,_3S.CoDeSys.Core.LanguageModel._IExitStatement,ExitStatement,_3S.CoDeSys.LanguageModelManager.GreenTrees.ExitStatement_Green,CreateExitStatement,ExitStatement.cs,IExitStatement|IExprement|IExprement2|IExprement3|IStatement
expression,_3S.CoDeSys.Core.LanguageModel._IExprement,Exprement,_3S.CoDeSys.LanguageModelManager.GreenTrees.Exprement_Green,,Exprement.cs,IExprement|IExprement2|IExprement3
expression,_3S.CoDeSys.Core.LanguageModel._IExpression,Expression,_3S.CoDeSys.LanguageModelManager.GreenTrees.Expression_Green,,Expression.cs,IExprement|IExprement2|IExprement3|IExpression|IExpression2|IExpression3|IExpression4|IExpression5|IExpression6
statement,_3S.CoDeSys.Core.LanguageModel._IExpressionStatement,ExpressionStatement,_3S.CoDeSys.LanguageModelManager.GreenTrees.ExpressionStatement_Green,CreateExpressionStatement,ExpressionStatement.cs,IExprement|IExprement2|IExprement3|IExpressionStatement|IStatement
expression,_3S.CoDeSys.Core.LanguageModel._IFloatLiteralExpression,FloatLiteralExpression,_3S.CoDeSys.LanguageModelManager.GreenTrees.FloatLiteralExpression_Green,CreateFloatLiteralExpression,FloatLiteralExpression.cs,IExprement|IExprement2|IExprement3|IExpression|IExpression2|IExpression3|IExpression4|IExpression5|IExpression6|IFloatLiteralExpression|ILiteralExpression|ILiteralExpression2
statement,_3S.CoDeSys.Core.LanguageModel._IForStatement,ForStatement,_3S.CoDeSys.LanguageModelManager.GreenTrees.ForStatement_Green,CreateForStatement,ForStatement.cs,IExprement|IExprement2|IExprement3|IForStatement|IStatement
expression,_3S.CoDeSys.Core.LanguageModel._IFramePointerExpression,FramePointerExpression,,CreateFramePointerExpression,FramePointerExpression.cs,IExprement|IExprement2|IExprement3|IExpression|IExpression2|IExpression3|IExpression4|IExpression5|IExpression6|IFramePointerExpression
type,_3S.CoDeSys.Core.LanguageModel._IGenericUserdefType,GenericUserdefType,,CreateGenericUserdefType,GenericUserdefType.cs,IArchivable|ICompiledType|ICompiledType2|ICompiledType3|ICompiledType4|ICompiledType5|IGenericUserdefType|IGenericUserdefType2|IType|IUserdefType|IUserdefType2
expression,_3S.CoDeSys.Core.LanguageModel._IGlobalScopeExpression,GlobalScopeExpression,_3S.CoDeSys.LanguageModelManager.GreenTrees.GlobalScopeExpression_Green,CreateGlobalScopeExpression,GlobalScopeExpression.cs,IExprement|IExprement2|IExprement3|IExpression|IExpression2|IExpression3|IExpression4|IExpression5|IExpression6|IGlobalScopeExpression|ILengthExprement
expression,_3S.CoDeSys.Core.LanguageModel._IHasAttributeExpression,HasAttributeExpression,_3S.CoDeSys.LanguageModelManager.GreenTrees.HasAttributeExpression_Green,CreateHasAttributeExpression,HasAttributeExpression.cs,IExprement|IExprement2|IExprement3|IExpression|IExpression2|IExpression3|IExpression4|IExpression5|IExpression6|IHasAttributeExpression|IPragmaExpression
expression,_3S.CoDeSys.Core.LanguageModel._IHasCompatibleTypeExpression,HasCompatibleTypeExpression,_3S.CoDeSys.LanguageModelManager.GreenTrees.HasCompatibleTypeExpression_Green,CreateHasCompatibleTypeExpression,HasCompatibleTypeExpression.cs,IExprement|IExprement2|IExprement3|IExpression|IExpression2|IExpression3|IExpression4|IExpression5|IExpression6|IHasCompatibleTypeExpression|IHasTypeExpression|IPragmaExpression
expression,_3S.CoDeSys.Core.LanguageModel._IHasConstantTypeExpression,HasConstantTypeExpression,_3S.CoDeSys.LanguageModelManager.GreenTrees.HasConstantTypeExpression_Green,CreateHasConstantTypeExpression,HasConstantTypeExpression.cs,IExprement|IExprement2|IExprement3|IExpression|IExpression2|IExpression3|IExpression4|IExpression5|IExpression6|IHasConstantTypeExpression|IPragmaExpression
expression,_3S.CoDeSys.Core.LanguageModel._IHasConstantValueExpression,HasConstantValueExpression,_3S.CoDeSys.LanguageModelManager.GreenTrees.HasConstantValueExpression_Green,CreateHasConstantValueExpression,HasConstantValueExpression.cs,IExprement|IExprement2|IExprement3|IExpression|IExpression2|IExpression3|IExpression4|IExpression5|IExpression6|IHasConstantValueExpression|IHasConstantValueExpression2|IHasConstantValueExpression3|IPragmaExpression
expression,_3S.CoDeSys.Core.LanguageModel._IHasTypeExpression,HasTypeExpression,_3S.CoDeSys.LanguageModelManager.GreenTrees.HasTypeExpression_Green,CreateHasTypeExpression,HasTypeExpression.cs,IExprement|IExprement2|IExprement3|IExpression|IExpression2|IExpression3|IExpression4|IExpression5|IExpression6|IHasTypeExpression|IPragmaExpression
expression,_3S.CoDeSys.Core.LanguageModel._IHasValueExpression,HasValueExpression,_3S.CoDeSys.LanguageModelManager.GreenTrees.HasValueExpression_Green,CreateHasValueExpression,HasValueExpression.cs,IExprement|IExprement2|IExprement3|IExpression|IExpression2|IExpression3|IExpression4|IExpression5|IExpression6|IHasValueExpression|IPragmaExpression
type,_3S.CoDeSys.Core.LanguageModel._IType,IECType,,,IECType.cs,IArchivable|ICompiledType|ICompiledType2|ICompiledType3|ICompiledType4|ICompiledType5|IType
statement,_3S.CoDeSys.Core.LanguageModel._IIfStatement,IfStatement,_3S.CoDeSys.LanguageModelManager.GreenTrees.IfStatement_Green,CreateElseIf,IfStatement.cs,IExprement|IExprement2|IExprement3|IIfStatement|IStatement
statement,_3S.CoDeSys.Core.LanguageModel._IPragmaStatement,ImplicitCodeSectionPragmaStatement,_3S.CoDeSys.LanguageModelManager.GreenTrees.ImplicitCodeSectionPragmaStatement_Green,CreatePragmaStatement,ImplicitCodeSectionPragmaStatement.cs,IExprement|IExprement2|IExprement3|IImplicitCodeSectionPragma|IPragmaStatement|IStatement
expression,_3S.CoDeSys.Core.LanguageModel._IImplicitConversionExpression,ImplicitConversionExpression,,CreateImplicitConversionExpression,ImplicitConversionExpression.cs,IConversionExpression|IExprement|IExprement2|IExprement3|IExpression|IExpression2|IExpression3|IExpression4|IExpression5|IExpression6|IImplicitConversionExpression
expression,_3S.CoDeSys.Core.LanguageModel._IImplicitDeRefAccessExpression,ImplicitDeRefAccessExpression,,CreateImplicitDeRefAccessExpression,ImplicitDeRefAccessExpression.cs,IDeRefAccessExpression|IExprement|IExprement2|IExprement3|IExpression|IExpression2|IExpression3|IExpression4|IExpression5|IExpression6|IImplicitDeRefAccessExpression
type,_3S.CoDeSys.Core.LanguageModel._IImplicitEnumerationType,ImplicitEnumerationType,,CreateImplicitEnumerationType,ImplicitEnumerationType.cs,IArchivable|ICompiledType|ICompiledType2|ICompiledType3|ICompiledType4|ICompiledType5|IECType|IEnumType|IEnumType2|IImplicitEnumerationType|IType
type,_3S.CoDeSys.Core.LanguageModel._IImplicitReferenceType,ImplicitReferenceType,,CreateImplicitReferenceType,ImplicitReferenceType.cs,IArchivable|ICompiledType|ICompiledType2|ICompiledType3|ICompiledType4|ICompiledType5|IImplicitReferenceType|IReferenceType|IReferenceType2|IType
type,_3S.CoDeSys.Core.LanguageModel._IInOutReferenceType,InOutReferenceType,,CreateInOutReferenceType,InOutReferenceType.cs,IArchivable|ICompiledType|ICompiledType2|ICompiledType3|ICompiledType4|ICompiledType5|IInOutReferenceType|IReferenceType|IReferenceType2|IType
expression,_3S.CoDeSys.Core.LanguageModel._IIndexAccessExpression,IndexAccessExpression,_3S.CoDeSys.LanguageModelManager.GreenTrees.IndexAccessExpression_Green,CreateIndexAccessExpression,IndexAccessExpression.cs,IExprement|IExprement2|IExprement3|IExpression|IExpression2|IExpression3|IExpression4|IExpression5|IExpression6|IIndexAccessExpression|ILengthExprement
type,_3S.CoDeSys.Core.LanguageModel._IIntType,IntType,,CreateIntType,IntType.cs,IArchivable|ICompiledType|ICompiledType2|ICompiledType3|ICompiledType4|ICompiledType5|IECType|IIntType|IType
expression,_3S.CoDeSys.Core.LanguageModel._IIntegerLiteralExpression,IntegerLiteralExpression,_3S.CoDeSys.LanguageModelManager.GreenTrees.IntegerLiteralExpression_Green,CreateIntegerLiteralExpression,IntegerLiteralExpression.cs,IExprement|IExprement2|IExprement3|IExpression|IExpression2|IExpression3|IExpression4|IExpression5|IExpression6|IIntegerLiteralExpression|ILiteralExpression|ILiteralExpression2
expression,_3S.CoDeSys.Core.LanguageModel._IIsEnumTypeExpression,IsEnumTypeExpression,_3S.CoDeSys.LanguageModelManager.GreenTrees.IsEnumTypeExpression_Green,CreateIsEnumTypeExpression,IsEnumTypeExpression.cs,IExprement|IExprement2|IExprement3|IExpression|IExpression2|IExpression3|IExpression4|IExpression5|IExpression6|IIsEnumTypeExpression|IPragmaExpression
statement,_3S.CoDeSys.Core.LanguageModel._IJumpStatement,JumpStatement,_3S.CoDeSys.LanguageModelManager.GreenTrees.JumpStatement_Green,CreateJumpStatement,JumpStatement.cs,IExprement|IExprement2|IExprement3|IJumpStatement|IStatement
type,_3S.CoDeSys.Core.LanguageModel._ILDateAndTimeType,LDateAndTimeType,,CreateLDateAndTimeType,LDateAndTimeType.cs,IArchivable|ICompiledType|ICompiledType2|ICompiledType3|ICompiledType4|ICompiledType5|IECType|ILDateAndTimeType|IType
type,_3S.CoDeSys.Core.LanguageModel._ILDateType,LDateType,,CreateLDateType,LDateType.cs,IArchivable|ICompiledType|ICompiledType2|ICompiledType3|ICompiledType4|ICompiledType5|IECType|ILDateType|IType
type,_3S.CoDeSys.Core.LanguageModel._ILIntType,LIntType,,CreateLIntType,LIntType.cs,IArchivable|ICompiledType|ICompiledType2|ICompiledType3|ICompiledType4|ICompiledType5|IECType|ILIntType|IType
type,_3S.CoDeSys.Core.LanguageModel._ILMDataType,LMDataType,,,LMDataType.cs,ILMDataType
type,_3S.CoDeSys.Core.LanguageModel._ILRealType,LRealType,,CreateLRealType,LRealType.cs,IArchivable|ICompiledType|ICompiledType2|ICompiledType3|ICompiledType4|ICompiledType5|IECType|ILRealType|IType
type,_3S.CoDeSys.Core.LanguageModel._ILTimeOfDayType,LTimeOfDayType,,CreateLTimeOfDayType,LTimeOfDayType.cs,IArchivable|ICompiledType|ICompiledType2|ICompiledType3|ICompiledType4|ICompiledType5|IECType|ILTimeOfDayType|IType
type,_3S.CoDeSys.Core.LanguageModel._ILTimeType,LTimeType,,CreateLTimeType,LTimeType.cs,IArchivable|ICompiledType|ICompiledType2|ICompiledType3|ICompiledType4|ICompiledType5|IECType|ILTimeType|IType
type,_3S.CoDeSys.Core.LanguageModel._ILWordType,LWordType,,CreateLWordType,LWordType.cs,IArchivable|ICompiledType|ICompiledType2|ICompiledType3|ICompiledType4|ICompiledType5|IECType|ILWordType|IType
statement,_3S.CoDeSys.Core.LanguageModel._ILabelStatement,LabelStatement,_3S.CoDeSys.LanguageModelManager.GreenTrees.LabelStatement_Green,CreateLabelStatement,LabelStatement.cs,IExprement|IExprement2|IExprement3|ILabelStatement|ILabelStatement2|IStatement
type,_3S.CoDeSys.Core.LanguageModel._ILazyType,LazyType,,CreateLazyType,LazyType.cs,IArchivable|ICompiledType|ICompiledType2|ICompiledType3|ICompiledType4|ICompiledType5|IECType|ILazyType|IType
statement,_3S.CoDeSys.Core.LanguageModel._ILocalSignatureIdPragma,LocalSignatureIdPragma,,CreateLocalSignatureIdPragma,LocalSignatureIdPragma.cs,IExprement|IExprement2|IExprement3|ILocalSignatureIdPragma|IPragmaStatement|IStatement
statement,_3S.CoDeSys.Core.LanguageModel._IMessageGuidPragmaStatement,MessageGuidPragmaStatement,_3S.CoDeSys.LanguageModelManager.GreenTrees.MessageGuidPragmaStatement_Green,CreateMessageGuidPragmaStatement,MessageGuidPragmaStatement.cs,IExprement|IExprement2|IExprement3|IMessageGuidPragmaStatement|IStatement
statement,_3S.CoDeSys.Core.LanguageModel._IMethodDeclarationStatement,MethodDeclarationStatement,,CreateMethodDeclarationStatement,MethodDeclarationStatement.cs,IExprement|IExprement2|IExprement3|IMethodDeclarationStatement|IPOUDeclarationStatement|IStatement
expression,_3S.CoDeSys.Core.LanguageModel._IMultipleIndexInitialization,MultipleIndexInitialisation,_3S.CoDeSys.LanguageModelManager.GreenTrees.MultipleIndexInitialisation_Green,CreateMultipleIndexInitialisation,MultipleIndexInitialisation.cs,IExprement|IExprement2|IExprement3|IExpression|IExpression2|IExpression3|IExpression4|IExpression5|IExpression6|IMultipleIndexInitialization
expression,_3S.CoDeSys.Core.LanguageModel._INamespaceAccessExpression,NamespaceAccessExpression,_3S.CoDeSys.LanguageModelManager.GreenTrees.NamespaceAccessExpression_Green,CreateNamespaceAccessExpression,NamespaceAccessExpression.cs,IExprement|IExprement2|IExprement3|IExpression|IExpression2|IExpression3|IExpression4|IExpression5|IExpression6|INamespaceAccessExpression
expression,_3S.CoDeSys.Core.LanguageModel._INewExpression,NewExpression,_3S.CoDeSys.LanguageModelManager.GreenTrees.NewExpression_Green,CreateNewExpression,NewExpression.cs,IExprement|IExprement2|IExprement3|IExpression|IExpression2|IExpression3|IExpression4|IExpression5|IExpression6|INewExpression
expression,_3S.CoDeSys.Core.LanguageModel._INullExpression,NullExpression,_3S.CoDeSys.LanguageModelManager.GreenTrees.NullExpression_Green,CreateNullExpression,NullExpression.cs,IExprement|IExprement2|IExprement3|IExpression|IExpression2|IExpression3|IExpression4|IExpression5|IExpression6|INullExpression
statement,_3S.CoDeSys.Core.LanguageModel._INullStatement,NullStatement,_3S.CoDeSys.LanguageModelManager.GreenTrees.NullStatement_Green,CreateNullStatement,NullStatement.cs,IExprement|IExprement2|IExprement3|INullStatement|IStatement
expression,_3S.CoDeSys.Core.LanguageModel._IOperatorExpression,OperatorExpression,_3S.CoDeSys.LanguageModelManager.GreenTrees.OperatorExpression_Green,CreateOperatorExpression,OperatorExpression.cs,IExprement|IExprement2|IExprement3|IExpression|IExpression2|IExpression3|IExpression4|IExpression5|IExpression6|IOperatorExpression|IOperatorExpressionWithDetailedLiteralCheck
statement,_3S.CoDeSys.Core.LanguageModel._IPOUDeclarationStatement,POUDeclarationStatement,,CreateErrorStatement,POUDeclarationStatement.cs,IExprement|IExprement2|IExprement3|IPOUDeclarationStatement|IStatement
type,_3S.CoDeSys.Core.LanguageModel._IParamsType,ParamsType,,CreateParamsType,ParamsType.cs,IArchivable|ICompiledType|ICompiledType2|ICompiledType3|ICompiledType4|ICompiledType5|IECType|IParamsType|IType
expression,_3S.CoDeSys.Core.LanguageModel._IPartialAccessExpression,PartialAccessExpression,_3S.CoDeSys.LanguageModelManager.GreenTrees.PartialAccessExpression_Green,CreatePartialAccessExpression,PartialAccessExpression.cs,IExprement|IExprement2|IExprement3|IExpression|IExpression2|IExpression3|IExpression4|IExpression5|IExpression6|ILengthExprement|IPartialAccessExpression
type,_3S.CoDeSys.Core.LanguageModel._IPointerType,PointerType,,CreatePointerType,PointerType.cs,IArchivable|ICompiledType|ICompiledType2|ICompiledType3|ICompiledType4|ICompiledType5|IECType|IPointerType|IPointerType2|IType
expression,_3S.CoDeSys.Core.LanguageModel._IPoolScopeExpression,PoolScopeExpression,_3S.CoDeSys.LanguageModelManager.GreenTrees.PoolScopeExpression_Green,CreatePoolScopeExpression,PoolScopeExpression.cs,IExprement|IExprement2|IExprement3|IExpression|IExpression2|IExpression3|IExpression4|IExpression5|IExpression6|ILengthExprement|IPoolScopeExpression
expression,_3S.CoDeSys.Core.LanguageModel._IPouReference,PouReference,_3S.CoDeSys.LanguageModelManager.GreenTrees.PouReference_Green,CreatePouReference,PouReference.cs,IExprement|IExprement2|IExprement3|IExpression|IExpression2|IExpression3|IExpression4|IExpression5|IExpression6|IItemReference|IPouReference|IPouReference2|IPragmaExpression
statement,_3S.CoDeSys.Core.LanguageModel._IPragmaAssertion,PragmaAssertion,_3S.CoDeSys.LanguageModelManager.GreenTrees.PragmaAssertion_Green,CreatePragmaAssertion,PragmaAssertion.cs,IExprement|IExprement2|IExprement3|IPragmaAssertion|IStatement
statement,_3S.CoDeSys.Core.LanguageModel._IPragmaIfStatement,PragmaIfStatement,_3S.CoDeSys.LanguageModelManager.GreenTrees.PragmaIfStatement_Green,CreatePragmaElseIf,PragmaIfStatement.cs,IExprement|IExprement2|IExprement3|IPragmaIfStatement|IStatement
expression,_3S.CoDeSys.Core.LanguageModel._IPragmaOperatorExpression,PragmaOperatorExpression,_3S.CoDeSys.LanguageModelManager.GreenTrees.PragmaOperatorExpression_Green,CreatePragmaOperatorExpression,PragmaOperatorExpression.cs,IExprement|IExprement2|IExprement3|IExpression|IExpression2|IExpression3|IExpression4|IExpression5|IExpression6|IPragmaExpression|IPragmaOperatorExpression
statement,_3S.CoDeSys.Core.LanguageModel._IPragmaStatement,PragmaStatement,_3S.CoDeSys.LanguageModelManager.GreenTrees.PragmaStatement_Green,CreatePragmaStatement,PragmaStatement.cs,IExprement|IExprement2|IExprement3|IPragmaStatement|IStatement
expression,_3S.CoDeSys.Core.LanguageModel._IProgramCounterExpression,ProgramCounterExpression,,CreateProgramCounterExpression,ProgramCounterExpression.cs,IExprement|IExprement2|IExprement3|IExpression|IExpression2|IExpression3|IExpression4|IExpression5|IExpression6|IProgramCounterExpression
expression,_3S.CoDeSys.Core.LanguageModel._IProjectDefinedExpression,ProjectDefinedExpression,_3S.CoDeSys.LanguageModelManager.GreenTrees.ProjectDefinedExpression_Green,CreateProjectDefinedExpression,ProjectDefinedExpression.cs,IExprement|IExprement2|IExprement3|IExpression|IExpression2|IExpression3|IExpression4|IExpression5|IExpression6|IPragmaExpression|IProjectDefinedExpression
expression,_3S.CoDeSys.Core.LanguageModel._IQualifiedNameExpression,QualifiedNameExpression,,,QualifiedNameExpression.cs,IExprement|IExprement2|IExprement3|IExpression|IExpression2|IExpression3|IExpression4|IExpression5|IExpression6|IQualifiedNameExpression
type,_3S.CoDeSys.Core.LanguageModel._IRangeAwareAnyIntType,RangeAwareAnyIntType,,CreateRangeAwareAnyIntType,RangeAwareAnyIntType.cs,IArchivable|ICompiledType|ICompiledType2|ICompiledType3|ICompiledType4|ICompiledType5|IRangeAwareAnyIntType|IType
type,_3S.CoDeSys.Core.LanguageModel._IRealType,RealType,,CreateRealType,RealType.cs,IArchivable|ICompiledType|ICompiledType2|ICompiledType3|ICompiledType4|ICompiledType5|IECType|IRealType|IType
type,_3S.CoDeSys.Core.LanguageModel._IReferenceType,ReferenceType,,CreateReferenceType,ReferenceType.cs,IArchivable|ICompiledType|ICompiledType2|ICompiledType3|ICompiledType4|ICompiledType5|IECType|IReferenceType|IReferenceType2|IType
statement,_3S.CoDeSys.Core.LanguageModel._IRepeatStatement,RepeatStatement,_3S.CoDeSys.LanguageModelManager.GreenTrees.RepeatStatement_Green,CreateRepeatStatement,RepeatStatement.cs,IExprement|IExprement2|IExprement3|IRepeatStatement|IStatement
expression,_3S.CoDeSys.Core.LanguageModel._IResourceReference,ResourceReference,_3S.CoDeSys.LanguageModelManager.GreenTrees.ResourceReference_Green,CreateResourceReference,ResourceReference.cs,IExprement|IExprement2|IExprement3|IExpression|IExpression2|IExpression3|IExpression4|IExpression5|IExpression6|IItemReference|IPragmaExpression|IResourceReference
type,_3S.CoDeSys.Core.LanguageModel._IRetainBoolType,RetainBoolType,,CreateRetainBoolType,RetainBoolType.cs,IArchivable|ICompiledType|ICompiledType2|ICompiledType3|ICompiledType4|ICompiledType5|IRetainBoolType|ISpecialSizeType|IType
type,_3S.CoDeSys.Core.LanguageModel._IRetainByteType,RetainByteType,,CreateRetainByteType,RetainByteType.cs,IArchivable|ICompiledType|ICompiledType2|ICompiledType3|ICompiledType4|ICompiledType5|IRetainByteType|ISpecialSizeType|IType
type,_3S.CoDeSys.Core.LanguageModel._IRetainSIntType,RetainSIntType,,CreateRetainSIntType,RetainSIntType.cs,IArchivable|ICompiledType|ICompiledType2|ICompiledType3|ICompiledType4|ICompiledType5|IRetainSIntType|ISpecialSizeType|IType
type,_3S.CoDeSys.Core.LanguageModel._IRetainUSIntType,RetainUSIntType,,CreateRetainUSIntType,RetainUSIntType.cs,IArchivable|ICompiledType|ICompiledType2|ICompiledType3|ICompiledType4|ICompiledType5|IRetainUSIntType|ISpecialSizeType|IType
statement,_3S.CoDeSys.Core.LanguageModel._IReturnStatement,ReturnStatement,_3S.CoDeSys.LanguageModelManager.GreenTrees.ReturnStatement_Green,CreateReturnStatement,ReturnStatement.cs,IExprement|IExprement2|IExprement3|IReturnStatement|IStatement
expression,_3S.CoDeSys.Core.LanguageModel._IRuntimeVersionExpression,RuntimeVersionExpression,_3S.CoDeSys.LanguageModelManager.GreenTrees.RuntimeVersionExpression_Green,CreateRuntimeVersionExpression,RuntimeVersionExpression.cs,IExprement|IExprement2|IExprement3|IExpression|IExpression2|IExpression3|IExpression4|IExpression5|IExpression6|IPragmaExpression|IRuntimeVersionExpression|IVersionComparisonSupportingExpression
type,_3S.CoDeSys.Core.LanguageModel._ISIntType,SIntType,,CreateSIntType,SIntType.cs,IArchivable|ICompiledType|ICompiledType2|ICompiledType3|ICompiledType4|ICompiledType5|IECType|ISIntType|IType
type,_3S.CoDeSys.Core.LanguageModel._ISafeBoolType,SafeBoolType,,CreateSafeBoolType,SafeBoolType.cs,IArchivable|ICompiledType|ICompiledType2|ICompiledType3|ICompiledType4|ICompiledType5|ISafeBoolType|ISafetyType|IType
type,_3S.CoDeSys.Core.LanguageModel._ISafeByteType,SafeByteType,,CreateSafeByteType,SafeByteType.cs,IArchivable|ICompiledType|ICompiledType2|ICompiledType3|ICompiledType4|ICompiledType5|ISafeByteType|ISafetyType|IType
type,_3S.CoDeSys.Core.LanguageModel._ISafeDIntType,SafeDIntType,,CreateSafeDIntType,SafeDIntType.cs,IArchivable|ICompiledType|ICompiledType2|ICompiledType3|ICompiledType4|ICompiledType5|ISafeDIntType|ISafetyType|IType
type,_3S.CoDeSys.Core.LanguageModel._ISafeDWordType,SafeDWordType,,CreateSafeDWordType,SafeDWordType.cs,IArchivable|ICompiledType|ICompiledType2|ICompiledType3|ICompiledType4|ICompiledType5|ISafeDWordType|ISafetyType|IType
type,_3S.CoDeSys.Core.LanguageModel._ISafeIntType,SafeIntType,,CreateSafeIntType,SafeIntType.cs,IArchivable|ICompiledType|ICompiledType2|ICompiledType3|ICompiledType4|ICompiledType5|ISafeIntType|ISafetyType|IType
type,_3S.CoDeSys.Core.LanguageModel._ISafeLIntType,SafeLIntType,,CreateSafeLIntType,SafeLIntType.cs,IArchivable|ICompiledType|ICompiledType2|ICompiledType3|ICompiledType4|ICompiledType5|ISafeLIntType|ISafetyType|IType
type,_3S.CoDeSys.Core.LanguageModel._ISafeLRealType,SafeLRealType,,CreateSafeLRealType,SafeLRealType.cs,IArchivable|ICompiledType|ICompiledType2|ICompiledType3|ICompiledType4|ICompiledType5|ISafeLRealType|ISafetyType|IType
type,_3S.CoDeSys.Core.LanguageModel._ISafeLWordType,SafeLWordType,,CreateSafeLWordType,SafeLWordType.cs,IArchivable|ICompiledType|ICompiledType2|ICompiledType3|ICompiledType4|ICompiledType5|ISafeLWordType|ISafetyType|IType
type,_3S.CoDeSys.Core.LanguageModel._ISafeRealType,SafeRealType,,CreateSafeRealType,SafeRealType.cs,IArchivable|ICompiledType|ICompiledType2|ICompiledType3|ICompiledType4|ICompiledType5|ISafeRealType|ISafetyType|IType
type,_3S.CoDeSys.Core.LanguageModel._ISafeSIntType,SafeSIntType,,CreateSafeSIntType,SafeSIntType.cs,IArchivable|ICompiledType|ICompiledType2|ICompiledType3|ICompiledType4|ICompiledType5|ISafeSIntType|ISafetyType|IType
type,_3S.CoDeSys.Core.LanguageModel._ISafeTimeType,SafeTimeType,,CreateSafeTimeType,SafeTimeType.cs,IArchivable|ICompiledType|ICompiledType2|ICompiledType3|ICompiledType4|ICompiledType5|ISafeTimeType|ISafetyType|IType
type,_3S.CoDeSys.Core.LanguageModel._ISafeUDIntType,SafeUDIntType,,CreateSafeUDIntType,SafeUDIntType.cs,IArchivable|ICompiledType|ICompiledType2|ICompiledType3|ICompiledType4|ICompiledType5|ISafeUDIntType|ISafetyType|IType
type,_3S.CoDeSys.Core.LanguageModel._ISafeUIntType,SafeUIntType,,CreateSafeUIntType,SafeUIntType.cs,IArchivable|ICompiledType|ICompiledType2|ICompiledType3|ICompiledType4|ICompiledType5|ISafeUIntType|ISafetyType|IType
type,_3S.CoDeSys.Core.LanguageModel._ISafeULIntType,SafeULIntType,,CreateSafeULIntType,SafeULIntType.cs,IArchivable|ICompiledType|ICompiledType2|ICompiledType3|ICompiledType4|ICompiledType5|ISafeULIntType|ISafetyType|IType
type,_3S.CoDeSys.Core.LanguageModel._ISafeUSIntType,SafeUSIntType,,CreateSafeUSIntType,SafeUSIntType.cs,IArchivable|ICompiledType|ICompiledType2|ICompiledType3|ICompiledType4|ICompiledType5|ISafeUSIntType|ISafetyType|IType
type,_3S.CoDeSys.Core.LanguageModel._ISafeWordType,SafeWordType,,CreateSafeWordType,SafeWordType.cs,IArchivable|ICompiledType|ICompiledType2|ICompiledType3|ICompiledType4|ICompiledType5|ISafeWordType|ISafetyType|IType
statement,_3S.CoDeSys.Core.LanguageModel._ISequenceStatement,SequenceStatement,_3S.CoDeSys.LanguageModelManager.GreenTrees.SequenceStatement_Green,CreateSequenceStatement,SequenceStatement.cs,IExprement|IExprement2|IExprement3|ILengthExprement|IPositionExprement|ISequenceStatement|ISequenceStatement2|ISequenceStatement3|IStatement
statement,_3S.CoDeSys.Core.LanguageModel._IStatement,Statement,_3S.CoDeSys.LanguageModelManager.GreenTrees.Statement_Green,,Statement.cs,IExprement|IExprement2|IExprement3|IStatement|IStatement2
expression,_3S.CoDeSys.Core.LanguageModel._IStringLiteralExpression,StringLiteralExpression,_3S.CoDeSys.LanguageModelManager.GreenTrees.StringLiteralExpression_Green,CreateStringLiteralExpression,StringLiteralExpression.cs,IExprement|IExprement2|IExprement3|IExpression|IExpression2|IExpression3|IExpression4|IExpression5|IExpression6|ILiteralExpression|ILiteralExpression2|IStringLiteralExpression|IStringLiteralExpression2
type,_3S.CoDeSys.Core.LanguageModel._IStringType,StringType,,CreateStringType,StringType.cs,IArchivable|ICompiledType|ICompiledType2|ICompiledType3|ICompiledType4|ICompiledType5|IECType|IStringType|IType|ITypeWithRecursiveTypeCheck
expression,_3S.CoDeSys.Core.LanguageModel._IStructureInitialization,StructureInitialisation,_3S.CoDeSys.LanguageModelManager.GreenTrees.StructureInitialisation_Green,CreateStructureInitialisation,StructureInitialisation.cs,IExprement|IExprement2|IExprement3|IExpression|IExpression2|IExpression3|IExpression4|IExpression5|IExpression6|IStructureInitialization
statement,_3S.CoDeSys.Core.LanguageModel._ISubRoutineStatement,SubRoutineStatement,,CreateSubRoutineStatement,SubRoutineStatement.cs,IExprement|IExprement2|IExprement3|ISequenceStatement|ISequenceStatement2|ISequenceStatement3|IStatement|ISubRoutineStatement|ISubroutineStatement
type,_3S.CoDeSys.Core.LanguageModel._ISubrangeType,SubrangeType,,CreateSubrangeType,SubrangeType.cs,IArchivable|ICompiledType|ICompiledType2|ICompiledType3|ICompiledType4|ICompiledType5|IECType|ISubrangeType|ISubrangeType2|IType
expression,_3S.CoDeSys.Core.LanguageModel._ISystemScopeExpression,SystemScopeExpression,_3S.CoDeSys.LanguageModelManager.GreenTrees.SystemScopeExpression_Green,CreateSystemScopeExpression,SystemScopeExpression.cs,IExprement|IExprement2|IExprement3|IExpression|IExpression2|IExpression3|IExpression4|IExpression5|IExpression6|ILengthExprement|ISystemScopeExpression
expression,_3S.CoDeSys.Core.LanguageModel._IOnlineExpression,TaskLocalVariableOnlineExpression,,,TaskLocalVariableOnlineExpression.cs,IOnlineExpression
expression,_3S.CoDeSys.Core.LanguageModel._ITaskReference,TaskReference,_3S.CoDeSys.LanguageModelManager.GreenTrees.TaskReference_Green,CreateTaskReference,TaskReference.cs,IExprement|IExprement2|IExprement3|IExpression|IExpression2|IExpression3|IExpression4|IExpression5|IExpression6|IItemReference|IPragmaExpression|ITaskReference
expression,_3S.CoDeSys.Core.LanguageModel._IThisExpression,ThisExpression,_3S.CoDeSys.LanguageModelManager.GreenTrees.ThisExpression_Green,CreateThisExpression,ThisExpression.cs,IExprement|IExprement2|IExprement3|IExpression|IExpression2|IExpression3|IExpression4|IExpression5|IExpression6|IThisExpression
type,_3S.CoDeSys.Core.LanguageModel._ITimeOfDayType,TimeOfDayType,,CreateTimeOfDayType,TimeOfDayType.cs,IArchivable|ICompiledType|ICompiledType2|ICompiledType3|ICompiledType4|ICompiledType5|IECType|ITimeOfDayType|IType
type,_3S.CoDeSys.Core.LanguageModel._ITimeType,TimeType,,CreateTimeType,TimeType.cs,IArchivable|ICompiledType|ICompiledType2|ICompiledType3|ICompiledType4|ICompiledType5|IECType|ITimeType|IType
statement,_3S.CoDeSys.Core.LanguageModel._ITryCatchStatement,TryCatchStatement,_3S.CoDeSys.LanguageModelManager.GreenTrees.TryCatchStatement_Green,CreateTryCatchStatement,TryCatchStatement.cs,IExprement|IExprement2|IExprement3|IStatement|ITryCatchStatement
statement,_3S.CoDeSys.Core.LanguageModel._ITypeDeclarationStatement,TypeDeclarationStatement,,CreateTypeDeclarationStatement,TypeDeclarationStatement.cs,IExprement|IExprement2|IExprement3|IStatement|ITypeDeclarationStatement
expression,_3S.CoDeSys.Core.LanguageModel._ITypeExpression,TypeExpression,_3S.CoDeSys.LanguageModelManager.GreenTrees.TypeExpression_Green,CreateTypeExpression,TypeExpression.cs,IExprement|IExprement2|IExprement3|IExpression|IExpression2|IExpression3|IExpression4|IExpression5|IExpression6|ITypeExpression
expression,_3S.CoDeSys.Core.LanguageModel._ITypeReference,TypeReference,_3S.CoDeSys.LanguageModelManager.GreenTrees.TypeReference_Green,CreateTypeReference,TypeReference.cs,IExprement|IExprement2|IExprement3|IExpression|IExpression2|IExpression3|IExpression4|IExpression5|IExpression6|IItemReference|IPragmaExpression|ITypeReference|ITypeReference2
type,_3S.CoDeSys.Core.LanguageModel._IUDIntType,UDIntType,,CreateUDIntType,UDIntType.cs,IArchivable|ICompiledType|ICompiledType2|ICompiledType3|ICompiledType4|ICompiledType5|IECType|IType|IUDIntType
type,_3S.CoDeSys.Core.LanguageModel._IUIntType,UIntType,,CreateUIntType,UIntType.cs,IArchivable|ICompiledType|ICompiledType2|ICompiledType3|ICompiledType4|ICompiledType5|IECType|IType|IUIntType
type,_3S.CoDeSys.Core.LanguageModel._IULIntType,ULIntType,,CreateULIntType,ULIntType.cs,IArchivable|ICompiledType|ICompiledType2|ICompiledType3|ICompiledType4|ICompiledType5|IECType|IType|IULIntType
type,_3S.CoDeSys.Core.LanguageModel._IUSIntType,USIntType,,CreateUSIntType,USIntType.cs,IArchivable|ICompiledType|ICompiledType2|ICompiledType3|ICompiledType4|ICompiledType5|IECType|IType|IUSIntType
type,_3S.CoDeSys.Core.LanguageModel._IUXIntType,UXIntType,,CreateUXIntType,UXIntType.cs,IArchivable|ICompiledType|ICompiledType2|ICompiledType3|ICompiledType4|ICompiledType5|IECType|IType|IUXIntType
type,_3S.CoDeSys.Core.LanguageModel._IUserdefType,UserdefType,,CreateUserdefType,UserdefType.cs,IArchivable|ICompiledType|ICompiledType2|ICompiledType3|ICompiledType4|ICompiledType5|IECType|IType|IUserdefType|IUserdefType2
statement,_3S.CoDeSys.Core.LanguageModel._IVarInitialEmptyStatement,VarInitialEmptyStatement,,CreateVarInitialEmptyStatement,VarInitialEmptyStatement.cs,IExprement|IExprement2|IExprement3|IStatement|IVarInitialEmptyStatement
statement,_3S.CoDeSys.Core.LanguageModel._IVariableDeclarationListStatement,VariableDeclarationListStatement,,CreateVariableDeclarationListStatement,VariableDeclarationListStatement.cs,IExprement|IExprement2|IExprement3|IStatement|IVariableDeclarationListStatement
statement,_3S.CoDeSys.Core.LanguageModel._IVariableDeclarationStatement,VariableDeclarationStatement,,CreateVariableDeclarationStatement,VariableDeclarationStatement.cs,IExprement|IExprement2|IExprement3|IStatement|IVariableDeclarationStatement
expression,_3S.CoDeSys.Core.LanguageModel._IVariableExpression,VariableExpression,_3S.CoDeSys.LanguageModelManager.GreenTrees.VariableExpression_Green,CreateVariableExpression,VariableExpression.cs,IExprement|IExprement2|IExprement3|IExpression|IExpression2|IExpression3|IExpression4|IExpression5|IExpression6|IPositionExprement|IQualifiedNameExpression|IVariableExpression|IVariableExpression2|IVariableExpression3
type,_3S.CoDeSys.Core.LanguageModel._IVariableLengthArrayType,VariableLengthArrayType,,CreateVariableLengthArrayType,VariableLengthArrayType.cs,IArchivable|ICompiledType|ICompiledType2|ICompiledType3|ICompiledType4|ICompiledType5|IECType|IType|IVariableLengthArrayType
expression,_3S.CoDeSys.Core.LanguageModel._IVariableReference,VariableReference,_3S.CoDeSys.LanguageModelManager.GreenTrees.VariableReference_Green,CreateVariableReference,VariableReference.cs,IExprement|IExprement2|IExprement3|IExpression|IExpression2|IExpression3|IExpression4|IExpression5|IExpression6|IItemReference|IPragmaExpression|IVariableReference
type,_3S.CoDeSys.Core.LanguageModel._IVectorType,VectorType,,CreateVectorType,VectorType.cs,IArchivable|ICompiledType|ICompiledType2|ICompiledType3|ICompiledType4|ICompiledType5|IECType|IType|ITypeWithRecursiveTypeCheck|IVectorType
type,_3S.CoDeSys.Core.LanguageModel._IWStringType,WStringType,,CreateWStringType,WStringType.cs,IArchivable|ICompiledType|ICompiledType2|ICompiledType3|ICompiledType4|ICompiledType5|IECType|IType|ITypeWithRecursiveTypeCheck|IWStringType
statement,_3S.CoDeSys.Core.LanguageModel._IWarningDisableRestorePragmaStatement,WarningDisableRestorePragmaStatement,_3S.CoDeSys.LanguageModelManager.GreenTrees.WarningDisableRestorePragmaStatement_Green,CreateWarningDisableRestorePragmaStatement,WarningDisableRestorePragmaStatement.cs,IExprement|IExprement2|IExprement3|IStatement|IWarningDisableRestorePragmaStatement
statement,_3S.CoDeSys.Core.LanguageModel._IWhileStatement,WhileStatement,_3S.CoDeSys.LanguageModelManager.GreenTrees.WhileStatement_Green,CreateWhileStatement,WhileStatement.cs,IExprement|IExprement2|IExprement3|IStatement|IWhileStatement
type,_3S.CoDeSys.Core.LanguageModel._IWordType,WordType,,CreateWordType,WordType.cs,IArchivable|ICompiledType|ICompiledType2|ICompiledType3|ICompiledType4|ICompiledType5|IECType|IType|IWordType
type,_3S.CoDeSys.Core.LanguageModel._IXDIntType,XDIntType,,CreateXDIntType,XDIntType.cs,IArchivable|ICompiledType|ICompiledType2|ICompiledType3|ICompiledType4|ICompiledType5|IType|IXDIntType
type,_3S.CoDeSys.Core.LanguageModel._IXDWordType,XDWordType,,CreateXDWordType,XDWordType.cs,IArchivable|ICompiledType|ICompiledType2|ICompiledType3|ICompiledType4|ICompiledType5|IType|IXDWordType
type,_3S.CoDeSys.Core.LanguageModel._IXIntType,XIntType,,CreateXIntType,XIntType.cs,IArchivable|ICompiledType|ICompiledType2|ICompiledType3|ICompiledType4|ICompiledType5|IECType|IType|IXIntType
type,_3S.CoDeSys.Core.LanguageModel._IXLIntType,XLIntType,,CreateXLIntType,XLIntType.cs,IArchivable|ICompiledType|ICompiledType2|ICompiledType3|ICompiledType4|ICompiledType5|IType|IXLIntType
type,_3S.CoDeSys.Core.LanguageModel._IXLWordType,XLWordType,,CreateXLWordType,XLWordType.cs,IArchivable|ICompiledType|ICompiledType2|ICompiledType3|ICompiledType4|ICompiledType5|IType|IXLWordType
expression,_3S.CoDeSys.Core.LanguageModel._IXRefExpression,XRefExpression,_3S.CoDeSys.LanguageModelManager.GreenTrees.XRefExpression_Green,CreateXRefExpression,XRefExpression.cs,IExprement|IExprement2|IExprement3|IExpression|IExpression2|IExpression3|IExpression4|IExpression5|IExpression6|IPragmaExpression|IXRefExpression
type,_3S.CoDeSys.Core.LanguageModel._IXStringType,XStringType,,CreateXStringType,XStringType.cs,IArchivable|ICompiledType|ICompiledType2|ICompiledType3|ICompiledType4|ICompiledType5|IECType|IStringType|IType|IWStringType|IXStringType
type,_3S.CoDeSys.Core.LanguageModel._IXUDIntType,XUDIntType,,CreateXUDIntType,XUDIntType.cs,IArchivable|ICompiledType|ICompiledType2|ICompiledType3|ICompiledType4|ICompiledType5|IType|IXUDIntType
type,_3S.CoDeSys.Core.LanguageModel._IXULIntType,XULIntType,,CreateXULIntType,XULIntType.cs,IArchivable|ICompiledType|ICompiledType2|ICompiledType3|ICompiledType4|ICompiledType5|IType|IXULIntType
type,_3S.CoDeSys.Core.LanguageModel._IXWordType,XWordType,,CreateXWordType,XWordType.cs,IArchivable|ICompiledType|ICompiledType2|ICompiledType3|ICompiledType4|ICompiledType5|IECType|IType|IXWordType
