group,factory_method,node_kind,source
statement,CreateSequenceStatement,Sequence/Block,Compiler35220/TreeConversion/RedTreeBuilder.cs:64
statement,CreateIfStatement,If,RedTreeBuilder.cs:159
statement,CreateElseIf,ElseIf,RedTreeBuilder.cs:150
statement,CreateWhileStatement,While,RedTreeBuilder.cs:75
statement,CreateRepeatStatement,Repeat,RedTreeBuilder.cs:86
statement,CreateForStatement,For,RedTreeBuilder.cs:117
statement,CreateExitStatement,Exit,RedTreeBuilder.cs:124
statement,CreateContinueStatement,Continue,RedTreeBuilder.cs:131
statement,CreateReturnStatement,Return,RedTreeBuilder.cs:172
statement,CreateJumpStatement,Jump/Goto,RedTreeBuilder.cs:185
statement,CreateLabelStatement,Label,RedTreeBuilder.cs:192
statement,CreateCommentStatement,Comment,RedTreeBuilder.cs:199
statement,CreatePragmaStatement,Pragma,RedTreeBuilder.cs:219
statement,CreateWarningDisableRestorePragmaStatement,PragmaWarningDisableRestore,RedTreeBuilder.cs:223
statement,CreateLocalSignatureIdPragma,PragmaLocalSignatureId,RedTreeBuilder.cs:231
statement,CreateImplicitCodeSectionPragma,PragmaImplicitCodeSection,RedTreeBuilder.cs:244
statement,CreateMessageGuidPragmaStatement,PragmaMessageGuid,RedTreeBuilder.cs:254
statement,CreateExpressionStatement,ExpressionStatement,RedTreeBuilder.cs:264
statement,CreateEmptyStatement,Empty,RedTreeBuilder.cs:489
statement,CreateErrorStatement,ErrorStatement,RedTreeBuilder.cs:553
statement,CreateNullStatement,NullStatement,RedTreeBuilder.cs:567
statement,CreateCaseStatement,Case,RedTreeBuilder.cs:539
statement,CreateCase,CaseBranch,RedTreeBuilder.cs:530
statement,CreateCaseLabelStatement,CaseLabel,RedTreeBuilder.cs:513
statement,CreateBreakPointStatement,BreakPoint,RedTreeBuilder.cs:781
statement,CreateDefineStatement,Define,RedTreeBuilder.cs:790
statement,CreateTryCatchStatement,TryCatch,RedTreeBuilder.cs:973
statement,CreatePragmaIfStatement,PragmaIf,RedTreeBuilder.cs:771
statement,CreatePragmaElseIf,PragmaElseIf,RedTreeBuilder.cs:754
expression,CreateAssignmentExpression,Assignment,RedTreeBuilder.cs:276
expression,CreateCallExpression,Call,RedTreeBuilder.cs:348
expression,CreateOperatorExpression,Operator,RedTreeBuilder.cs:363
expression,CreateConversionExpression,Conversion,RedTreeBuilder.cs:372
expression,CreateThisExpression,This,RedTreeBuilder.cs:379
expression,CreateBaseExpression,Base,RedTreeBuilder.cs:386
expression,CreateBasedIntegerLiteralExpression,LiteralBasedInteger,RedTreeBuilder.cs:396
expression,CreateIntegerLiteralExpression,LiteralInteger,RedTreeBuilder.cs:400
expression,CreateFloatLiteralExpression,LiteralFloat,RedTreeBuilder.cs:404
expression,CreateStringLiteralExpression,LiteralString,RedTreeBuilder.cs:408
expression,CreateAddressExpression,Address,RedTreeBuilder.cs:416
expression,CreateVariableExpression,Variable,RedTreeBuilder.cs:423
expression,CreateIndexAccessExpression,IndexAccess,RedTreeBuilder.cs:438
expression,CreateCompoAccessExpression,CompoAccess,RedTreeBuilder.cs:449
expression,CreateDeRefAccessExpression,DeRef,RedTreeBuilder.cs:458
expression,CreateGlobalScopeExpression,GlobalScope,RedTreeBuilder.cs:473
expression,CreateSystemScopeExpression,SystemScope,RedTreeBuilder.cs:482
expression,CreateErrorExpression,ErrorExpression,RedTreeBuilder.cs:546
expression,CreateNullExpression,NullExpression,RedTreeBuilder.cs:560
expression,CreateCaseRangeExpression,CaseRange,RedTreeBuilder.cs:500
expression,CreateMultipleIndexInitialisation,MultipleIndexInit,RedTreeBuilder.cs:621
expression,CreateArrayInitialisation,ArrayInit,RedTreeBuilder.cs:634
expression,CreateStructureInitialisation,StructureInit,RedTreeBuilder.cs:647
expression,CreateDefineReference,DefineReference,RedTreeBuilder.cs:654
expression,CreateVariableReference,VariableReference,RedTreeBuilder.cs:662
expression,CreateTypeReference,TypeReference,RedTreeBuilder.cs:670
expression,CreatePouReference,PouReference,RedTreeBuilder.cs:678
expression,CreateTaskReference,TaskReference,RedTreeBuilder.cs:685
expression,CreateResourceReference,ResourceReference,RedTreeBuilder.cs:692
expression,CreateDefinedExpression,Defined,RedTreeBuilder.cs:700
expression,CreateXRefExpression,XRef,RedTreeBuilder.cs:711
expression,CreateCompilerVersionExpression,CompilerVersion,RedTreeBuilder.cs:718
expression,CreatePragmaOperatorExpression,PragmaOperator,RedTreeBuilder.cs:731
expression,CreateHasCompatibleTypeExpression,HasCompatibleType,RedTreeBuilder.cs:798
expression,CreateHasTypeExpression,HasType,RedTreeBuilder.cs:811
expression,CreateIsEnumTypeExpression,IsEnumType,RedTreeBuilder.cs:818
expression,CreateHasAttributeExpression,HasAttribute,RedTreeBuilder.cs:826
expression,CreateHasValueExpression,HasValue,RedTreeBuilder.cs:833
expression,CreateHasConstantValueExpression,HasConstantValue,RedTreeBuilder.cs:845
expression,CreateHasConstantTypeExpression,HasConstantType,RedTreeBuilder.cs:854
expression,CreatePragmaAssertion,PragmaAssertion,RedTreeBuilder.cs:864
expression,CreateCastExpression,Cast,RedTreeBuilder.cs:880
expression,CreateNewExpression,New,RedTreeBuilder.cs:905
expression,CreateTypeExpression,TypeExpression,RedTreeBuilder.cs:912
expression,CreateNamespaceAccessExpression,NamespaceAccess,RedTreeBuilder.cs:923
expression,CreateRuntimeVersionExpression,RuntimeVersion,RedTreeBuilder.cs:930
expression,CreateCurrentTaskExpression,CurrentTask,RedTreeBuilder.cs:938
expression,CreatePoolScopeExpression,PoolScope,RedTreeBuilder.cs:946
expression,CreatePartialAccessExpression,PartialAccess,RedTreeBuilder.cs:982
expression,CreateProjectDefinedExpression,ProjectDefined,RedTreeBuilder.cs:996
