scope_id,scope_kind,looks_for,order,where
S0,current POU local,variables declared in the most-local signature,"1) LocalContext[name] (Signature indexer, CaseInsensitiveDictionary on VersionedName); 2) implicit enum member (contains_implicit_enum); 3) implicit FB property __GET<name>/__SET<name>","decompiled\Compiler35220.plugin\_3S\CoDeSys\Compiler35220\Scopes\CheckerScope.cs:888 (loader); Signature.cs:1664 (name hash); CheckerScope.cs:713 (enum); :785 (property)"
S1,same POU sub-signatures,methods/actions/functions declared inside the current (or base) POU,"DFS over signature chain: FindSubSignatureSet(sig.Name) then BaseExpression (base FB) then InterfaceExpressions (interfaces); reports by name (Operator.Action skipped if IgnoreActions)","CheckerScope.cs:1133 (FindSubSignature); :1184 (push base); :1208 (push interface); :1164 (name match)"
S2,application global variables,GVL/global vars of the local application and its parent applications,"for ctx = LocalContext; ctx != null; ctx = parent: GetSignsForGlobalVar(name) -> for each precompileId: sig=GetSignatureForPrecompileID; if !ATTRIBUTE_QUALIFIED_ONLY then sig[name]","CheckerScope.cs:940 (loop+parent); :963 (emit)"
S3,visible library global variables,global vars published by visible libraries of the local app,"if none found: GetVisibleLibraries(LocalContext) -> skip GetQualifiedOnly -> GetSignsForGlobalVar -> skip QUALIFIED_ONLY/interfaces for library objects","CheckerScope.cs:981; :1000 (emit, filters Internal)"
S4,pool global variables,GVL symbols of the Pool context,"if none found: PoolContext.GetSignsForGlobalVar(name) -> sig[name] (skip QUALIFIED_ONLY)","CheckerScope.cs:1018"
S5,parent-application visible libraries,globals from libraries visible to parent applications,"if none found: GetVisibleLibraries(Pool) -> skip GetQualifiedOnly -> sig[name]","CheckerScope.cs:1043"
S6,super-global,super-global signatures (SuperGlobal flag),"1) SuperGlobal context this._3[name] if flag SuperGlobal; 2) Pool[name] if flag SuperGlobal","CheckerScope.cs:1086 (indexer this[string] -> :1090 superglobal ctx, :1101 pool)"
S7,pool scope,pool symbols (SuperGlobal only via indexer),"Pool[name] if SignatureFlag.SuperGlobal","CheckerScope.cs:1101"
S8,hierarchical / library contexts,any declaration reachable by name (POU/types) with visibility rules,"iterate GetContexts(): local app + its visible libs, then root app + visible libs, then Pool + visible libs, then SystemContext; for each ctx[name] accept if not QUALIFIED_ONLY (unless local ctx), not SystemNamespaceForced, not Internal when foreign ctx","CheckerScope.cs:1649 (enumerator); :1531 (FindSignatureGlobal); :1554 (accept filter)"
S9,namespace access,library namespace -> its scope then member,"GetLibraryContextByNamespace(name[,LocalContext]); if name == LocalContext.Namespace use local; then CheckerScope(ctx)","CheckerScope.cs:628; :653"
S10,type name -> TypeClass lookup,built-in type from an identifier,"TypeTable.Get(string): ToUpperInvariant, hash-switch over BOOL/BIT/BYTE/WORD/DWORD/LWORD/SINT/INT/DINT/LINT/USINT/UINT/UDINT/ULINT/REAL/LREAL/STRING/WSTRING/TIME/LTIME/DATE/DATEANDTIME/TIMEOFDAY/LDATE/...; fallback ANY/ANYBIT/ANYDATE/ANYINT/ANYNUM/ANYREAL","decompiled\Compiler35220.plugin\_3S\CoDeSys\Compiler35220\Tools\TypeTable.cs:1048; :1017 (any fallback)"
S11,type by TypeClass,builtin type instance,"TypeTable.Get(TypeClass) switch (Bool..LTimeOfDay); return builtin singleton","Tools\TypeTable.cs:930"
S12,type by operator,builtin type from Operator,"TypeTable.Get(Operator) switch; GetTypeByOperator(Operator); GetOperatorByType(TypeClass)","Tools\TypeTable.cs:1275; :592; :501"
S13,userdef member (STRUCT/FB/interface),member of a user-defined type,"UserdefType.GetSignature(scope)=scope[SignatureId]; components by walking AllVariables + base signature (BaseSignatureId) + interfaces (InterfaceIds) recursively; implicit __MAIN for FB","decompiled\LanguageModelManager.plugin\_3S\CoDeSys\LanguageModelManager\UserdefType.cs:387 (GetNumOfElements); :421 (GetSignatureComponents); :455 (interfaces)"
S14,enum member,enum constant -> integer value,"EnumType: signature := scope[SignatureId]; find member by OrgName (case-insensitive), read literal value","LanguageModelManager\EnumType.cs:286 (GetNumericEnumValue); :214 (ConvertToRaw)"
S15,array element,element type of array access,"ArrayType.Base / Dimensions; borders are expressions evaluated via scope","LanguageModelManager\ArrayType.cs:34 (Base); :91 (Dimensions)"
S16,overload resolution,callable signature matching an argument list,"1) if exactly one candidate -> use; 2) if none -> return the base sig; 3) try exact match then 'lazy/implicit-parameter' pass; 4) collect candidates comparing input types; 5) Err_NoMatchingOverload if 0, Err_Ambiguity if >1 (with related positions)","decompiled\Compiler35220.plugin\-\-.291.cs:27 (entry); :140 (pass); :152 (filter); :121 (input compare); :249/:257 (errors)"
S17,implicit conversion / compatibility,whether type A is implicitly convertible/copyable to type B,"ITypeComparer.IsImplicitConvertable / Imitates / IsImplicitLiteralConvertable; IECType.IsCompatible -> TypeComparerProxy -> VersionedCompilerFactory._TypeComparer","decompiled\Compiler35220.plugin\-\-.304.cs:14 (impl); LanguageModelManager\TypeComparerProxy.cs:8; LanguageModelManager\IECType.cs:96"
S18,connection search (SymbolTable),name -> symbol with visibility priority layers,"SymbolTable builds two CaseInsensitiveDictionary layers + property lists; fills in order: local GVL; parent-app GVL; visible libs; pool; parent libs; system context; symbols guarded by QUALIFIED_ONLY / Internal / SystemNamespaceForced","decompiled\Compiler35220.plugin\_3S\CoDeSys\Compiler35220\Scopes\SymbolTable.cs:15 (ctor); :37 (fill); :141 (indexer); :234/:277 (Gvl/AllSig fills)"
S19,declaration query (public API),variable+signature+scope for an identifier string/expression,"FindDeclaration(stIdent,..) -> FindDeclaration(IExpression,..): parse access path; if scope-qualified (System/Pool/Namespace/compo) delegate to that scope; else full chain S0..S8","decompiled\Compiler35220.plugin\_3S\CoDeSys\Compiler35220\Scopes\CheckerScope.cs:1621; :1275"
