"text","operator_ordinal","flags","flags_decoded","language"
"ACTION","60","524292","Keyword|Declaration","Declaration"
"ARRAY","61","524292","Keyword|Declaration","Declaration"
"__VECTOR","257","524292","Keyword|Declaration","Declaration"
"AT","63","524292","Keyword|Declaration","Declaration"
"BY","64","65540","Keyword|StructuredText","ST"
"CASE","65","65540","Keyword|StructuredText","ST"
"CONSTANT","66","524292","Keyword|Declaration","Declaration"
"DO","67","65540","Keyword|StructuredText","ST"
"ELSE","68","65540","Keyword|StructuredText","ST"
"ELSIF","69","65540","Keyword|StructuredText","ST"
"END_ACTION","70","1048580","Keyword|Internal","Internal"
"END_CASE","71","65540","Keyword|StructuredText","ST"
"END_FOR","72","65540","Keyword|StructuredText","ST"
"END_FUNCTION","73","1048580","Keyword|Internal","Internal"
"END_FUNCTION_BLOCK","74","1048580","Keyword|Internal","Internal"
"END_IF","75","65540","Keyword|StructuredText","ST"
"END_PROGRAM","76","1048580","Keyword|Internal","Internal"
"END_REPEAT","77","65540","Keyword|StructuredText","ST"
"END_STRUCT","78","524292","Keyword|Declaration","Declaration"
"END_UNION","79","524292","Keyword|Declaration","Declaration"
"END_TRANSITION","291","1048580","Keyword|Internal","Internal"
"END_TYPE","80","524292","Keyword|Declaration","Declaration"
"END_VAR","81","524292","Keyword|Declaration","Declaration"
"END_WHILE","82","65540","Keyword|StructuredText","ST"
"EXIT","83","65540","Keyword|StructuredText","ST"
"CONTINUE","84","65540","Keyword|StructuredText","ST"
"FOR","85","65540","Keyword|StructuredText","ST"
"FROM","86","1048580","Keyword|Internal","Internal"
"FUNCTION","87","524292","Keyword|Declaration","Declaration"
"FUNCTION_BLOCK","88","524292","Keyword|Declaration","Declaration"
"IF","89","65540","Keyword|StructuredText","ST"
"OF","90","524292","Keyword|Declaration","Declaration"
"PARAMS","62","524292","Keyword|Declaration","Declaration"
"PERSISTENT","91","524292","Keyword|Declaration","Declaration"
"POINTER","92","524292","Keyword|Declaration","Declaration"
"REFERENCE","186","524292","Keyword|Declaration","Declaration"
"PROGRAM","93","524292","Keyword|Declaration","Declaration"
"READ_ONLY","94","1048580","Keyword|Internal","Internal"
"READ_WRITE","95","1048580","Keyword|Internal","Internal"
"REPEAT","96","65540","Keyword|StructuredText","ST"
"RETAIN","97","524292","Keyword|Declaration","Declaration"
"RETURN","98","65540","Keyword|StructuredText","ST"
"STRUCT","99","524292","Keyword|Declaration","Declaration"
"UNION","100","524292","Keyword|Declaration","Declaration"
"THEN","101","65540","Keyword|StructuredText","ST"
"TO","102","589828","Keyword|StructuredText|Declaration","ST|Declaration"
"TRANSITION","290","1048612","Keyword|Contextual|Internal","Internal"
"TYPE","103","524292","Keyword|Declaration","Declaration"
"UNTIL","104","65540","Keyword|StructuredText","ST"
"VAR","105","524292","Keyword|Declaration","Declaration"
"VAR_ACCESS","106","524292","Keyword|Declaration","Declaration"
"VAR_CONFIG","107","524292","Keyword|Declaration","Declaration"
"VAR_EXTERNAL","108","524292","Keyword|Declaration","Declaration"
"VAR_GLOBAL","109","524292","Keyword|Declaration","Declaration"
"VAR_INPUT","110","524292","Keyword|Declaration","Declaration"
"VAR_IN_OUT","111","524292","Keyword|Declaration","Declaration"
"VAR_OUTPUT","112","524292","Keyword|Declaration","Declaration"
"VAR_TEMP","113","524292","Keyword|Declaration","Declaration"
"VAR_STAT","114","524292","Keyword|Declaration","Declaration"
"WHILE","115","65540","Keyword|StructuredText","ST"
"EXTENDS","116","524292","Keyword|Declaration","Declaration"
"IMPLEMENTS","117","524292","Keyword|Declaration","Declaration"
"METHOD","118","524292","Keyword|Declaration","Declaration"
"END_METHOD","281","1048580","Keyword|Internal","Internal"
"PROPERTY","187","524292","Keyword|Declaration","Declaration"
"END_PROPERTY","282","1048580","Keyword|Internal","Internal"
"PROPERTY_SET","284","1048580","Keyword|Internal","Internal"
"PROPERTY_GET","285","1048580","Keyword|Internal","Internal"
"INTERFACE","119","524292","Keyword|Declaration","Declaration"
"END_INTERFACE","283","1048580","Keyword|Internal","Internal"
"THIS","120","-65532","Keyword|AllLanguages","All"
"SUPER","121","65540","Keyword|StructuredText","ST"
"VAR_INST","244","524292","Keyword|Declaration","Declaration"
"VAR_GENERIC","280","524292","Keyword|Declaration","Declaration"
"__BEGIN_IMPLEMENTATION","286","1114116","Keyword|StructuredText|Internal","ST|Internal"
"NAMESPACE","287","1114148","Keyword|Contextual|StructuredText|Internal","ST|Internal"
"END_NAMESPACE","288","1114116","Keyword|StructuredText|Internal","ST|Internal"
