kind,full_name,base,key_fields,purpose,source
interface,_3S.CoDeSys.LanguageModelManager.InternalInterfaces.ITypeTable,,ReleasedInterface,"builtin accessors: _IBoolType Bool; _IIntType Int; ... _IAnyStringType AnyString; *_Size; PointerSize/ReferenceSize/InterfaceSize","type table contract: builtin type objects, sizes, Get(TypeClass|string|Operator), IsBlock/IsSigned/IsInteger/IsReal/IsString/IsAnyType, ranges","decompiled\Compiler\_3S\CoDeSys\LanguageModelManager\InternalInterfaces\ITypeTable.cs:7"
interface,_3S.CoDeSys.LanguageModelManager.InternalInterfaces.ITypeTable2,ITypeTable,ReleasedInterface,"_ISafeRealType SafeReal; _ISafeLRealType SafeLReal","adds safety REAL/LREAL builtins (version 2)","decompiled\Compiler\_3S\CoDeSys\LanguageModelManager\InternalInterfaces\ITypeTable2.cs:6"
interface,_3S.CoDeSys.LanguageModelManager.InternalInterfaces.ITypeTable3,ITypeTable2,ReleasedInterface,"GetDirectVariableSizeInBits(DirectVariableSize); IsPartialAccessSupportedType(TypeClass,out int,ICommonScope)","adds direct-variable (AT %..) sizes and partial (bit/byte) access support","decompiled\Compiler\_3S\CoDeSys\LanguageModelManager\InternalInterfaces\ITypeTable3.cs:7"
interface,_3S.CoDeSys.LanguageModelManager.InternalInterfaces._IType,"ICompiledType5,ICompiledType4,ICompiledType3,ICompiledType2,ICompiledType,IType,IArchivable","IsCompiled; Duplicate; GetConstantString(IScope); GetComponent(int,IScope5); GetComponents(IScope5,out bool); Accept(ITypeVisitor); GetNumOfElements(IScope5); SizeChecked(IScope,out bool); ToUpperString","internal compiled-type contract over the public IType","decompiled\Compiler\_3S\CoDeSys\LanguageModelManager\InternalInterfaces\_IType.cs:8"
interface,_3S.CoDeSys.Core.LanguageModel.IType,,,"base marker for all language-model types (Class property comes from ICompiledType/IType)","public type marker","decompiled\Compiler\_3S\CoDeSys\Core\LanguageModel\IType.cs"
interface,_3S.CoDeSys.Core.LanguageModel.ICompiledType,IArchivable,"IsInteger; BaseType; DeRefType; IsCompatible(ICompiledType[,IScope]); IsEqual(ICompiledType[,IScope]); Size(IScope)","public concrete-type contract; conversions go through IsCompatible","decompiled\Compiler\_3S\CoDeSys\Core\LanguageModel\ICompiledType.cs:8"
interface,_3S.CoDeSys.Core.LanguageModel.IUserdefType,IArchivable,"Name(obsolete); SignatureId","user-defined type (STRUCT/FB/union/alias) referencing a signature","decompiled\Compiler\_3S\CoDeSys\Core\LanguageModel\IUserdefType.cs:8"
interface,_3S.CoDeSys.Core.LanguageModel.IEnumType,IArchivable,Name,"enumeration type; members resolved via signature","decompiled\Compiler\_3S\CoDeSys\Core\LanguageModel\IEnumType.cs:7"
interface,_3S.CoDeSys.Core.LanguageModel.IArrayType,IArchivable,"Base; Dimensions","array type; element type + bounds","decompiled\Compiler\_3S\CoDeSys\Core\LanguageModel\IArrayType.cs:7"
interface,_3S.CoDeSys.Core.LanguageModel.IPointerType,IArchivable,Base,"pointer type","decompiled\Compiler\_3S\CoDeSys\Core\LanguageModel\IPointerType.cs"
interface,_3S.CoDeSys.Core.LanguageModel.ISubrangeType,IArchivable,"Lower/Upper border","subrange type (base integer/enum)","decompiled\Compiler\_3S\CoDeSys\Core\LanguageModel\ISubrangeType.cs"
interface,_3S.CoDeSys.Core.LanguageModel.IStructureInitialization,IArchivable,"components/elements","struct/array/interface initializer","decompiled\Compiler\_3S\CoDeSys\Core\LanguageModel\IStructureInitialization.cs"
enum,_3S.CoDeSys.Core.LanguageModel.TypeClass,,ReleasedEnumMember,48 members in fixed order: Bool=0,Bit=1,Byte=2,Word=3,DWord=4,LWord=5,SInt=6,Int=7,DInt=8,LInt=9,USInt=10,UInt=11,UDInt=12,ULInt=13,Real=14,LReal=15,String=16,WString=17,Time=18,Date=19,DateAndTime=20,TimeOfDay=21,Pointer=22,Reference=23,Subrange=24,Enum=25,Array=26,Params=27,Userdef=28,None=29,Any=30,AnyBit=31,AnyDate=32,AnyInt=33,AnyNum=34,AnyReal=35,Lazy=36,LTime=37,BitConst=38,UXInt=39,XWord=40,XInt=41,XString=42,VarLenArray=43,AnyString=44,__Vector=45,LDate=46,LDateAndTime=47,LTimeOfDay=48,"numeric ordering is SEMANTIC: TypeTable uses arithmetic (tc-N) for classification (IsSigned/IsBit/IsNumber/IsAnyType etc.) - do NOT renumber in Rust","decompiled\Compiler\_3S\CoDeSys\Core\LanguageModel\TypeClass.cs:6"
enum,_3S.CoDeSys.Core.LanguageModel.SignatureFlag,,[Flags] long,Structure=1,Enum=2,Alias=4,Global=8,External, NonVirtual,Action,Generated,Union,ImplicitInterfaceUnion,Compiled,SuperGlobal,Typified,Located,PoolSignature,Private,Protected,Internal,Final,InterfaceLibraryObject,SystemNamespaceForced,Abstract,RawSTProperty,RawSTTransition,"signature (POU/type) flags driving visibility and resolution","decompiled\Compiler\_3S\CoDeSys\Core\LanguageModel\SignatureFlag.cs:8"
enum,_3S.CoDeSys.Core.LanguageModel.VarFlag,,[Flags] long,Local=1,Input=2,Output=4,Inout=8,External,ReplacedConstant,Constant,Enum,Alias,Structure,Retain,Persistent,Global,Static,Temp,Implicit,Typified,Generic,"variable flags driving visibility/kind of a declaration","decompiled\Compiler\_3S\CoDeSys\Core\LanguageModel\VarFlag.cs:8"
interface,_3S.CoDeSys.LanguageModelManager.InternalInterfaces._ICompiledPOU,"ICompiledPOU10..ICompiledPOU,ICompiledPOU7","Messages; PrecompileMessages; GetParseTree/SetParseTree; Accept(IExprementVisitor); SignatureId; Checksum; GetFullName(_ICompileContext); Duplicate/CreateCompiledPOU","internal compiled-POU contract","decompiled\Compiler\_3S\CoDeSys\LanguageModelManager\InternalInterfaces\_ICompiledPOU.cs:9"
interface,_3S.CoDeSys.Core.LanguageModel.ICompiledPOU,,"ParseTree; BreakpointList; Name; CompiledCode; SignatureId; ScratchSize; MaxParamSize; GetFlag(CompiledPOUFlags)","public compiled POU","decompiled\Compiler\_3S\CoDeSys\Core\LanguageModel\ICompiledPOU.cs:7"
interface,_3S.CoDeSys.Core.LanguageModel.IScope,,"ISignature this[int]; All; GlobalScope; LocalSignature; Id; Name; GetScopeById; FindVariable; FindSignature; FindDeclaration; Define/Undefine/IsDefined","base scope: name lookup + preprocessor defines","decompiled\Compiler\_3S\CoDeSys\Core\LanguageModel\IScope.cs:7"
interface,_3S.CoDeSys.Core.LanguageModel.IScope2,IScope,"FindSignature(IExpression); FindScope(IExpression)","expression-based lookup","decompiled\Compiler\_3S\CoDeSys\Core\LanguageModel\IScope2.cs:6"
interface,_3S.CoDeSys.Core.LanguageModel.IScope3,"IScope2,IScope",PointerSize,"adds pointer size","decompiled\Compiler\_3S\CoDeSys\Core\LanguageModel\IScope3.cs:6"
interface,_3S.CoDeSys.Core.LanguageModel.IScope4,"IScope3..",GetCompiledPOUById(int),"adds compiled-POU access","decompiled\Compiler\_3S\CoDeSys\Core\LanguageModel\IScope4.cs:6"
interface,_3S.CoDeSys.Core.LanguageModel.IScope5,"IScope4,IScope3,IScope2,IScope","IList<ISignature> this[string]; SystemScope; ApplicationContext; MostLocalSignatureId; MethodSignature; LocalSignature; LocalScope; FindListBeforeVariable; FindVariableGlobal/Local; FindFirstSignature; FindSignatureLocal; CreateLocalScope; SetLocalSignature; InitFriend","full published scope used by code generation","decompiled\Compiler\_3S\CoDeSys\Core\LanguageModel\IScope5.cs:7"
interface,_3S.CoDeSys.LanguageModelManager.InternalInterfaces._IScope,"IScope5,IScope4,IScope3,IScope2,IScope",PoolScope,"internal scope extends published with pool scope","decompiled\Compiler\_3S\CoDeSys\LanguageModelManager\InternalInterfaces\_IScope.cs:7"
interface,_3S.CoDeSys.LanguageModelManager.InternalInterfaces._IScope2,_IScope,CreateLibraryScope(string),"adds library-scope creation","decompiled\Compiler\_3S\CoDeSys\LanguageModelManager\InternalInterfaces\_IScope2.cs:7"
interface,_3S.CoDeSys.LanguageModelManager.InternalInterfaces.ICommonScope,,"PointerSize; IsPrecompileScope; GetSize(IType); FindSignature(IUserdefType|IExpression|IEnumType); GetLiteralValue; IsImplicitConvertable(ISignature,ISignature,ICommonScope); IsEqual(IUserdefType,IUserdefType)","scope surface needed for size/conversion during typification","decompiled\Compiler\_3S\CoDeSys\LanguageModelManager\InternalInterfaces\ICommonScope.cs:7"
interface,_3S.CoDeSys.LanguageModelManager.InternalInterfaces.ICommonScope2,ICommonScope,GetSize(IType,IRecursionGuard),"adds recursion-guarded size","decompiled\Compiler\_3S\CoDeSys\LanguageModelManager\InternalInterfaces\ICommonScope2.cs:7"
interface,_3S.CoDeSys.Core.LanguageModel.IPrecompileScope,,"LocalSignature; FindDeclaration(stIdent,out IVariable,out ISignature,out IPrecompileScope); FindSignatureLocal; FindSignatureGlobal; GlobalScope(); NewLocalScope; GetAllDeclarations","published precompile scope","decompiled\Compiler\_3S\CoDeSys\Core\LanguageModel\IPrecompileScope.cs:7"
interface,_3S.CoDeSys.Core.LanguageModel.IPrecompileScope2,IPrecompileScope,FindSignatureGlobal(IExpression),"expression overload","decompiled\Compiler\_3S\CoDeSys\Core\LanguageModel\IPrecompileScope2.cs:6"
interface,_3S.CoDeSys.Core.LanguageModel.IPrecompileScope3,IPrecompileScope2,"FindSignatureGlobal(IExpression,out string); GetNamespace(string)","namespace-aware lookup","decompiled\Compiler\_3S\CoDeSys\Core\LanguageModel\IPrecompileScope3.cs:6"
interface,_3S.CoDeSys.Core.LanguageModel.IPrecompileScope4,IPrecompileScope3,ApplicationGuid,"application binding","decompiled\Compiler\_3S\CoDeSys\Core\LanguageModel\IPrecompileScope4.cs:7"
interface,_3S.CoDeSys.Core.LanguageModel.IPrecompileScope5,IPrecompileScope4,GetIdentifierInfo(string),"smart-coding access-path info","decompiled\Compiler\_3S\CoDeSys\Core\LanguageModel\IPrecompileScope5.cs:6"
interface,_3S.CoDeSys.Core.LanguageModel.IPrecompileScope6,IPrecompileScope5,GetAllDeclarations(bool,bool),"declaration enumeration","decompiled\Compiler\_3S\CoDeSys\Core\LanguageModel\IPrecompileScope6.cs:6"
interface,_3S.CoDeSys.Core.LanguageModel.IPrecompileScope7,IPrecompileScope6,FindScope(IExpression),"sub-scope resolution","decompiled\Compiler\_3S\CoDeSys\Core\LanguageModel\IPrecompileScope7.cs:6"
interface,_3S.CoDeSys.Core.LanguageModel.IPrecompileScope8,IPrecompileScope7,GetAllDeclarations(EWhichDeclarations),"filtered declaration enumeration","decompiled\Compiler\_3S\CoDeSys\Core\LanguageModel\IPrecompileScope8.cs:7"
interface,_3S.CoDeSys.LanguageModelManager.InternalInterfaces._IPrecompileScope,IPrecompileScope6..8,SetPointerSize(),"internal precompile scope","decompiled\Compiler\_3S\CoDeSys\LanguageModelManager\InternalInterfaces\_IPrecompileScope.cs:7"
interface,_3S.CoDeSys.LanguageModelManager.InternalInterfaces._ISignature,"ISignature7..ISignature","Name; AllVariables; AllInputs; InterfaceExpressions; _BaseSignature; ParentObjectGuid; SignatureId/PrecompileId; LibraryPath; POUType; GetSubSignature(s); SetFlag/HasFlag; GetSearchName(_ICompileContext)","internal signature (POU/type/method/action)","decompiled\Compiler\_3S\CoDeSys\LanguageModelManager\InternalInterfaces\_ISignature.cs:11"
interface,_3S.CoDeSys.Core.LanguageModel.ISignature,,"Name; All; Inputs; etc.","public signature view","decompiled\Compiler\_3S\CoDeSys\Core\LanguageModel\ISignature.cs"
interface,_3S.CoDeSys.LanguageModelManager.InternalInterfaces.ITypeComparer,,"Imitates(TypeClass,TypeClass,...); IsEqual(...); IsImplicitConvertable(...); IsImplicitLiteralConvertable(...); IsCopyable(...); EvaluateAliasAndEnumType(...)","type equality/conversion service contract","decompiled\Compiler\_3S\CoDeSys\LanguageModelManager\InternalInterfaces\ITypeComparer.cs:7"
interface,_3S.CoDeSys.LanguageModelManager.InternalInterfaces._IUserdefType,IUserdefType2/IUserdefType/...,"NameExpression; SignatureId","internal userdef","decompiled\Compiler\_3S\CoDeSys\LanguageModelManager\InternalInterfaces\_IUserdefType.cs"
interface,_3S.CoDeSys.LanguageModelManager.InternalInterfaces._IEnumType,..,SignatureId,"internal enum","decompiled\Compiler\_3S\CoDeSys\LanguageModelManager\InternalInterfaces\_IEnumType.cs"
interface,_3S.CoDeSys.LanguageModelManager.InternalInterfaces._IArrayType,..,Base/Dimensions,"internal array","decompiled\Compiler\_3S\CoDeSys\LanguageModelManager\InternalInterfaces\_IArrayType.cs"
table,_3S.CoDeSys.Compiler35220.Tools.TypeTableClass,"ITypeTable3,ITypeTable2,ITypeTable,ILMTypeService",Singleton,"the ITypeTable implementation (delegates every call to static TypeTable)","decompiled\Compiler35220.plugin\_3S\CoDeSys\Compiler35220\Tools\TypeTableClass.cs:8"
table,_3S.CoDeSys.Compiler35220.Tools.TypeTable,,"static: builtin instances, *_Size consts, Get(string), Get(TypeClass), Get(Operator), GetTypeByOperator, IsBlock/IsSigned/IsLType/IsBoolean/IsBit/IsNumber/IsTimeOrDateType/IsInteger/IsLInteger/IsReal/IsString/IsConcreterType/IsAnyType/IsConcreteType, GetTypeRangeHigh/Low, PointerSize/ReferenceSize/InterfaceSize, GetStaticType, GetCorrespondingSignedType, IsPartialAccessSupportedType","THE core built-in type table logic (sizes, ranges, operator<->type, X-types UXInt/XWord/XInt resolution)","decompiled\Compiler35220.plugin\_3S\CoDeSys\Compiler35220\Tools\TypeTable.cs:10"
table,_3S.CoDeSys.LanguageModelManager.TypeTable,,"internal static facade -> CompilerProxy._TypeTable","LMM-side accessor of the ITypeTable singleton","decompiled\LanguageModelManager.plugin\_3S\CoDeSys\LanguageModelManager\TypeTable.cs:8"
converter,_3S.CoDeSys.LanguageModelManager.TypeComparerProxy,,"_TypeComparer => VersionedCompilerFactory._TypeComparer; IsImplicitConvertable; EvaluateAliasAndEnumType","LMM facade to the versioned ITypeComparer","decompiled\LanguageModelManager.plugin\_3S\CoDeSys\LanguageModelManager\TypeComparerProxy.cs:8"
converter,\u0006.\u0011 (obfuscated) ITypeComparer impl,,created by CompilerServices.CreateTypeComparer (Services\CompilerServices.cs:41),"Imitates(TypeClass..); IsImplicitConvertable; IsImplicitLiteralConvertable; IsCopyable; IsEqual; EvaluateAliasAndEnumType","real conversion/imitation rules (byte<->usint, int promotion, literal fit, pointer/interface)","decompiled\Compiler35220.plugin\-\-.304.cs:14"
resolver,\u001F.\u0010 (obfuscated) overload resolver,,,"selects matching signature(s) by input types; reports Err_NoMatchingOverload (-\-.291.cs:249) / Err_Ambiguity (-\-.291.cs:257); literal/implicit-param checks","overload resolution","decompiled\Compiler35220.plugin\-\-.291.cs:24"
factory,\u0019.\u0003 (obfuscated) LM factory,,,"Builder (_ILanguageModelBuilder7); CreateCompiledPOU/CreateSignature/CreateVariable/CreateDataLocation; static type-instance helpers used by Tools\TypeTable static ctor","object factory behind TypeTable builtins","decompiled\Compiler35220.plugin\-\-.71.cs:14"
factory,_3S.CoDeSys.LanguageModelManager.LanguageModelBuilder,"_ILanguageModelBuilder8.._ILanguageModelBuilder,ILanguageModelBuilder12..","CreateComplexType(string,out IMessage) (:463); CreateUserdefType (:3248); CreateSignature (:136); CreateCompiledPOU (:142); CreateSubrangeType/ArrayType/EnumType/PointerType/BoolType/IntType","concrete factory for every IECType subclass and LM entity","decompiled\LanguageModelManager.plugin\_3S\CoDeSys\LanguageModelManager\LanguageModelBuilder.cs:20"
type,_3S.CoDeSys.LanguageModelManager.IECType,"GenericObject2,_IType,ICompiledType..5,IType,IArchivable",abstract,"base for all concrete types: IsCompiled; EffectiveType; Size(); SizeChecked; IsEqual(Class+ToString for compound); IsCompatible=>TypeComparerProxy.IsImplicitConvertable; ConvertRaw/ConvertToRaw","decompiled\LanguageModelManager.plugin\_3S\CoDeSys\LanguageModelManager\IECType.cs:14"
type,_3S.CoDeSys.LanguageModelManager.UserdefType,IECType/_IUserdefType..,"NameExpression; SignatureId; ScopeId","STRUCT/FB/interface/union/alias references; components via signature; size from signature; ToString special-cases __Union/__PARAMS","decompiled\LanguageModelManager.plugin\_3S\CoDeSys\LanguageModelManager\UserdefType.cs:19"
type,_3S.CoDeSys.LanguageModelManager.EnumType,IECType/_IEnumType..,"Name; SignatureId; _Base (default Int); _DefaultValue","enum: base type + signature of members; ConvertRaw maps int<->member name","decompiled\LanguageModelManager.plugin\_3S\CoDeSys\LanguageModelManager\EnumType.cs:15"
type,_3S.CoDeSys.LanguageModelManager.ArrayType,IECType/_IArrayType2..,"_Base; Dimensions (m_arraydims)","array type incl. multidim; dimension borders are expressions","decompiled\LanguageModelManager.plugin\_3S\CoDeSys\LanguageModelManager\ArrayType.cs:19"
type,_3S.CoDeSys.LanguageModelManager.SubrangeType,IECType/_ISubrangeType..,"lower/upper","subrange over integer/enum base","decompiled\LanguageModelManager.plugin\_3S\CoDeSys\LanguageModelManager\SubrangeType.cs:14"
type,_3S.CoDeSys.LanguageModelManager.PointerType,IECType/_IPointerType2..,Base,"pointer type","decompiled\LanguageModelManager.plugin\_3S\CoDeSys\LanguageModelManager\PointerType.cs:16"
type,_3S.CoDeSys.LanguageModelManager.VariableLengthArrayType,IECType/_IVariableLengthArrayType,,"variable-length array (ARRAY[*])","decompiled\LanguageModelManager.plugin\_3S\CoDeSys\LanguageModelManager\VariableLengthArrayType.cs:15"
type,_3S.CoDeSys.LanguageModelManager.VectorType,IECType/_IVectorType,,"__Vector internal type","decompiled\LanguageModelManager.plugin\_3S\CoDeSys\LanguageModelManager\VectorType.cs:14"
type,_3S.CoDeSys.LanguageModelManager.BoolType,IECType/_IBoolType,,"builtin BOOL","decompiled\LanguageModelManager.plugin\_3S\CoDeSys\LanguageModelManager\BoolType.cs:13"
type,_3S.CoDeSys.LanguageModelManager.IntType,IECType/_IIntType,,"builtin INT","decompiled\LanguageModelManager.plugin\_3S\CoDeSys\LanguageModelManager\IntType.cs:14"
type,_3S.CoDeSys.LanguageModelManager.StringType,IECType/_IStringType,,"STRING","decompiled\LanguageModelManager.plugin\_3S\CoDeSys\LanguageModelManager\StringType.cs:14"
type,_3S.CoDeSys.LanguageModelManager.WStringType,IECType/_IWStringType,,"WSTRING","decompiled\LanguageModelManager.plugin\_3S\CoDeSys\LanguageModelManager\WStringType.cs:14"
type,_3S.CoDeSys.LanguageModelManager.XStringType,IECType/_IXStringType,_IStringType/_IWStringType,,"XSTRING/XWSTRING","decompiled\LanguageModelManager.plugin\_3S\CoDeSys\LanguageModelManager\XStringType.cs:14"
type,_3S.CoDeSys.LanguageModelManager.AnyType,IECType/_IAnyType,,"ANY","decompiled\LanguageModelManager.plugin\_3S\CoDeSys\LanguageModelManager\AnyType.cs:13"
type,_3S.CoDeSys.LanguageModelManager.AnyIntType,IECType/_IAnyIntType,,"ANY_INT (+RangeAwareAnyIntType)","decompiled\LanguageModelManager.plugin\_3S\CoDeSys\LanguageModelManager\AnyIntType.cs:13"
type,_3S.CoDeSys.LanguageModelManager.ParamsType,IECType/_IParamsType,,"ARRAY[*] OF .. params ","decompiled\LanguageModelManager.plugin\_3S\CoDeSys\LanguageModelManager\ParamsType.cs:15"
type,_3S.CoDeSys.LanguageModelManager.GenericUserdefType,UserdefType/IGenericUserdefType,,"generic userdef (GENERIC)","decompiled\LanguageModelManager.plugin\_3S\CoDeSys\LanguageModelManager\GenericUserdefType.cs:17"
type,_3S.CoDeSys.LanguageModelManager.AliasType,UserdefType/_IAliasType,,"ALIAS type","decompiled\LanguageModelManager.plugin\_3S\CoDeSys\LanguageModelManager\AliasType.cs:15"
type,_3S.CoDeSys.LanguageModelManager.ImplicitEnumerationType,IECType/_IEnumType,,"implicit enum of constants","decompiled\LanguageModelManager.plugin\_3S\CoDeSys\LanguageModelManager\ImplicitEnumerationType.cs:13"
type,_3S.CoDeSys.LanguageModelManager.ReferenceType,IECType/_IReferenceType,Base,"REFERENCE TO","decompiled\LanguageModelManager.plugin\_3S\CoDeSys\LanguageModelManager\ReferenceType.cs:14"
type,_3S.CoDeSys.LanguageModelManager.Safe\w+Type,"Bool/Byte/Int/...Type,ISafetyType","Safety (F) variants of builtins","decompiled\LanguageModelManager.plugin\_3S\CoDeSys\LanguageModelManager\Safe*Type.cs"
type,_3S.CoDeSys.LanguageModelManager.Retain\w+Type,"Bool/Byte/SInt/USIntType,ISpecialSizeType","retain-attributed size variants","decompiled\LanguageModelManager.plugin\_3S\CoDeSys\LanguageModelManager\Retain*Type.cs"
type,_3S.CoDeSys.LanguageModelManager.X\w+Type,"DInt/LInt/UDInt/ULInt/DWord/LWordType","X-types (XInt/XWord/XDInt.../UXInt) resolved to fixed-size by pointer width","decompiled\LanguageModelManager.plugin\_3S\CoDeSys\LanguageModelManager\X*Type.cs"
compiledpou,_3S.CoDeSys.LanguageModelManager.CompiledPOU,"GenericObject2,_ICompiledPOU2,_ICompiledPOU,ICompiledPOU..10,ICompiledPOUWithCompactedParseTree,ICompiledPOUWithParseTreeProvider","ParseTreeProvider; Name; SignatureId; Messages; PrecompileMessages; Checksum; GetParseTree/SetParseTree; Duplicate; GetFullName","the ICompiledPOU implementation (parse tree container per POU)","decompiled\LanguageModelManager.plugin\_3S\CoDeSys\LanguageModelManager\CompiledPOU.cs:23"
signature,_3S.CoDeSys.LanguageModelManager.Signature.Signature,"GenericObject2,_ISignature4,_ISignature..","m_htVariables (CaseInsensitiveDictionary, VersionedName); m_alVariables; AllInputs; SubSignatureTable; BaseSignatureId; InterfaceExpressions; GetOverloadedSignatures; GetSearchName","the _ISignature implementation: member lookup by name, sub-signature table, base/interface links","decompiled\LanguageModelManager.plugin\_3S\CoDeSys\LanguageModelManager\Signature\Signature.cs:28"
signature,_3S.CoDeSys.LanguageModelManager.Signature.SubSignatureTable,,"m_htSignatures (CaseInsensitiveHashtable name->sig); _overloads; Add(); GetMangledName `name@type@@`; GetSubSignature; GetOverloadedSignatures; CreateOverloadPlaceholderSignatures","sub-signatures (methods/actions) and overload registry","decompiled\LanguageModelManager.plugin\_3S\CoDeSys\LanguageModelManager\Signature\SubSignatureTable.cs:13"
scope,_3S.CoDeSys.Compiler35220.Scopes.CheckerScope,"ICommonScope2,ICommonScope,_IPrecompileScope,IPrecompileScope..8,IPrecompileScopeWithAliasService","LocalSignature; LocalContext; PoolContext; ApplicationGuid; RootApplicationGuid; PointerSize; IgnoreImplicitEnumMembers; IgnoreActions; LocalScope","THE scope + name/member resolver implementation","decompiled\Compiler35220.plugin\_3S\CoDeSys\Compiler35220\Scopes\CheckerScope.cs:23"
scope,_3S.CoDeSys.Compiler35220.Scopes.SymbolTable,,"ICaseInsensitiveDictionary name->symbol (2 layers); List<_ISignature> properties; priority enum global::\u0011.\u0005","builds precompiled symbol tables with visibility priorities (system/pool/parent-app/visible-libs)","decompiled\Compiler35220.plugin\_3S\CoDeSys\Compiler35220\Scopes\SymbolTable.cs:15"
engine,_3S.CoDeSys.Compiler35220.PreCompile.Typification.SimpleTypeInferrer,"base \u0001.\u0007 (type-inferrer visitor)","Lazies; ResolvedInfo; preferred-type normalization; call-arg inference","infers types of expressions and collects references during precompile","decompiled\Compiler35220.plugin\_3S\CoDeSys\Compiler35220\PreCompile\Typification\SimpleTypeInferrer.cs:23"
engine,_3S.CoDeSys.Compiler35220.PreCompile.Typification.SimpleTypeChecker,,,"operator typing/check (accepts operators, preferred types)","decompiled\Compiler35220.plugin\_3S\CoDeSys\Compiler35220\PreCompile\Typification\SimpleTypeChecker.cs"
engine,_3S.CoDeSys.Compiler35220.PreCompile.Typification.PreCompileTypifier,,,"drives SimpleTypeInferrer/Checker over parse tree","decompiled\Compiler35220.plugin\_3S\CoDeSys\Compiler35220\PreCompile\Typification\PreCompileTypifier.cs"
facade,_3S.CoDeSys.LanguageModelManager.CompilerProxy,,"internal static ITypeTable _TypeTable (:61); _ICheckerThread GetCheckerThread (:223); CreatePrecompileScope(...)","service locator that selects versioned implementation via VersionedCompilerFactory","decompiled\LanguageModelManager.plugin\_3S\CoDeSys\LanguageModelManager\CompilerProxy.cs:61"
note,LanguageModelManagerConfigurators.plugin,,,"NOT a type system: 65 UI/options classes (CompileProperties, WarningOptions, ProjectGlobalDefines, BuildProperties, version selection)","decompiled\LanguageModelManagerConfigurators.plugin\ (65 .cs)"
note,LanguageModelManagerLegacy.plugin,,,"NOT a type system: 4 classes (APEnvironment, DependencyBag, LanguageModelManagerLegacy)","decompiled\LanguageModelManagerLegacy.plugin\ (4 .cs)"
note,Core.dll,,,"0 managed types (native/resource module) - decompiler produced no .cs; not a source of ITypeTable/IScope","binaries\Core.dll; decompiled\Core\ (empty)"
type,_3S.CoDeSys.LanguageModelManager.BitConstType,BitType,Class=TypeClass.BitConst,"type of a bare bit constant (BOOL#0/BOOL#1)","decompiled\LanguageModelManager.plugin\_3S\CoDeSys\LanguageModelManager\BitConstType.cs:13"
type,_3S.CoDeSys.LanguageModelManager.DirectAdressBitType,BoolType,Class=TypeClass.Bool,"BOOL used for direct-address bits (AT %..X)","decompiled\LanguageModelManager.plugin\_3S\CoDeSys\LanguageModelManager\DirectAdressBitType.cs:13"
type,_3S.CoDeSys.LanguageModelManager.Bool16Type,RetainBoolType,Class=TypeClass.Bool,"16-bit retain BOOL (BOOL16)","decompiled\LanguageModelManager.plugin\_3S\CoDeSys\LanguageModelManager\Bool16Type.cs:13"
type,_3S.CoDeSys.LanguageModelManager.AnyBitButBoolIsPreferred,AnyBitType,Class=TypeClass.AnyBit,"ANY_BIT formal parameter that prefers BOOL when resolving overloads","decompiled\LanguageModelManager.plugin\_3S\CoDeSys\LanguageModelManager\AnyBitButBoolIsPreferred.cs:13"
type,_3S.CoDeSys.LanguageModelManager.RangeAwareAnyIntType,AnyIntType,"MaxValue; MinValue; _integerTypes; ResolveIntegerType()","ANY_INT literal carrying min/max; picks smallest int type that fits","decompiled\LanguageModelManager.plugin\_3S\CoDeSys\LanguageModelManager\RangeAwareAnyIntType.cs:15"
type,_3S.CoDeSys.LanguageModelManager.ImplicitReferenceType,ReferenceType,_Base,"implicit REFERENCE TO (auto-deref for by-ref args)","decompiled\LanguageModelManager.plugin\_3S\CoDeSys\LanguageModelManager\ImplicitReferenceType.cs:13"
type,_3S.CoDeSys.LanguageModelManager.InOutReferenceType,ReferenceType,_Base,"VAR_IN_OUT data reference","decompiled\LanguageModelManager.plugin\_3S\CoDeSys\LanguageModelManager\InOutReferenceType.cs:13"
type,_3S.CoDeSys.LanguageModelManager.LazyType,IECType,Class=TypeClass.Lazy,"deferred/lazy type resolved later","decompiled\LanguageModelManager.plugin\_3S\CoDeSys\LanguageModelManager\LazyType.cs:13"
type,_3S.CoDeSys.LanguageModelManager.ImplicitEnumerationType,IECType,"_edeclliststatement; _stImplicitName; SignatureId","inline (a;b;c) enumeration; Class=Enum","decompiled\LanguageModelManager.plugin\_3S\CoDeSys\LanguageModelManager\ImplicitEnumerationType.cs:13"
interface,_3S.CoDeSys.Core.LanguageModel.ISafetyType,,ReleasedInterface,"marker for F-variant (Safe*) types","decompiled\Compiler\_3S\CoDeSys\Core\LanguageModel\ISafetyType.cs:6"
interface,_3S.CoDeSys.LanguageModelManager.InternalInterfaces.ISpecialSizeType,,,"CompatibilitySize; CodegeneratorType - retain/special-size marker (Bool16/Retain*)","decompiled\Compiler\_3S\CoDeSys\LanguageModelManager\InternalInterfaces\ISpecialSizeType.cs:7"
interface,_3S.CoDeSys.LanguageModelManager.InternalInterfaces.ITypeWithRecursiveTypeCheck,,,"recursion guard for compound types (Array/String/WString/XString/Vector)","decompiled\Compiler\_3S\CoDeSys\LanguageModelManager\InternalInterfaces\ITypeWithRecursiveTypeCheck.cs:7"
parser,CODESYS.Parser35210.Declaration.TypeParser,_ILanguageModelBuilder6,"TypeTable.Get(Operator); CreateSubrangeType; CreatePointerType; CreateReferenceType; CreateXStringType; CreateWStringType; CreateStringType; CreateVectorType; CreateArrayType; CreateVariableLengthArrayType; CreateParamsType; CreateImplicitEnumerationType; CreateUserdefType; CreateGenericUserdefType","maps ST type syntax to builder factories (the only place ST type keywords become IECType objects)","decompiled\Parser35210.plugin\CODESYS\Parser35210\Declaration\TypeParser.cs:12"
factory,_3S.CoDeSys.LanguageModelManager.LanguageModelBuilder Create*Type,,83 distinct Create*Type methods (:457-:3930),"one factory method per concrete IECType class (+CreateSimpleType/CreateComplexType dispatchers); count matches 83 concrete classes","decompiled\LanguageModelManager.plugin\_3S\CoDeSys\LanguageModelManager\LanguageModelBuilder.cs:457"
note,STRUCT/UNION/FB/INTERFACE/METHOD,,,"are NOT separate IECType classes: represented by UserdefType (Class=Userdef) referencing a Signature carrying SignatureFlag.Structure/Union/Global/Abstract; methods/actions live in SubSignatureTable","decompiled\LanguageModelManager.plugin\_3S\CoDeSys\LanguageModelManager\UserdefType.cs:19; Signature\Signature.cs; Signature\SubSignatureTable.cs"
note,name-variants,,"RangeType=SubrangeType; EnumerationType=EnumType; GenericType=GenericUserdefType; StructureType/UnionType/FunctionBlockType/InterfaceType/MethodType = no dedicated class (see UserdefType/Signature)","no classes named RangeType/EnumerationType/StructureType/UnionType/FunctionBlockType/InterfaceType/MethodType/GenericType exist in decompiled tree","decompiled\ (grep: 0 hits)"
