x_type,keyword,operator_code,created_by,registered_in,conversion_ops,compat_with_parent
XIntType,__XINT,237,"LanguageModelBuilder.CreateXIntType (decompiled\LanguageModelManager.plugin\_3S\CoDeSys\LanguageModelManager\LanguageModelBuilder.cs:3602)","Compiler35220.Tools.TypeTable.Get(Operator.__XInt) (decompiled\Compiler35220.plugin\_3S\CoDeSys\Compiler35220\Tools\TypeTable.cs:1376); static field (TypeTable.cs:25)","__XINT_TO_<T>, <T>_TO___XINT, TO___XINT, ANY_TO___XINT (generated: Parser35220.plugin\CODESYS\Parser35220\Scanner\OperatorTable.cs:708-747)","Class=TypeClass.XInt own (XIntType.cs:23-29); ToString=""__XINT""; implicit-convertible only to X-family/Pointer (ITypeComparer impl \-\-.304.cs:1246-1254); compile-resolved to XDInt(ptr4)/XLInt(ptr8) (TypeCompiler.cs:682-690); NOT DINT-equal"
XWordType,__XWORD,231,"LanguageModelBuilder.CreateXWordType (LanguageModelBuilder.cs:3608)","TypeTable.Get(Operator.__XWord) (TypeTable.cs:1372); static field (TypeTable.cs:26)","__XWORD_TO_<T>, <T>_TO___XWORD, TO___XWORD, ANY_TO___XWORD (OperatorTable.cs:708-747)","Class=TypeClass.XWord own (XWordType.cs:13); ToString=""__XWORD""; X-family/Pointer only; compile-resolved to XDWord(ptr4)/XLWord(ptr8) (TypeCompiler.cs:693-701)"
UXIntType,__UXINT,232,"LanguageModelBuilder.CreateUXIntType (LanguageModelBuilder.cs:3596)","TypeTable.Get(Operator.__UXInt) (TypeTable.cs:1374); static field (TypeTable.cs:24)","__UXINT_TO_<T>, <T>_TO___UXINT, TO___UXINT, ANY_TO___UXINT (OperatorTable.cs:708-747)","Class=TypeClass.UXInt own (UXIntType.cs:13); pointer-sized resolver TypeTable.ResolveUXIntType (TypeTable.cs:195-202); compile-resolved to XUDInt(ptr4)/XULInt(ptr8) (TypeCompiler.cs:722-730)"
XStringType,__XSTRING,243,"LanguageModelBuilder.CreateXStringtype (LanguageModelBuilder.cs:1984)","TypeTable.Get(Operator.__XString) (TypeTable.cs:1384); static field (TypeTable.cs:62)","__XSTRING_TO_<T>, <T>_TO___XSTRING, TO___XSTRING (OperatorTable.cs:708-747); literal prefix __XSTRING# (InternalScanner.cs:1473)","Class=TypeClass.XString own (XStringType.cs:14); implements IStringType+IWStringType (narrow+wide); parsed by TypeParser.ParseXStringType (Parser35220 TypeParser.cs:480); compile-resolved to WString, or String if NO_UNICODE_SUPPORT (TypeCompiler.cs:733-745)"
XDIntType,(no source keyword),none/inherited DInt,"LanguageModelBuilder.CreateXDIntType (LanguageModelBuilder.cs:3476)","static field TypeTable.XDInt (TypeTable.cs:31); deserializer \-\-.29.cs:117-118; property ITypeTable.XDInt (LanguageModelManager TypeTable.cs:752)","inherits conversions of DInt via Operator/TypeClass.DInt","Inherits DIntType (XDIntType.cs:13); Class=TypeClass.DInt (inherited); created by compiler from __XINT when PointerSize==4 (TypeCompiler.cs:682-690); IsResolvedXType=true (TypeTable.cs:205-208)"
XDWordType,(no source keyword),none/inherited DWord,"LanguageModelBuilder.CreateXDWordType (LanguageModelBuilder.cs:3464)","static field TypeTable.XDWord (TypeTable.cs:27); deserializer \-\-.29.cs:103-104; property (LanguageModelManager TypeTable.cs:762)","inherits conversions of DWord","Inherits DWordType (XDWordType.cs:13); Class=TypeClass.DWord (inherited); from __XWORD ptr4 (TypeCompiler.cs:693-701); IsResolvedXType=true"
XLIntType,(no source keyword),none/inherited LInt,"LanguageModelBuilder.CreateXLIntType (LanguageModelBuilder.cs:3626)","static field TypeTable.XLInt (TypeTable.cs:32); deserializer \-\-.29.cs:119-120; property (LanguageModelManager TypeTable.cs:782)","inherits conversions of LInt","Inherits LIntType (XLIntType.cs:13); Class=TypeClass.LInt (inherited); from __XINT ptr8 (TypeCompiler.cs:682-690); IsResolvedXType=true"
XLWordType,(no source keyword),none/inherited LWord,"LanguageModelBuilder.CreateXLWordType (LanguageModelBuilder.cs:3470)","static field TypeTable.XLWord (TypeTable.cs:28); deserializer \-\-.29.cs:105-106; property (LanguageModelManager TypeTable.cs:792)","inherits conversions of LWord","Inherits LWordType (XLWordType.cs:13); Class=TypeClass.LWord (inherited); from __XWORD ptr8 (TypeCompiler.cs:693-701); IsResolvedXType=true"
XUDIntType,(no source keyword),none/inherited UDInt,"LanguageModelBuilder.CreateXUDIntType (LanguageModelBuilder.cs:3614)","static field TypeTable.XUDInt (TypeTable.cs:29); deserializer \-\-.29.cs:121-122; property (LanguageModelManager TypeTable.cs:812)","inherits conversions of UDInt","Inherits UDIntType (XUDIntType.cs:13); Class=TypeClass.UDInt (inherited); from __UXINT ptr4 (TypeCompiler.cs:722-730); IsResolvedXType=true"
XULIntType,(no source keyword),none/inherited ULInt,"LanguageModelBuilder.CreateXULIntType (LanguageModelBuilder.cs:3620)","static field TypeTable.XULInt (TypeTable.cs:30); deserializer \-\-.29.cs:123-124; property (LanguageModelManager TypeTable.cs:822)","inherits conversions of ULInt","Inherits ULIntType (XULIntType.cs:13); Class=TypeClass.ULInt (inherited); from __UXINT ptr8 (TypeCompiler.cs:722-730); IsResolvedXType=true"
