x_class,base_class,type_class,st_keyword,bit_width,signed,key_fields,overrides,parent_equiv,source_file:line
XIntType,IECType,TypeClass.XInt (override),__XINT,ptr(32/64),signed,(none),ToString;Class;Accept;CanConvertRaw=>false;ConvertRaw=>null;CanConvertToRaw=>false;ConvertToRaw=>null,__XINT->DINT(ptr4)|LINT(ptr8),decompiled\LanguageModelManager.plugin\_3S\CoDeSys\LanguageModelManager\XIntType.cs:13
XWordType,IECType,TypeClass.XWord (override),__XWORD,ptr(32/64),unsigned,(none),ToString;Class;Accept;CanConvertRaw=>false;ConvertRaw=>null;CanConvertToRaw=>false;ConvertToRaw=>null,__XWORD->DWORD(ptr4)|LWORD(ptr8),decompiled\LanguageModelManager.plugin\_3S\CoDeSys\LanguageModelManager\XWordType.cs:13
UXIntType,IECType,TypeClass.UXInt (override),__UXINT,ptr(32/64),unsigned,(none),ToString;Class;Accept;CanConvertRaw=>false;ConvertRaw=>null;CanConvertToRaw=>false;ConvertToRaw=>null,__UXINT->UDINT(ptr4)|ULINT(ptr8),decompiled\LanguageModelManager.plugin\_3S\CoDeSys\LanguageModelManager\UXIntType.cs:13
XDIntType,DIntType,TypeClass.DInt (inherited),(none - internal),32,signed,(none),Accept(ITypeVisitor3),DINT,decompiled\LanguageModelManager.plugin\_3S\CoDeSys\LanguageModelManager\XDIntType.cs:13
XDWordType,DWordType,TypeClass.DWord (inherited),(none - internal),32,unsigned,(none),Accept(ITypeVisitor3),DWORD,decompiled\LanguageModelManager.plugin\_3S\CoDeSys\LanguageModelManager\XDWordType.cs:13
XLIntType,LIntType,TypeClass.LInt (inherited),(none - internal),64,signed,(none),Accept,LINT,decompiled\LanguageModelManager.plugin\_3S\CoDeSys\LanguageModelManager\XLIntType.cs:13
XLWordType,LWordType,TypeClass.LWord (inherited),(none - internal),64,unsigned,(none),Accept(ITypeVisitor3),LWORD,decompiled\LanguageModelManager.plugin\_3S\CoDeSys\LanguageModelManager\XLWordType.cs:13
XUDIntType,UDIntType,TypeClass.UDInt (inherited),(none - internal),32,unsigned,(none),Accept,UDINT,decompiled\LanguageModelManager.plugin\_3S\CoDeSys\LanguageModelManager\XUDIntType.cs:13
XULIntType,ULIntType,TypeClass.ULInt (inherited),(none - internal),64,unsigned,(none),Accept,ULINT,decompiled\LanguageModelManager.plugin\_3S\CoDeSys\LanguageModelManager\XULIntType.cs:13
XStringType,IECType,TypeClass.XString (override),__XSTRING,variable(length expr),n/a(string),m_expSize,ToString;Class;Accept;Length/LengthExpression;CanConvertRaw=>false;ConvertRaw=>null;CanConvertToRaw=>false;ConvertToRaw=>null,STRING|WSTRING(both _IStringType & _IWStringType),decompiled\LanguageModelManager.plugin\_3S\CoDeSys\LanguageModelManager\XStringType.cs:14
