x_type,kind,st_keyword,operator_code,operator_text,operator_text_evidence,class,raw_size_bytes,resolved_target,resolved_size_formula,size_evidence,signed,signedness_evidence
XIntType,unresolved X,__XINT,237,__XINT,"Parser35220.plugin\CODESYS\Parser35220\Scanner\OperatorTable.cs:640 (IL AddDataTypeNames: ldstr ""__XINT""; ldc.i4 237)",XInt,-1,"XDInt (PointerSize==4) / XLInt (PointerSize==8)","4 (ptr4) / 8 (ptr8) via inherited DInt/LInt Class","Compiler35220\...\Tools\TypeTable.cs:762-820 (GetSize2, no XInt case -> -1); TypeCompiler.cs:682-690",true,"TypeTable.IsSigned IL (0x06000740): TypeClass.XInt(41) -> true"
XWordType,unresolved X,__XWORD,231,__XWORD,"Parser35220.plugin\CODESYS\Parser35220\Scanner\OperatorTable.cs:638 (IL AddDataTypeNames: ldstr ""__XWORD""; ldc.i4 231)",XWord,-1,"XDWord (ptr4) / XLWord (ptr8)","4 / 8 via inherited DWord/LWord Class",same as above; TypeCompiler.cs:693-701,false,"IsSigned IL: XWord(40) -> false"
UXIntType,unresolved X,__UXINT,232,__UXINT,"Parser35220.plugin\CODESYS\Parser35220\Scanner\OperatorTable.cs:639 (IL AddDataTypeNames: ldstr ""__UXINT""; ldc.i4 232)",UXInt,-1,"XUDInt (ptr4) / XULInt (ptr8)","4 / 8 via inherited UDInt/ULInt Class",same as above; TypeCompiler.cs:722-730,false,"IsSigned IL: UXInt(39) -> false"
XStringType,unresolved X,__XSTRING,243,__XSTRING,"Parser35220.plugin\CODESYS\Parser35220\Scanner\OperatorTable.cs:645 (IL AddDataTypeNames: ldstr ""__XSTRING""; ldc.i4 243)",XString,-1,"WStringType by default; StringType if NO_UNICODE_SUPPORT","WString: (n+1)*2 bytes (default 162); String: n+1 bytes (default 81); n = TypeHelper.GetInt(m_expSize)","TypeCompiler.cs:733-745; WStringType.cs:165-181; StringType.cs:111-150; CompilerConstants.cs:8,10",n/a,"IsSigned IL: XString(42) -> false (not numeric)"
XDIntType,resolved X,(none),inherited DInt,"DINT","inherited ToString via TypeTable.GetOperatorByType(TypeClass.DInt)",DInt,4,DINT,4,"TypeTable.cs:783-784; TypeTableClass/TypeTable field",true,"IsSigned IL: DInt(8) -> true"
XDWordType,resolved X,(none),inherited DWord,"DWORD",same,DWord,4,DWORD,4,"TypeTable.cs:775-776",false,"IsSigned IL: DWord(4) -> false"
XLIntType,resolved X,(none),inherited LInt,"LINT",same,LInt,8,LINT,8,"TypeTable.cs:785-786",true,"IsSigned IL: LInt(9) -> true"
XLWordType,resolved X,(none),inherited LWord,"LWORD",same,LWord,8,LWORD,8,"TypeTable.cs:777-778",false,"IsSigned IL: LWord(5) -> false"
XUDIntType,resolved X,(none),inherited UDInt,"UDINT",same,UDInt,4,UDINT,4,"TypeTable.cs:791-792",false,"IsSigned IL: UDInt(12) -> false"
XULIntType,resolved X,(none),inherited ULInt,"ULINT",same,ULInt,8,ULINT,8,"TypeTable.cs:793-794",false,"IsSigned IL: ULInt(13) -> false"
__XAdd,operator (not a type),__XADD,253,__XADD,"Parser35220.plugin\CODESYS\Parser35220\Scanner\OperatorTable.cs:693 (IL AddSpecialOperators: ldstr ""__XADD""; ldc.i4 253)",n/a,n/a,n/a,n/a,"SimpleTypeChecker.cs:2336; LegacyQualifiedExpressionTextVisitor.cs:182",n/a,n/a
